;FLAVOR:Marlin
;TIME:8052
;Filament used: 6.54212m
;Layer height: 0.2
;MINX:81.9
;MINY:1.039
;MINZ:0.2
;MAXX:138.101
;MAXY:218.7
;MAXZ:30
;Generated with Cura_SteamEngine 5.4.0
M82 ;absolute extrusion mode
; Ender 3 Custom Start G-code
G92 E0 ; Reset Extruder
G28 ; Home all axes
M104 S175 ; Start heating up the nozzle most of the way
M190 S60 ; Start heating the bed, wait until target temperature reached
M109 S200 ; Finish heating the nozzle
G1 Z2.0 F3000 ; Move Z Axis up little to prevent scratching of Heat Bed
G1 X0.1 Y20 Z0.3 F5000.0 ; Move to start position
G1 X0.1 Y200.0 Z0.3 F1500.0 E15 ; Draw the first line
G1 X0.4 Y200.0 Z0.3 F5000.0 ; Move to side a little
G1 X0.4 Y20 Z0.3 F1500.0 E30 ; Draw the second line
G92 E0 ; Reset Extruder
G1 Z2.0 F3000 ; Move Z Axis up little to prevent scratching of Heat Bed
G1 X5 Y20 Z0.3 F5000.0 ; Move over to prevent blob squish
G92 E0
G92 E0
G1 F1500 E-6.5
;LAYER_COUNT:150
;LAYER:0
M107
G0 F6000 X82.118 Y12.364 Z0.2
;TYPE:SKIRT
G1 F1500 E0
G1 F1200 X82.349 Y11.417 E0.03242
G1 X82.662 Y10.496 E0.06477
G1 X83.056 Y9.604 E0.09721
G1 X83.527 Y8.751 E0.12962
G1 X84.053 Y7.97 E0.16093
G1 X84.833 Y7.024 E0.20171
G1 X85.263 Y6.57 E0.22251
G1 X87.218 Y4.611 E0.31456
G1 X87.716 Y4.128 E0.33764
G1 X88.459 Y3.473 E0.37058
G1 X89.214 Y2.915 E0.40181
G1 X90.076 Y2.389 E0.43539
G1 X90.948 Y1.959 E0.46773
G1 X91.789 Y1.63 E0.49777
G1 X92.793 Y1.34 E0.53253
G1 X93.749 Y1.153 E0.56492
G1 X94.719 Y1.053 E0.59736
G1 X95.699 Y1.039 E0.62996
G1 X96.793 Y1.126 E0.66646
G1 X98.122 Y1.305 E0.71106
G1 X100.65 Y1.608 E0.79574
G1 X103.137 Y1.836 E0.87881
G1 X105.653 Y1.995 E0.96266
G1 X108.193 Y2.084 E1.04719
G1 X110.685 Y2.1 E1.13008
G1 X113.231 Y2.045 E1.21478
G1 X115.716 Y1.921 E1.29753
G1 X118.237 Y1.723 E1.38164
G1 X120.73 Y1.455 E1.46503
G1 X122.354 Y1.232 E1.51955
G1 X123.311 Y1.113 E1.55163
G1 X124.283 Y1.039 E1.58405
G1 X125.256 Y1.052 E1.61642
G1 X126.225 Y1.15 E1.64881
G1 X127.182 Y1.333 E1.68122
G1 X128.118 Y1.6 E1.71359
G1 X129.026 Y1.949 E1.74594
G1 X129.903 Y2.377 E1.7784
G1 X130.707 Y2.862 E1.80963
G1 X131.516 Y3.454 E1.84297
G1 X132.136 Y3.988 E1.87019
G1 X132.564 Y4.396 E1.88986
G1 X134.398 Y6.226 E1.97603
G1 X135.006 Y6.852 E2.00505
G1 X135.606 Y7.527 E2.03509
G1 X136.229 Y8.367 E2.06987
G1 X136.717 Y9.168 E2.10107
G1 X137.165 Y10.073 E2.13466
G1 X137.515 Y10.982 E2.16705
G1 X137.784 Y11.917 E2.19941
G1 X137.971 Y12.873 E2.23181
G1 X138.071 Y13.824 E2.26362
G1 X138.09 Y14.314 E2.27993
G1 X138.099 Y14.885 E2.29892
G1 X138.101 Y53.799 E3.59321
G1 X138.088 Y54.697 E3.62308
G1 X138.03 Y55.672 E3.65556
G1 X137.883 Y56.633 E3.6879
G1 X137.653 Y57.58 E3.72031
G1 X137.34 Y58.502 E3.7527
G1 X136.952 Y59.385 E3.78477
G1 X136.62 Y60.004 E3.80814
G1 X136.122 Y60.866 E3.84125
G1 X135.603 Y61.735 E3.87491
G1 X134.396 Y63.902 E3.95741
G1 X133.222 Y66.154 E4.04188
G1 X132.118 Y68.425 E4.12587
G1 X131.077 Y70.729 E4.20996
G1 X130.116 Y73.03 E4.2929
G1 X129.197 Y75.419 E4.37803
G1 X128.384 Y77.725 E4.45936
G1 X127.599 Y80.171 E4.5448
G1 X126.902 Y82.567 E4.62779
G1 X126.262 Y85.03 E4.71243
G1 X125.703 Y87.466 E4.79556
G1 X125.207 Y89.937 E4.87939
G1 X124.788 Y92.393 E4.96225
G1 X124.43 Y94.902 E5.04655
G1 X124.151 Y97.371 E5.12919
G1 X123.933 Y99.919 E5.21425
G1 X123.793 Y102.415 E5.29739
G1 X123.721 Y104.964 E5.38221
G1 X123.712 Y106.281 E5.42601
G1 X123.731 Y186.737 E8.10199
G1 X123.769 Y189.316 E8.18778
G1 X123.877 Y191.87 E8.2728
G1 X124.055 Y194.4 E8.35716
G1 X124.078 Y194.945 E8.3753
G1 X124.1 Y196.222 E8.41778
G1 X124.099 Y199.437 E8.52471
G1 X124.089 Y200.162 E8.54883
G1 X124.062 Y200.765 E8.5689
G1 X123.988 Y201.799 E8.60338
G1 X123.896 Y202.869 E8.6391
G1 X123.759 Y205.36 E8.72208
G1 X123.684 Y208.031 E8.81095
G1 X123.611 Y209.001 E8.8433
G1 X123.453 Y209.963 E8.87573
G1 X123.23 Y210.838 E8.90576
G1 X122.882 Y211.823 E8.94051
G1 X122.477 Y212.708 E8.97288
G1 X121.995 Y213.554 E9.00526
G1 X121.44 Y214.356 E9.0377
G1 X120.863 Y215.051 E9.06774
G1 X120.127 Y215.793 E9.10251
G1 X119.381 Y216.419 E9.1349
G1 X118.584 Y216.975 E9.16722
G1 X117.74 Y217.462 E9.19963
G1 X116.921 Y217.843 E9.22967
G1 X115.938 Y218.198 E9.26443
G1 X115.031 Y218.436 E9.29562
G1 X114.033 Y218.606 E9.32929
G1 X112.997 Y218.685 E9.36385
G1 X112.339 Y218.699 E9.38574
G1 X107.955 Y218.7 E9.53155
G1 X107.129 Y218.688 E9.55903
G1 X106.158 Y218.629 E9.59138
G1 X105.195 Y218.483 E9.62378
G1 X104.247 Y218.253 E9.65622
G1 X103.391 Y217.965 E9.68626
G1 X102.435 Y217.547 E9.72097
G1 X101.584 Y217.077 E9.7533
G1 X100.833 Y216.575 E9.78334
G1 X100.019 Y215.918 E9.81814
G1 X99.32 Y215.24 E9.85053
G1 X98.683 Y214.503 E9.88293
G1 X98.113 Y213.713 E9.91533
G1 X97.65 Y212.937 E9.94538
G1 X97.198 Y211.996 E9.9801
G1 X96.857 Y211.084 E10.01249
G1 X96.598 Y210.146 E10.04485
G1 X96.42 Y209.177 E10.07762
G1 X96.322 Y207.96 E10.11823
G1 X96.295 Y206.851 E10.15513
G1 X96.197 Y204.32 E10.23937
G1 X95.948 Y200.8 E10.35674
G1 X95.913 Y200.199 E10.37676
G1 X95.9 Y199.576 E10.39749
G1 X95.901 Y195.779 E10.52378
G1 X95.911 Y195.058 E10.54776
G1 X95.941 Y194.417 E10.5691
G1 X96.055 Y192.902 E10.61963
G1 X96.201 Y190.36 E10.70432
G1 X96.276 Y187.765 E10.79067
G1 X96.286 Y186.424 E10.83527
G1 X96.295 Y106.267 E13.5013
G1 X96.258 Y103.665 E13.58785
G1 X96.151 Y101.133 E13.67214
G1 X95.974 Y98.644 E13.75514
G1 X95.727 Y96.149 E13.83853
G1 X95.408 Y93.659 E13.92202
G1 X95.016 Y91.153 E14.00638
G1 X94.556 Y88.677 E14.09015
G1 X94.03 Y86.235 E14.17323
G1 X93.43 Y83.791 E14.25693
G1 X92.753 Y81.321 E14.34211
G1 X92.032 Y78.972 E14.42384
G1 X91.213 Y76.541 E14.50916
G1 X90.346 Y74.19 E14.5925
G1 X89.411 Y71.864 E14.67588
G1 X88.398 Y69.534 E14.76039
G1 X87.342 Y67.282 E14.84311
G1 X86.193 Y65 E14.92809
G1 X85.015 Y62.818 E15.01056
G1 X83.38 Y60.001 E15.1189
G1 X82.931 Y59.136 E15.15131
G1 X82.56 Y58.235 E15.18372
G1 X82.272 Y57.305 E15.2161
G1 X82.066 Y56.354 E15.24847
G1 X81.945 Y55.395 E15.28061
G1 X81.912 Y54.704 E15.30362
G1 X81.9 Y53.952 E15.32864
G1 X81.901 Y15.036 E16.62299
G1 X81.913 Y14.299 E16.64751
G1 X81.972 Y13.327 E16.67989
G1 X82.118 Y12.364 E16.71229
G0 F6000 X82.507 Y12.458
G1 F1200 X82.728 Y11.545 E16.74353
G1 X83.028 Y10.657 E16.77471
G1 X83.406 Y9.797 E16.80595
G1 X83.859 Y8.974 E16.8372
G1 X84.362 Y8.224 E16.86723
G1 X85.124 Y7.299 E16.90709
G1 X85.546 Y6.853 E16.92752
G1 X87.497 Y4.898 E17.01938
G1 X87.981 Y4.428 E17.04182
G1 X88.697 Y3.795 E17.07361
G1 X89.452 Y3.237 E17.10483
G1 X90.253 Y2.748 E17.13604
G1 X91.094 Y2.332 E17.16725
G1 X91.935 Y2.003 E17.19729
G1 X92.87 Y1.732 E17.22966
G1 X93.791 Y1.551 E17.26088
G1 X94.725 Y1.453 E17.29212
G1 X95.667 Y1.438 E17.32345
G1 X96.761 Y1.525 E17.35996
G1 X98.074 Y1.702 E17.40402
G1 X100.602 Y2.005 E17.4887
G1 X103.108 Y2.235 E17.5724
G1 X105.639 Y2.395 E17.65675
G1 X108.179 Y2.484 E17.74129
G1 X110.691 Y2.5 E17.82484
G1 X113.251 Y2.445 E17.91
G1 X115.736 Y2.321 E17.99276
G1 X118.278 Y2.121 E18.07757
G1 X120.773 Y1.853 E18.16103
G1 X122.404 Y1.629 E18.21578
G1 X123.342 Y1.512 E18.24722
G1 X124.278 Y1.439 E18.27845
G1 X125.216 Y1.45 E18.30965
G1 X126.15 Y1.543 E18.34087
G1 X127.073 Y1.718 E18.37211
G1 X127.975 Y1.974 E18.4033
G1 X128.851 Y2.309 E18.43449
G1 X129.696 Y2.72 E18.46575
G1 X130.5 Y3.205 E18.49698
G1 X131.255 Y3.757 E18.52808
G1 X131.86 Y4.278 E18.55464
G1 X132.281 Y4.679 E18.57398
G1 X134.111 Y6.505 E18.65996
G1 X134.707 Y7.118 E18.6884
G1 X135.307 Y7.793 E18.71844
G1 X135.887 Y8.575 E18.75082
G1 X136.375 Y9.376 E18.78201
G1 X136.792 Y10.218 E18.81327
G1 X137.131 Y11.093 E18.84448
G1 X137.392 Y11.994 E18.87568
G1 X137.573 Y12.915 E18.90689
G1 X137.671 Y13.84 E18.93783
G1 X137.69 Y14.32 E18.95381
G1 X137.699 Y14.885 E18.9726
G1 X137.701 Y53.794 E20.26672
G1 X137.689 Y54.674 E20.29599
G1 X137.634 Y55.612 E20.32725
G1 X137.494 Y56.539 E20.35843
G1 X137.274 Y57.452 E20.38966
G1 X136.974 Y58.341 E20.42087
G1 X136.599 Y59.196 E20.45192
G1 X136.274 Y59.804 E20.47485
G1 X135.779 Y60.661 E20.50777
G1 X135.26 Y61.53 E20.54143
G1 X134.041 Y63.717 E20.62471
G1 X132.867 Y65.969 E20.70918
G1 X131.758 Y68.25 E20.79354
G1 X130.713 Y70.564 E20.87798
G1 X129.747 Y72.876 E20.96132
G1 X128.824 Y75.275 E21.04682
G1 X128.007 Y77.592 E21.12853
G1 X127.218 Y80.049 E21.21436
G1 X126.518 Y82.455 E21.2977
G1 X125.875 Y84.929 E21.38272
G1 X125.313 Y87.376 E21.46623
G1 X124.815 Y89.858 E21.55043
G1 X124.392 Y92.336 E21.63404
G1 X124.034 Y94.845 E21.71833
G1 X123.752 Y97.337 E21.80175
G1 X123.535 Y99.885 E21.8868
G1 X123.393 Y102.404 E21.97071
G1 X123.321 Y104.953 E22.05553
G1 X123.312 Y106.278 E22.0996
G1 X123.331 Y186.737 E24.77568
G1 X123.369 Y189.333 E24.86203
G1 X123.477 Y191.887 E24.94705
G1 X123.655 Y194.417 E25.03141
G1 X123.678 Y194.952 E25.04922
G1 X123.7 Y196.222 E25.09146
G1 X123.699 Y199.431 E25.1982
G1 X123.689 Y200.144 E25.22191
G1 X123.663 Y200.736 E25.24162
G1 X123.589 Y201.765 E25.27594
G1 X123.498 Y202.835 E25.31165
G1 X123.359 Y205.349 E25.3954
G1 X123.285 Y208.002 E25.48367
G1 X123.216 Y208.937 E25.51485
G1 X123.065 Y209.864 E25.54609
G1 X122.842 Y210.739 E25.57612
G1 X122.518 Y211.657 E25.6085
G1 X122.129 Y212.511 E25.63971
G1 X121.666 Y213.327 E25.67092
G1 X121.132 Y214.1 E25.70217
G1 X120.555 Y214.795 E25.73221
G1 X119.87 Y215.487 E25.7646
G1 X119.152 Y216.091 E25.7958
G1 X118.384 Y216.629 E25.82699
G1 X117.571 Y217.099 E25.85823
G1 X116.752 Y217.48 E25.88827
G1 X115.836 Y217.811 E25.92066
G1 X114.929 Y218.049 E25.95185
G1 X114.002 Y218.207 E25.98313
G1 X112.988 Y218.285 E26.01695
G1 X112.339 Y218.299 E26.03854
G1 X107.96 Y218.3 E26.18419
G1 X107.153 Y218.289 E26.21103
G1 X106.217 Y218.233 E26.24222
G1 X105.289 Y218.094 E26.27343
G1 X104.375 Y217.874 E26.3047
G1 X103.519 Y217.586 E26.33474
G1 X102.628 Y217.196 E26.36709
G1 X101.806 Y216.744 E26.39829
G1 X101.055 Y216.242 E26.42833
G1 X100.297 Y215.63 E26.46073
G1 X99.622 Y214.978 E26.49195
G1 X99.007 Y214.269 E26.52317
G1 X98.457 Y213.508 E26.5544
G1 X97.994 Y212.732 E26.58445
G1 X97.572 Y211.855 E26.61682
G1 X97.242 Y210.977 E26.64802
G1 X96.991 Y210.073 E26.67922
G1 X96.819 Y209.145 E26.71061
G1 X96.722 Y207.95 E26.75049
G1 X96.695 Y206.841 E26.78739
G1 X96.597 Y204.305 E26.8718
G1 X96.347 Y200.777 E26.98943
G1 X96.313 Y200.191 E27.00896
G1 X96.3 Y199.576 E27.02942
G1 X96.301 Y195.785 E27.1555
G1 X96.311 Y195.076 E27.17909
G1 X96.34 Y194.447 E27.20003
G1 X96.454 Y192.932 E27.25056
G1 X96.601 Y190.372 E27.33585
G1 X96.676 Y187.777 E27.42219
G1 X96.686 Y186.427 E27.4671
G1 X96.695 Y106.267 E30.13323
G1 X96.658 Y103.659 E30.21998
G1 X96.551 Y101.116 E30.30464
G1 X96.373 Y98.616 E30.388
G1 X96.124 Y96.098 E30.47215
G1 X95.805 Y93.608 E30.55565
G1 X95.411 Y91.091 E30.64038
G1 X94.949 Y88.604 E30.72452
G1 X94.421 Y86.151 E30.80797
G1 X93.816 Y83.685 E30.89243
G1 X93.138 Y81.215 E30.97762
G1 X92.411 Y78.844 E31.0601
G1 X91.592 Y76.413 E31.14542
G1 X90.721 Y74.052 E31.22912
G1 X89.782 Y71.715 E31.31289
G1 X88.765 Y69.375 E31.39775
G1 X87.704 Y67.112 E31.48088
G1 X86.55 Y64.82 E31.56623
G1 X85.367 Y62.628 E31.64908
G1 X83.735 Y59.816 E31.75721
G1 X83.301 Y58.983 E31.78845
G1 X82.942 Y58.116 E31.81967
G1 X82.663 Y57.22 E31.85088
G1 X82.463 Y56.303 E31.88209
G1 X82.345 Y55.376 E31.91318
G1 X82.312 Y54.698 E31.93575
G1 X82.3 Y53.952 E31.96057
G1 X82.301 Y15.042 E33.25472
G1 X82.312 Y14.323 E33.27864
G1 X82.368 Y13.386 E33.30986
G1 X82.507 Y12.458 E33.34107
G0 F6000 X82.896 Y12.551
G1 F1200 X83.107 Y11.673 E33.3711
G1 X83.395 Y10.817 E33.40114
G1 X83.757 Y9.989 E33.4312
G1 X84.191 Y9.197 E33.46123
G1 X84.694 Y8.447 E33.49127
G1 X85.432 Y7.554 E33.5298
G1 X85.829 Y7.136 E33.54897
G1 X87.776 Y5.185 E33.64065
G1 X88.26 Y4.715 E33.66309
G1 X88.935 Y4.116 E33.6931
G1 X89.661 Y3.578 E33.72316
G1 X90.431 Y3.106 E33.7532
G1 X91.24 Y2.705 E33.78323
G1 X92.081 Y2.376 E33.81327
G1 X92.948 Y2.124 E33.8433
G1 X93.834 Y1.949 E33.87333
G1 X94.732 Y1.853 E33.90337
G1 X95.635 Y1.837 E33.93341
G1 X96.729 Y1.924 E33.96991
G1 X98.026 Y2.099 E34.01344
G1 X100.554 Y2.402 E34.09812
G1 X103.079 Y2.634 E34.18246
G1 X105.625 Y2.795 E34.26731
G1 X108.165 Y2.884 E34.35184
G1 X110.697 Y2.9 E34.43606
G1 X113.26 Y2.845 E34.52132
G1 X115.767 Y2.719 E34.60481
G1 X118.319 Y2.519 E34.68995
G1 X120.816 Y2.251 E34.77348
G1 X122.454 Y2.026 E34.82847
G1 X123.374 Y1.911 E34.85931
G1 X124.274 Y1.839 E34.88934
G1 X125.177 Y1.848 E34.91937
G1 X126.076 Y1.936 E34.94942
G1 X126.964 Y2.103 E34.97947
G1 X127.833 Y2.348 E35.0095
G1 X128.677 Y2.669 E35.03953
G1 X129.49 Y3.063 E35.06958
G1 X130.264 Y3.528 E35.09961
G1 X130.994 Y4.06 E35.12966
G1 X131.584 Y4.568 E35.15555
G1 X131.998 Y4.962 E35.17456
G1 X133.824 Y6.784 E35.26036
G1 X134.408 Y7.384 E35.2882
G1 X135.008 Y8.059 E35.31824
G1 X135.546 Y8.784 E35.34827
G1 X136.017 Y9.554 E35.37829
G1 X136.419 Y10.363 E35.40834
G1 X136.747 Y11.205 E35.43839
G1 X137 Y12.072 E35.46843
G1 X137.175 Y12.958 E35.49847
G1 X137.271 Y13.856 E35.52851
G1 X137.29 Y14.326 E35.54415
G1 X137.299 Y14.885 E35.56275
G1 X137.301 Y53.789 E36.8567
G1 X137.29 Y54.651 E36.88537
G1 X137.238 Y55.553 E36.91542
G1 X137.105 Y56.446 E36.94545
G1 X136.895 Y57.325 E36.97551
G1 X136.608 Y58.181 E37.00554
G1 X136.246 Y59.008 E37.03556
G1 X135.928 Y59.604 E37.05803
G1 X135.436 Y60.456 E37.09076
G1 X134.917 Y61.325 E37.12442
G1 X133.686 Y63.532 E37.20847
G1 X132.512 Y65.784 E37.29294
G1 X131.398 Y68.075 E37.37767
G1 X130.349 Y70.399 E37.46248
G1 X129.378 Y72.722 E37.54622
G1 X128.451 Y75.131 E37.63207
G1 X127.63 Y77.459 E37.71417
G1 X126.837 Y79.927 E37.80039
G1 X126.134 Y82.343 E37.88408
G1 X125.488 Y84.828 E37.96948
G1 X124.923 Y87.286 E38.05337
G1 X124.423 Y89.779 E38.13793
G1 X123.996 Y92.279 E38.22229
G1 X123.638 Y94.788 E38.30658
G1 X123.353 Y97.303 E38.39077
G1 X123.137 Y99.851 E38.47582
G1 X122.993 Y102.393 E38.5605
G1 X122.921 Y104.942 E38.64532
G1 X122.912 Y106.275 E38.68965
G1 X122.931 Y186.737 E41.36583
G1 X122.969 Y189.35 E41.45275
G1 X123.077 Y191.904 E41.53777
G1 X123.255 Y194.435 E41.62216
G1 X123.278 Y194.959 E41.6396
G1 X123.3 Y196.222 E41.68162
G1 X123.299 Y199.425 E41.78815
G1 X123.289 Y200.127 E41.8115
G1 X123.264 Y200.707 E41.83081
G1 X123.19 Y201.731 E41.86496
G1 X123.1 Y202.801 E41.90067
G1 X122.959 Y205.338 E41.98518
G1 X122.886 Y207.973 E42.07286
G1 X122.821 Y208.873 E42.10287
G1 X122.677 Y209.765 E42.13292
G1 X122.454 Y210.64 E42.16295
G1 X122.154 Y211.492 E42.193
G1 X121.781 Y212.314 E42.22302
G1 X121.336 Y213.1 E42.25306
G1 X120.824 Y213.844 E42.2831
G1 X120.247 Y214.539 E42.31314
G1 X119.612 Y215.181 E42.34318
G1 X118.922 Y215.764 E42.37322
G1 X118.183 Y216.283 E42.40326
G1 X117.402 Y216.736 E42.43329
G1 X116.583 Y217.117 E42.46333
G1 X115.734 Y217.424 E42.49336
G1 X114.861 Y217.655 E42.52339
G1 X113.971 Y217.808 E42.55343
G1 X112.979 Y217.885 E42.58652
G1 X112.339 Y217.899 E42.60781
G1 X107.965 Y217.9 E42.75329
G1 X107.176 Y217.89 E42.77954
G1 X106.275 Y217.837 E42.80956
G1 X105.382 Y217.705 E42.83958
G1 X104.503 Y217.495 E42.86964
G1 X103.647 Y217.207 E42.89968
G1 X102.82 Y216.845 E42.9297
G1 X102.028 Y216.411 E42.95974
G1 X101.277 Y215.909 E42.98979
G1 X100.574 Y215.342 E43.01983
G1 X99.924 Y214.716 E43.04984
G1 X99.331 Y214.034 E43.0799
G1 X98.801 Y213.303 E43.10993
G1 X98.338 Y212.527 E43.13999
G1 X97.946 Y211.714 E43.17001
G1 X97.627 Y210.869 E43.20005
G1 X97.384 Y209.999 E43.23009
G1 X97.218 Y209.112 E43.2601
G1 X97.122 Y207.94 E43.29922
G1 X97.095 Y206.831 E43.33611
G1 X96.997 Y204.29 E43.42069
G1 X96.746 Y200.754 E43.53859
G1 X96.713 Y200.182 E43.55765
G1 X96.7 Y199.576 E43.57781
G1 X96.701 Y195.791 E43.7037
G1 X96.711 Y195.094 E43.72688
G1 X96.739 Y194.477 E43.74743
G1 X96.853 Y192.962 E43.79796
G1 X97.001 Y190.384 E43.88384
G1 X97.076 Y187.789 E43.97019
G1 X97.086 Y186.43 E44.01539
G1 X97.095 Y106.267 E46.68162
G1 X97.058 Y103.653 E46.76857
G1 X96.951 Y101.099 E46.8536
G1 X96.772 Y98.588 E46.93732
G1 X96.521 Y96.047 E47.02225
G1 X96.202 Y93.557 E47.10574
G1 X95.806 Y91.029 E47.19085
G1 X95.342 Y88.531 E47.27536
G1 X94.812 Y86.067 E47.35918
G1 X94.202 Y83.579 E47.44438
G1 X93.523 Y81.109 E47.52959
G1 X92.79 Y78.716 E47.61283
G1 X91.971 Y76.285 E47.69815
G1 X91.096 Y73.914 E47.78221
G1 X90.153 Y71.566 E47.86636
G1 X89.132 Y69.216 E47.95158
G1 X88.066 Y66.942 E48.03511
G1 X86.907 Y64.64 E48.12084
G1 X85.719 Y62.438 E48.20405
G1 X84.089 Y59.63 E48.31204
G1 X83.67 Y58.83 E48.34208
G1 X83.324 Y57.996 E48.37211
G1 X83.054 Y57.134 E48.40215
G1 X82.86 Y56.252 E48.43219
G1 X82.745 Y55.356 E48.46224
G1 X82.712 Y54.692 E48.48435
G1 X82.7 Y53.952 E48.50896
G1 X82.701 Y15.048 E49.80292
G1 X82.711 Y14.346 E49.82627
G1 X82.764 Y13.444 E49.85632
G1 X82.896 Y12.551 E49.88634
G1 F1500 E43.38634
G0 F6000 X93.1 Y14.568
G1 F1500 E49.88634
G1 F1200 X95.41 Y12.258 E49.995
G1 X96.101 Y12.544 E50.01987
G1 X95.909 Y13.5 E50.05231
G1 X95.668 Y13.5 E50.06032
G1 X95.527 Y13.559 E50.0654
G1 X94.959 Y14.127 E50.09212
G1 X94.9 Y14.268 E50.09721
G1 X94.9 Y14.752 E50.1133
G1 X94.459 Y15.193 E50.13405
G1 X94.4 Y15.334 E50.13913
G1 X94.4 Y53.666 E51.41406
G1 X94.459 Y53.807 E51.41914
G1 X94.9 Y54.248 E51.43988
G1 X94.9 Y54.732 E51.45598
G1 X94.959 Y54.873 E51.46107
G1 X95.527 Y55.441 E51.48778
G1 X95.668 Y55.5 E51.49287
G1 X95.909 Y55.5 E51.50088
G1 X96.101 Y56.456 E51.53331
G1 X95.41 Y56.742 E51.55819
G1 X93.1 Y54.432 E51.66684
G1 X93.1 Y14.568 E52.99272
G0 F6000 X93.5 Y14.734
G1 F1200 X95.504 Y12.73 E53.08699
G1 X95.644 Y12.787 E53.09201
G1 X95.578 Y13.117 E53.10321
G1 X95.453 Y13.14 E53.10743
G1 X95.244 Y13.276 E53.11573
G1 X94.676 Y13.844 E53.14245
G1 X94.552 Y14.023 E53.14969
G1 X94.5 Y14.268 E53.15802
G1 X94.5 Y14.586 E53.1686
G1 X94.176 Y14.91 E53.18383
G1 X94.052 Y15.089 E53.19108
G1 X94 Y15.334 E53.19941
G1 X94 Y53.666 E54.47434
G1 X94.04 Y53.881 E54.48161
G1 X94.176 Y54.09 E54.4899
G1 X94.5 Y54.414 E54.50514
G1 X94.5 Y54.732 E54.51572
G1 X94.54 Y54.947 E54.52299
G1 X94.676 Y55.156 E54.53129
G1 X95.244 Y55.724 E54.558
G1 X95.423 Y55.848 E54.56525
G1 X95.578 Y55.881 E54.57052
G1 X95.644 Y56.213 E54.58178
G1 X95.504 Y56.27 E54.5868
G1 X93.5 Y54.266 E54.68106
G1 X93.5 Y14.734 E55.9959
G1 F1500 E49.4959
G0 F6000 X94.946 Y14.058
G0 X95.577 Y13.881
G0 X123.899 Y12.544
G1 F1500 E55.9959
G1 F1200 X124.59 Y12.258 E56.02078
G1 X126.9 Y14.568 E56.12943
G1 X126.901 Y54.43 E57.45525
G1 X124.598 Y56.732 E57.56355
G1 X123.912 Y56.454 E57.58817
G1 X123.962 Y56.211 E57.59642
G1 X123.959 Y56.181 E57.59742
G1 X124.107 Y55.5 E57.6206
G1 X124.332 Y55.5 E57.62809
G1 X124.473 Y55.441 E57.63317
G1 X125.042 Y54.872 E57.65993
G1 X125.101 Y54.731 E57.66502
G1 X125.101 Y54.247 E57.68112
G1 X125.541 Y53.807 E57.70181
G1 X125.6 Y53.666 E57.7069
G1 X125.6 Y15.334 E58.98182
G1 X125.541 Y15.193 E58.98691
G1 X125.1 Y14.752 E59.00765
G1 X125.1 Y14.268 E59.02375
G1 X125.041 Y14.127 E59.02883
G1 X124.473 Y13.559 E59.05555
G1 X124.332 Y13.5 E59.06063
G1 X124.091 Y13.5 E59.06865
G1 X123.899 Y12.544 E59.10108
G0 F6000 X124.356 Y12.787
G1 F1200 X124.496 Y12.73 E59.10611
G1 X126.5 Y14.734 E59.20037
G1 X126.501 Y54.264 E60.51514
G1 X124.503 Y56.261 E60.6091
G1 X124.363 Y56.204 E60.61413
G1 X124.433 Y55.881 E60.62512
G1 X124.547 Y55.86 E60.62897
G1 X124.756 Y55.724 E60.63727
G1 X125.325 Y55.155 E60.66403
G1 X125.449 Y54.976 E60.67127
G1 X125.501 Y54.731 E60.6796
G1 X125.501 Y54.413 E60.69018
G1 X125.824 Y54.09 E60.70537
G1 X125.948 Y53.911 E60.71262
G1 X126 Y53.666 E60.72095
G1 X126 Y15.334 E61.99587
G1 X125.96 Y15.119 E62.00315
G1 X125.824 Y14.91 E62.01144
G1 X125.5 Y14.586 E62.02668
G1 X125.5 Y14.268 E62.03726
G1 X125.46 Y14.053 E62.04453
G1 X125.324 Y13.844 E62.05283
G1 X124.756 Y13.276 E62.07954
G1 X124.577 Y13.152 E62.08679
G1 X124.422 Y13.119 E62.09206
G1 X124.356 Y12.787 E62.10331
G1 F1500 E55.60331
G0 F6000 X126.061 Y15.06
G0 X126.061 Y53.94
G0 X125.055 Y54.941
G0 X124.353 Y55.139
G0 X111.304 Y55.5
G1 F1500 E62.10331
G1 F1200 X111.416 Y55.777 E62.11325
G1 X111.496 Y55.872 E62.11738
G1 X111.545 Y55.886 E62.11908
G1 X111.566 Y55.958 E62.12157
G1 X111.636 Y56.061 E62.12571
G1 X111.701 Y56.083 E62.128
G1 X111.701 Y56.103 E62.12866
G1 X111.741 Y56.221 E62.13281
G1 X111.9 Y56.301 E62.13873
G1 X111.939 Y56.421 E62.14292
G1 X112.1 Y56.502 E62.14892
G1 X112.139 Y56.621 E62.15308
G1 X112.3 Y56.702 E62.15908
G1 X112.339 Y56.821 E62.16324
G1 X112.5 Y56.902 E62.16924
G1 X112.532 Y193.144 E66.70066
G1 X112.532 Y193.155 E66.70103
G1 X112.573 Y193.873 E66.72495
G1 X112.576 Y193.895 E66.72569
G1 X112.66 Y194.39 E66.74239
G1 X112.663 Y194.404 E66.74286
G1 X112.8 Y194.975 E66.76239
G1 X112.802 Y194.986 E66.76277
G1 X112.9 Y195.312 E66.77409
G1 X112.9 Y199.961 E66.92871
G1 X112.788 Y200.308 E66.94084
G1 X112.785 Y200.316 E66.94113
G1 X112.703 Y200.615 E66.95144
G1 X112.701 Y200.625 E66.95178
G1 X112.606 Y201.053 E66.96636
G1 X112.603 Y201.066 E66.9668
G1 X112.567 Y201.302 E66.97474
G1 X112.566 Y201.316 E66.97521
G1 X112.539 Y201.657 E66.98659
G1 X112.538 Y201.665 E66.98685
G1 X112.503 Y202.546 E67.01618
G1 X112.503 Y202.554 E67.01645
G1 X112.5 Y207.499 E67.18092
G1 X107.499 Y207.5 E67.34725
G1 X107.472 Y201.811 E67.53647
G1 X107.472 Y201.801 E67.5368
G1 X107.451 Y201.429 E67.5492
G1 X107.449 Y201.414 E67.5497
G1 X107.414 Y201.147 E67.55866
G1 X107.413 Y201.137 E67.55899
G1 X107.31 Y200.569 E67.57819
G1 X107.304 Y200.546 E67.57898
G1 X107.1 Y199.881 E67.60212
G1 X107.1 Y195.26 E67.75581
G1 X107.278 Y194.658 E67.77669
G1 X107.28 Y194.648 E67.77703
G1 X107.406 Y194.128 E67.79482
G1 X107.411 Y194.105 E67.79561
G1 X107.455 Y193.747 E67.8076
G1 X107.456 Y193.732 E67.8081
G1 X107.485 Y193.079 E67.82984
G1 X107.485 Y193.07 E67.83014
G1 X107.5 Y56.465 E72.37364
G1 X107.509 Y56.462 E72.37396
G1 X107.59 Y56.301 E72.37995
G1 X107.709 Y56.262 E72.38412
G1 X107.79 Y56.101 E72.39011
G1 X107.909 Y56.062 E72.39428
G1 X107.99 Y55.901 E72.40027
G1 X108.109 Y55.862 E72.40444
G1 X108.19 Y55.701 E72.41043
G1 X108.309 Y55.662 E72.4146
G1 X108.39 Y55.501 E72.42059
G1 X111.304 Y55.5 E72.51751
G0 F6000 X111.034 Y55.9
G1 F1200 X111.045 Y55.927 E72.51848
G1 X111.162 Y56.111 E72.52573
G1 X111.228 Y56.16 E72.52847
G1 X111.28 Y56.264 E72.53234
G1 X111.344 Y56.323 E72.53523
G1 X111.456 Y56.505 E72.54234
G1 X111.598 Y56.613 E72.54827
G1 X111.653 Y56.703 E72.55178
G1 X111.8 Y56.816 E72.55795
G1 X111.853 Y56.903 E72.56134
G1 X112 Y57.016 E72.5675
G1 X112.053 Y57.103 E72.57089
G1 X112.1 Y57.139 E72.57286
G1 X112.132 Y193.144 E77.09641
G1 X112.133 Y193.178 E77.09754
G1 X112.174 Y193.896 E77.12146
G1 X112.181 Y193.962 E77.12366
G1 X112.265 Y194.457 E77.14036
G1 X112.274 Y194.497 E77.14173
G1 X112.411 Y195.068 E77.16126
G1 X112.419 Y195.101 E77.16239
G1 X112.5 Y195.371 E77.17176
G1 X112.5 Y199.897 E77.3223
G1 X112.407 Y200.185 E77.33236
G1 X112.399 Y200.21 E77.33324
G1 X112.317 Y200.509 E77.34355
G1 X112.31 Y200.538 E77.34454
G1 X112.215 Y200.966 E77.35912
G1 X112.208 Y201.006 E77.36047
G1 X112.172 Y201.242 E77.36841
G1 X112.167 Y201.285 E77.36985
G1 X112.14 Y201.626 E77.38123
G1 X112.138 Y201.649 E77.382
G1 X112.103 Y202.53 E77.41132
G1 X112.103 Y202.554 E77.41212
G1 X112.1 Y207.099 E77.56329
G1 X107.897 Y207.1 E77.70308
G1 X107.872 Y201.809 E77.87906
G1 X107.871 Y201.778 E77.88009
G1 X107.85 Y201.406 E77.89249
G1 X107.846 Y201.362 E77.89396
G1 X107.811 Y201.095 E77.90291
G1 X107.806 Y201.066 E77.90389
G1 X107.703 Y200.498 E77.92309
G1 X107.687 Y200.429 E77.92545
G1 X107.5 Y199.82 E77.94664
G1 X107.5 Y195.315 E78.09647
G1 X107.661 Y194.771 E78.11534
G1 X107.669 Y194.742 E78.11634
G1 X107.795 Y194.222 E78.13414
G1 X107.808 Y194.154 E78.13644
G1 X107.852 Y193.796 E78.14844
G1 X107.855 Y193.75 E78.14997
G1 X107.884 Y193.097 E78.17171
G1 X107.885 Y193.07 E78.17261
G1 X107.9 Y56.606 E82.71142
G1 X107.904 Y56.601 E82.71163
G1 X107.991 Y56.548 E82.71502
G1 X108.104 Y56.401 E82.72119
G1 X108.191 Y56.348 E82.72458
G1 X108.304 Y56.201 E82.73074
G1 X108.391 Y56.148 E82.73413
G1 X108.504 Y56.001 E82.7403
G1 X108.591 Y55.948 E82.74369
G1 X108.628 Y55.9 E82.7457
G1 X111.034 Y55.9 E82.82573
G0 F6000 X110.804 Y56.3
G1 F1200 X110.816 Y56.321 E82.82653
G1 X110.895 Y56.397 E82.83018
G1 X110.914 Y56.438 E82.83168
G1 X111.026 Y56.569 E82.83741
G1 X111.06 Y56.643 E82.84012
G1 X111.244 Y56.856 E82.84948
G1 X111.305 Y56.896 E82.85191
G1 X111.439 Y57.053 E82.85878
G1 X111.506 Y57.097 E82.86144
G1 X111.639 Y57.253 E82.86826
G1 X111.7 Y57.293 E82.87069
G1 X111.732 Y193.144 E87.38911
G1 X111.734 Y193.201 E87.39101
G1 X111.775 Y193.919 E87.41492
G1 X111.787 Y194.029 E87.41861
G1 X111.871 Y194.524 E87.4353
G1 X111.885 Y194.59 E87.43755
G1 X112.022 Y195.161 E87.45708
G1 X112.036 Y195.216 E87.45897
G1 X112.1 Y195.429 E87.46636
G1 X112.1 Y199.833 E87.61284
G1 X112.026 Y200.062 E87.62085
G1 X112.014 Y200.105 E87.62233
G1 X111.932 Y200.404 E87.63264
G1 X111.92 Y200.451 E87.63426
G1 X111.825 Y200.879 E87.64884
G1 X111.812 Y200.945 E87.65108
G1 X111.776 Y201.181 E87.65902
G1 X111.768 Y201.253 E87.66142
G1 X111.741 Y201.594 E87.6728
G1 X111.739 Y201.633 E87.6741
G1 X111.704 Y202.514 E87.70343
G1 X111.703 Y202.553 E87.70472
G1 X111.701 Y206.699 E87.84262
G1 X108.295 Y206.7 E87.9559
G1 X108.272 Y201.807 E88.11865
G1 X108.27 Y201.756 E88.12035
G1 X108.249 Y201.384 E88.13274
G1 X108.243 Y201.31 E88.13521
G1 X108.208 Y201.043 E88.14416
G1 X108.2 Y200.995 E88.14578
G1 X108.097 Y200.427 E88.16498
G1 X108.069 Y200.312 E88.16892
G1 X107.9 Y199.761 E88.18809
G1 X107.9 Y195.375 E88.33397
G1 X108.045 Y194.885 E88.35096
G1 X108.058 Y194.836 E88.35265
G1 X108.184 Y194.316 E88.37044
G1 X108.205 Y194.203 E88.37427
G1 X108.249 Y193.845 E88.38626
G1 X108.255 Y193.767 E88.38887
G1 X108.284 Y193.114 E88.41061
G1 X108.285 Y193.07 E88.41207
G1 X108.3 Y56.797 E92.94453
G1 X108.341 Y56.762 E92.94632
G1 X108.385 Y56.695 E92.94899
G1 X108.541 Y56.562 E92.95581
G1 X108.585 Y56.495 E92.95847
G1 X108.741 Y56.362 E92.96529
G1 X108.781 Y56.3 E92.96774
G1 X110.804 Y56.3 E93.03503
G0 F6000 X110.619 Y56.7
G1 F1200 X110.687 Y56.79 E93.03878
G1 X110.851 Y57.028 E93.04839
G1 X111.007 Y57.167 E93.05534
G1 X111.045 Y57.223 E93.05759
G1 X111.21 Y57.371 E93.06497
G1 X111.245 Y57.423 E93.06705
G1 X111.3 Y57.473 E93.06952
G1 X111.332 Y193.144 E97.58196
G1 X111.334 Y193.224 E97.58462
G1 X111.375 Y193.942 E97.60854
G1 X111.393 Y194.096 E97.6137
G1 X111.477 Y194.591 E97.6304
G1 X111.496 Y194.684 E97.63355
G1 X111.633 Y195.255 E97.65309
G1 X111.653 Y195.331 E97.6557
G1 X111.7 Y195.488 E97.66115
G1 X111.7 Y199.772 E97.80364
G1 X111.646 Y199.939 E97.80947
G1 X111.628 Y199.999 E97.81156
G1 X111.546 Y200.298 E97.82187
G1 X111.529 Y200.365 E97.82417
G1 X111.434 Y200.793 E97.83875
G1 X111.417 Y200.885 E97.84186
G1 X111.381 Y201.121 E97.8498
G1 X111.369 Y201.221 E97.85315
G1 X111.342 Y201.562 E97.86453
G1 X111.339 Y201.617 E97.86636
G1 X111.304 Y202.498 E97.89569
G1 X111.303 Y202.553 E97.89752
G1 X111.301 Y206.299 E98.02211
G1 X108.693 Y206.3 E98.10885
G1 X108.672 Y201.805 E98.25836
G1 X108.67 Y201.733 E98.26075
G1 X108.649 Y201.361 E98.27314
G1 X108.639 Y201.258 E98.27659
G1 X108.604 Y200.991 E98.28554
G1 X108.594 Y200.923 E98.28783
G1 X108.491 Y200.355 E98.30703
G1 X108.451 Y200.194 E98.31255
G1 X108.3 Y199.702 E98.32966
G1 X108.3 Y195.434 E98.47162
G1 X108.429 Y194.998 E98.48674
G1 X108.447 Y194.931 E98.48905
G1 X108.573 Y194.411 E98.50684
G1 X108.602 Y194.252 E98.51222
G1 X108.646 Y193.894 E98.52422
G1 X108.655 Y193.785 E98.52785
G1 X108.684 Y193.132 E98.54959
G1 X108.685 Y193.07 E98.55166
G1 X108.7 Y56.964 E103.07856
G1 X108.711 Y56.956 E103.07901
G1 X108.859 Y56.791 E103.08639
G1 X108.911 Y56.756 E103.08847
G1 X108.961 Y56.7 E103.09097
G1 X110.619 Y56.7 E103.14611
G0 F6000 X110.411 Y57.1
G1 F1200 X110.455 Y57.174 E103.14898
G1 X110.711 Y57.453 E103.16157
G1 X110.756 Y57.485 E103.16341
G1 X110.9 Y57.644 E103.17054
G1 X110.932 Y193.144 E107.67729
G1 X110.935 Y193.247 E107.68072
G1 X110.976 Y193.965 E107.70464
G1 X110.998 Y194.163 E107.71126
G1 X111.082 Y194.658 E107.72796
G1 X111.107 Y194.777 E107.73201
G1 X111.244 Y195.348 E107.75154
G1 X111.27 Y195.446 E107.75491
G1 X111.3 Y195.546 E107.75838
G1 X111.3 Y199.708 E107.89681
G1 X111.265 Y199.816 E107.90059
G1 X111.242 Y199.893 E107.90326
G1 X111.16 Y200.192 E107.91357
G1 X111.139 Y200.278 E107.91652
G1 X111.044 Y200.706 E107.9311
G1 X111.022 Y200.825 E107.93512
G1 X110.986 Y201.061 E107.94306
G1 X110.971 Y201.19 E107.94738
G1 X110.944 Y201.531 E107.95876
G1 X110.939 Y201.602 E107.96113
G1 X110.904 Y202.483 E107.99045
G1 X110.903 Y202.553 E107.99278
G1 X110.901 Y205.899 E108.10407
G1 X109.091 Y205.9 E108.16427
G1 X109.072 Y201.803 E108.30054
G1 X109.069 Y201.711 E108.3036
G1 X109.048 Y201.339 E108.31599
G1 X109.036 Y201.206 E108.32043
G1 X109.001 Y200.939 E108.32939
G1 X108.987 Y200.852 E108.33232
G1 X108.884 Y200.284 E108.35152
G1 X108.834 Y200.077 E108.3586
G1 X108.7 Y199.64 E108.37381
G1 X108.7 Y195.49 E108.51184
G1 X108.812 Y195.111 E108.52498
G1 X108.835 Y195.025 E108.52794
G1 X108.961 Y194.505 E108.54574
G1 X108.999 Y194.301 E108.55264
G1 X109.043 Y193.943 E108.56464
G1 X109.054 Y193.803 E108.56931
G1 X109.083 Y193.15 E108.59105
G1 X109.085 Y193.07 E108.59371
G1 X109.1 Y57.13 E113.11509
G1 X109.133 Y57.1 E113.11657
G1 X110.411 Y57.1 E113.15908
G0 F6000 X110.215 Y57.5
G1 F1200 X110.319 Y57.63 E113.16462
G1 X110.442 Y57.736 E113.17002
G1 X110.5 Y57.81 E113.17315
G1 X110.532 Y193.145 E117.67441
G1 X110.536 Y193.269 E117.67853
G1 X110.577 Y193.987 E117.70245
G1 X110.604 Y194.23 E117.71058
G1 X110.688 Y194.725 E117.72728
G1 X110.718 Y194.87 E117.73221
G1 X110.855 Y195.441 E117.75174
G1 X110.887 Y195.561 E117.75587
G1 X110.9 Y195.604 E117.75736
G1 X110.9 Y199.643 E117.8917
G1 X110.884 Y199.693 E117.89345
G1 X110.856 Y199.787 E117.89671
G1 X110.774 Y200.086 E117.90702
G1 X110.748 Y200.191 E117.91062
G1 X110.653 Y200.619 E117.9252
G1 X110.626 Y200.764 E117.93011
G1 X110.59 Y201 E117.93805
G1 X110.572 Y201.158 E117.94334
G1 X110.545 Y201.499 E117.95471
G1 X110.54 Y201.586 E117.95761
G1 X110.505 Y202.467 E117.98694
G1 X110.503 Y202.553 E117.9898
G1 X110.501 Y205.499 E118.08778
G1 X109.49 Y205.5 E118.12141
G1 X109.472 Y201.802 E118.24441
G1 X109.469 Y201.688 E118.2482
G1 X109.448 Y201.316 E118.26059
G1 X109.432 Y201.154 E118.26601
G1 X109.397 Y200.887 E118.27496
G1 X109.381 Y200.78 E118.27856
G1 X109.278 Y200.212 E118.29776
G1 X109.216 Y199.96 E118.30639
G1 X109.1 Y199.582 E118.31954
G1 X109.1 Y195.55 E118.45365
G1 X109.196 Y195.225 E118.46492
G1 X109.224 Y195.119 E118.46857
G1 X109.35 Y194.599 E118.48636
G1 X109.396 Y194.349 E118.49482
G1 X109.44 Y193.991 E118.50681
G1 X109.454 Y193.821 E118.51249
G1 X109.483 Y193.168 E118.53423
G1 X109.485 Y193.07 E118.53749
G1 X109.5 Y57.5 E123.04656
G1 X110.215 Y57.5 E123.07034
G0 F6000 X110.035 Y57.9
G1 F1200 X110.1 Y57.964 E123.07338
G1 X110.132 Y193.145 E127.56952
G1 X110.136 Y193.292 E127.57441
G1 X110.177 Y194.01 E127.59833
G1 X110.21 Y194.297 E127.60794
G1 X110.294 Y194.792 E127.62463
G1 X110.329 Y194.964 E127.63047
G1 X110.466 Y195.535 E127.65
G1 X110.5 Y195.661 E127.65434
G1 X110.5 Y199.583 E127.78479
G1 X110.471 Y199.681 E127.78819
G1 X110.389 Y199.98 E127.7985
G1 X110.358 Y200.105 E127.80278
G1 X110.263 Y200.533 E127.81737
G1 X110.231 Y200.704 E127.82315
G1 X110.195 Y200.94 E127.83109
G1 X110.173 Y201.127 E127.83736
G1 X110.146 Y201.468 E127.84873
G1 X110.14 Y201.57 E127.85213
G1 X110.105 Y202.451 E127.88146
G1 X110.103 Y202.552 E127.88482
G1 X110.102 Y205.099 E127.96953
G1 X109.888 Y205.1 E127.97665
G1 X109.872 Y201.8 E128.08641
G1 X109.868 Y201.665 E128.0909
G1 X109.847 Y201.293 E128.10329
G1 X109.829 Y201.102 E128.10967
G1 X109.794 Y200.835 E128.11863
G1 X109.774 Y200.709 E128.12287
G1 X109.671 Y200.141 E128.14207
G1 X109.599 Y199.842 E128.1523
G1 X109.5 Y199.519 E128.16354
G1 X109.5 Y195.605 E128.29372
G1 X109.579 Y195.338 E128.30298
G1 X109.613 Y195.213 E128.30729
G1 X109.739 Y194.693 E128.32508
G1 X109.793 Y194.398 E128.33506
G1 X109.837 Y194.04 E128.34705
G1 X109.853 Y193.838 E128.35379
G1 X109.882 Y193.185 E128.37553
G1 X109.885 Y193.07 E128.37936
G1 X109.9 Y57.9 E132.87513
G1 X110.035 Y57.9 E132.87962
G1 F1500 E126.37962
G0 F6000 X110.001 Y195.311
G1 F1500 E132.87962
G1 F1200 X110.077 Y195.628 E132.89047
G1 X110.1 Y195.713 E132.89339
G1 X110.1 Y199.525 E133.02018
G1 X110.085 Y199.576 E133.02195
G1 X110.011 Y199.847 E133.03129
G1 X109.981 Y199.725 E133.03547
G1 X109.9 Y199.461 E133.04466
G1 X109.9 Y195.665 E133.17091
G1 X109.963 Y195.452 E133.1783
G1 X110.001 Y195.311 E133.18316
G1 F1500 E126.68316
G0 F6000 X94.289 Y54.295
G0 X94.9 Y53.684
;TYPE:SUPPORT-INTERFACE
G1 F1500 E133.18316
G1 F1200 X94.8 Y53.584 E133.18786
G1 X94.8 Y15.416 E134.45733
G1 X94.9 Y15.316 E134.46204
G1 X94.9 Y53.684 E135.73816
G1 F1500 E129.23816
G0 F6000 X94.289 Y54.295
G0 X94.946 Y54.942
G0 X95.726 Y55.161
G0 X124.274 Y55.161
G0 X125.055 Y54.941
G0 X125.712 Y54.294
G0 X125.101 Y53.683
G1 F1500 E135.73816
G1 F1200 X125.1 Y15.316 E137.01425
G1 X125.2 Y15.416 E137.01896
G1 X125.2 Y53.584 E138.28843
G1 X125.101 Y53.683 E138.29309
G1 F1500 E131.79309
;MESH:Viga_Rectangular.stl
G0 F6000 X123.301 Y53.7
G0 X96.5 Y53.9
;TYPE:WALL-INNER
G1 F1500 E138.29309
G1 F1200 X123.501 Y53.9 E139.37076
G1 X123.501 Y15.099 E140.91939
G1 X96.5 Y15.1 E141.99706
G1 X96.5 Y53.9 E143.54565
G0 F6000 X96.1 Y54.3
;TYPE:WALL-OUTER
G1 F1200 X123.901 Y54.3 E144.47031
G1 X123.901 Y14.699 E145.78745
G1 X96.1 Y14.7 E146.71211
G1 X96.1 Y54.3 E148.02921
G0 F6000 X96.37 Y54.03
G0 X96.6 Y53.539
G0 X96.861 Y53.539
;TYPE:SKIN
G1 F1200 X96.861 Y15.46 E149.29573
G1 X123.141 Y15.46 E150.1698
G1 X123.141 Y53.539 E151.43631
G1 X96.861 Y53.539 E152.31039
G0 F6000 X97.461 Y53.338
G1 F1200 X97.06 Y52.936 E152.32928
G0 F6000 X97.06 Y52.371
G1 F1200 X98.027 Y53.338 E152.37476
G0 F6000 X98.593 Y53.338
G1 F1200 X97.06 Y51.805 E152.44687
G0 F6000 X97.06 Y51.239
G1 F1200 X99.158 Y53.338 E152.54558
G0 F6000 X99.724 Y53.338
G1 F1200 X97.06 Y50.674 E152.67088
G0 F6000 X97.06 Y50.108
G1 F1200 X100.29 Y53.338 E152.82281
G0 F6000 X100.856 Y53.338
G1 F1200 X97.06 Y49.542 E153.00136
G0 F6000 X97.06 Y48.977
G1 F1200 X101.421 Y53.338 E153.20649
G0 F6000 X101.987 Y53.338
G1 F1200 X97.06 Y48.411 E153.43824
G0 F6000 X97.06 Y47.845
G1 F1200 X102.553 Y53.338 E153.69662
G0 F6000 X103.118 Y53.338
G1 F1200 X97.06 Y47.279 E153.98159
G0 F6000 X97.06 Y46.714
G1 F1200 X103.684 Y53.338 E154.29316
G0 F6000 X104.25 Y53.338
G1 F1200 X97.06 Y46.148 E154.63136
G0 F6000 X97.06 Y45.582
G1 F1200 X104.815 Y53.338 E154.99615
G0 F6000 X105.381 Y53.338
G1 F1200 X97.06 Y45.017 E155.38755
G0 F6000 X97.06 Y44.451
G1 F1200 X105.947 Y53.338 E155.80556
G0 F6000 X106.512 Y53.338
G1 F1200 X97.06 Y43.885 E156.25018
G0 F6000 X97.06 Y43.32
G1 F1200 X107.078 Y53.338 E156.7214
G0 F6000 X107.644 Y53.338
G1 F1200 X97.06 Y42.754 E157.21924
G0 F6000 X97.06 Y42.188
G1 F1200 X108.209 Y53.338 E157.74367
G0 F6000 X108.775 Y53.338
G1 F1200 X97.06 Y41.623 E158.29471
G0 F6000 X97.06 Y41.057
G1 F1200 X109.341 Y53.338 E158.87237
G0 F6000 X109.907 Y53.338
G1 F1200 X97.06 Y40.491 E159.47666
G0 F6000 X97.06 Y39.926
G1 F1200 X110.472 Y53.338 E160.10752
G0 F6000 X111.038 Y53.338
G1 F1200 X97.06 Y39.36 E160.765
G0 F6000 X97.06 Y38.794
G1 F1200 X111.604 Y53.338 E161.4491
G0 F6000 X112.169 Y53.338
G1 F1200 X97.06 Y38.229 E162.15978
G0 F6000 X97.06 Y37.663
G1 F1200 X112.735 Y53.338 E162.89709
G0 F6000 X113.301 Y53.338
G1 F1200 X97.06 Y37.097 E163.66101
G0 F6000 X97.06 Y36.531
G1 F1200 X113.866 Y53.338 E164.45154
G0 F6000 X114.432 Y53.338
G1 F1200 X97.06 Y35.966 E165.26867
G0 F6000 X97.06 Y35.4
G1 F1200 X114.998 Y53.338 E166.11242
G0 F6000 X115.563 Y53.338
G1 F1200 X97.06 Y34.834 E166.98276
G0 F6000 X97.06 Y34.269
G1 F1200 X116.129 Y53.338 E167.87971
G0 F6000 X116.695 Y53.338
G1 F1200 X97.06 Y33.703 E168.80328
G0 F6000 X97.06 Y33.137
G1 F1200 X117.26 Y53.338 E169.75345
G0 F6000 X117.826 Y53.338
G1 F1200 X97.06 Y32.572 E170.73022
G0 F6000 X97.06 Y32.006
G1 F1200 X118.392 Y53.338 E171.73361
G0 F6000 X118.957 Y53.338
G1 F1200 X97.06 Y31.44 E172.7636
G0 F6000 X97.06 Y30.875
G1 F1200 X119.523 Y53.338 E173.82019
G0 F6000 X120.089 Y53.338
G1 F1200 X97.06 Y30.309 E174.90341
G0 F6000 X97.06 Y29.743
G1 F1200 X120.655 Y53.338 E176.01324
G0 F6000 X121.22 Y53.338
G1 F1200 X97.06 Y29.178 E177.14966
G0 F6000 X97.06 Y28.612
G1 F1200 X121.786 Y53.338 E178.31269
G0 F6000 X122.352 Y53.338
G1 F1200 X97.06 Y28.046 E179.50235
G0 F6000 X97.06 Y27.48
G1 F1200 X122.917 Y53.338 E180.71861
G0 F6000 X122.94 Y52.795
G1 F1200 X97.06 Y26.915 E181.93592
G0 F6000 X97.06 Y26.349
G1 F1200 X122.94 Y52.229 E183.15324
G0 F6000 X122.94 Y51.664
G1 F1200 X97.06 Y25.783 E184.37058
G0 F6000 X97.06 Y25.218
G1 F1200 X122.94 Y51.098 E185.58789
G0 F6000 X122.94 Y50.532
G1 F1200 X97.06 Y24.652 E186.80521
G0 F6000 X97.06 Y24.086
G1 F1200 X122.94 Y49.966 E188.02252
G0 F6000 X122.94 Y49.401
G1 F1200 X97.06 Y23.521 E189.23984
G0 F6000 X97.06 Y22.955
G1 F1200 X122.94 Y48.835 E190.45716
G0 F6000 X122.94 Y48.269
G1 F1200 X97.06 Y22.389 E191.67447
G0 F6000 X97.06 Y21.824
G1 F1200 X122.94 Y47.704 E192.89179
G0 F6000 X122.94 Y47.138
G1 F1200 X97.06 Y21.258 E194.1091
G0 F6000 X97.06 Y20.692
G1 F1200 X122.94 Y46.572 E195.32642
G0 F6000 X122.94 Y46.007
G1 F1200 X97.06 Y20.127 E196.54374
G0 F6000 X97.06 Y19.561
G1 F1200 X122.94 Y45.441 E197.76105
G0 F6000 X122.94 Y44.875
G1 F1200 X97.06 Y18.995 E198.97837
G0 F6000 X97.06 Y18.43
G1 F1200 X122.94 Y44.31 E200.19568
G0 F6000 X122.94 Y43.744
G1 F1200 X97.06 Y17.864 E201.413
G0 F6000 X97.06 Y17.298
G1 F1200 X122.94 Y43.178 E202.63032
G0 F6000 X122.94 Y42.613
G1 F1200 X97.06 Y16.732 E203.84765
G0 F6000 X97.06 Y16.167
G1 F1200 X122.94 Y42.047 E205.06497
G0 F6000 X122.94 Y41.481
G1 F1200 X97.118 Y15.659 E206.27956
G0 F6000 X97.683 Y15.659
G1 F1200 X122.94 Y40.916 E207.46757
G0 F6000 X122.94 Y40.35
G1 F1200 X98.249 Y15.659 E208.62896
G0 F6000 X98.815 Y15.659
G1 F1200 X122.94 Y39.784 E209.76372
G0 F6000 X122.94 Y39.218
G1 F1200 X99.381 Y15.659 E210.87187
G0 F6000 X99.946 Y15.659
G1 F1200 X122.94 Y38.653 E211.95344
G0 F6000 X122.94 Y38.087
G1 F1200 X100.512 Y15.659 E213.00838
G0 F6000 X101.078 Y15.659
G1 F1200 X122.94 Y37.521 E214.0367
G0 F6000 X122.94 Y36.956
G1 F1200 X101.643 Y15.659 E215.03845
G0 F6000 X102.209 Y15.659
G1 F1200 X122.94 Y36.39 E216.01357
G0 F6000 X122.94 Y35.824
G1 F1200 X102.775 Y15.659 E216.96207
G0 F6000 X103.34 Y15.659
G1 F1200 X122.94 Y35.259 E217.88399
G0 F6000 X122.94 Y34.693
G1 F1200 X103.906 Y15.659 E218.77929
G0 F6000 X104.472 Y15.659
G1 F1200 X122.94 Y34.127 E219.64797
G0 F6000 X122.94 Y33.562
G1 F1200 X105.037 Y15.659 E220.49007
G0 F6000 X105.603 Y15.659
G1 F1200 X122.94 Y32.996 E221.30555
G0 F6000 X122.94 Y32.43
G1 F1200 X106.169 Y15.659 E222.09441
G0 F6000 X106.734 Y15.659
G1 F1200 X122.94 Y31.865 E222.85669
G0 F6000 X122.94 Y31.299
G1 F1200 X107.3 Y15.659 E223.59235
G0 F6000 X107.866 Y15.659
G1 F1200 X122.94 Y30.733 E224.30138
G0 F6000 X122.94 Y30.168
G1 F1200 X108.431 Y15.659 E224.98384
G0 F6000 X108.997 Y15.659
G1 F1200 X122.94 Y29.602 E225.63968
G0 F6000 X122.94 Y29.036
G1 F1200 X109.563 Y15.659 E226.26889
G0 F6000 X110.129 Y15.659
G1 F1200 X122.94 Y28.47 E226.87148
G0 F6000 X122.94 Y27.905
G1 F1200 X110.694 Y15.659 E227.4475
G0 F6000 X111.26 Y15.659
G1 F1200 X122.94 Y27.339 E227.99689
G0 F6000 X122.94 Y26.773
G1 F1200 X111.826 Y15.659 E228.51966
G0 F6000 X112.391 Y15.659
G1 F1200 X122.94 Y26.208 E229.01585
G0 F6000 X122.94 Y25.642
G1 F1200 X112.957 Y15.659 E229.48542
G0 F6000 X113.523 Y15.659
G1 F1200 X122.94 Y25.076 E229.92836
G0 F6000 X122.94 Y24.511
G1 F1200 X114.088 Y15.659 E230.34474
G0 F6000 X114.654 Y15.659
G1 F1200 X122.94 Y23.945 E230.73448
G0 F6000 X122.94 Y23.379
G1 F1200 X115.22 Y15.659 E231.09761
G0 F6000 X115.785 Y15.659
G1 F1200 X122.94 Y22.814 E231.43416
G0 F6000 X122.94 Y22.248
G1 F1200 X116.351 Y15.659 E231.74408
G0 F6000 X116.917 Y15.659
G1 F1200 X122.94 Y21.682 E232.02739
G0 F6000 X122.94 Y21.117
G1 F1200 X117.482 Y15.659 E232.28412
G0 F6000 X118.048 Y15.659
G1 F1200 X122.94 Y20.551 E232.51422
G0 F6000 X122.94 Y19.985
G1 F1200 X118.614 Y15.659 E232.7177
G0 F6000 X119.18 Y15.659
G1 F1200 X122.94 Y19.419 E232.89456
G0 F6000 X122.94 Y18.854
G1 F1200 X119.745 Y15.659 E233.04484
G0 F6000 X120.311 Y15.659
G1 F1200 X122.94 Y18.288 E233.1685
G0 F6000 X122.94 Y17.722
G1 F1200 X120.877 Y15.659 E233.26554
G0 F6000 X121.442 Y15.659
G1 F1200 X122.94 Y17.157 E233.336
G0 F6000 X122.94 Y16.591
G1 F1200 X122.008 Y15.659 E233.37984
G0 F6000 X122.574 Y15.659
G1 F1200 X122.94 Y16.025 E233.39706
M104 S200
G1 F1500 E226.89706
;MESH:NONMESH
G0 F300 X122.94 Y16.025 Z0.4
G0 F6000 X123.401 Y16.025
G0 X123.329 Y53.728
G0 X107.5 Y53.7
G0 X107.5 Y56.465
;TIME_ELAPSED:375.741955
;LAYER:1
M106 S85
;TYPE:SKIRT
G1 F1500 E233.39706
G1 F1200 X107.509 Y56.462 E233.39737
G1 X107.59 Y56.301 E233.40337
G1 X107.709 Y56.262 E233.40753
G1 X107.79 Y56.101 E233.41353
G1 X107.909 Y56.062 E233.41769
G1 X107.99 Y55.901 E233.42368
G1 X108.109 Y55.862 E233.42785
G1 X108.19 Y55.701 E233.43384
G1 X108.309 Y55.662 E233.43801
G1 X108.39 Y55.501 E233.444
G1 X111.304 Y55.5 E233.54092
G1 X111.416 Y55.777 E233.55086
G1 X111.496 Y55.872 E233.55499
G1 X111.545 Y55.886 E233.55669
G1 X111.566 Y55.958 E233.55918
G1 X111.636 Y56.061 E233.56332
G1 X111.701 Y56.083 E233.56561
G1 X111.701 Y56.103 E233.56627
G1 X111.741 Y56.221 E233.57042
G1 X111.9 Y56.301 E233.57634
G1 X111.939 Y56.421 E233.58053
G1 X112.1 Y56.502 E233.58653
G1 X112.139 Y56.621 E233.59069
G1 X112.3 Y56.702 E233.59669
G1 X112.339 Y56.821 E233.60085
G1 X112.5 Y56.902 E233.60685
G1 X112.532 Y193.144 E238.13827
G1 X112.532 Y193.155 E238.13864
G1 X112.573 Y193.873 E238.16256
G1 X112.576 Y193.895 E238.1633
G1 X112.66 Y194.39 E238.18
G1 X112.663 Y194.404 E238.18047
G1 X112.8 Y194.975 E238.2
G1 X112.802 Y194.986 E238.20037
G1 X112.9 Y195.312 E238.2117
G1 X112.9 Y199.961 E238.36632
G1 X112.788 Y200.308 E238.37845
G1 X112.785 Y200.316 E238.37874
G1 X112.703 Y200.615 E238.38905
G1 X112.701 Y200.625 E238.38939
G1 X112.606 Y201.053 E238.40397
G1 X112.603 Y201.066 E238.40441
G1 X112.567 Y201.302 E238.41235
G1 X112.566 Y201.316 E238.41282
G1 X112.539 Y201.657 E238.4242
G1 X112.538 Y201.665 E238.42446
G1 X112.503 Y202.546 E238.45379
G1 X112.503 Y202.554 E238.45406
G1 X112.5 Y207.499 E238.61853
G1 X107.499 Y207.5 E238.78486
G1 X107.472 Y201.811 E238.97408
G1 X107.472 Y201.801 E238.97441
G1 X107.451 Y201.429 E238.98681
G1 X107.449 Y201.414 E238.98731
G1 X107.414 Y201.147 E238.99626
G1 X107.413 Y201.137 E238.9966
G1 X107.31 Y200.569 E239.0158
G1 X107.304 Y200.546 E239.01659
G1 X107.1 Y199.881 E239.03972
G1 X107.1 Y195.26 E239.19342
G1 X107.278 Y194.658 E239.2143
G1 X107.28 Y194.648 E239.21464
G1 X107.406 Y194.128 E239.23243
G1 X107.411 Y194.105 E239.23322
G1 X107.455 Y193.747 E239.24521
G1 X107.456 Y193.732 E239.24571
G1 X107.485 Y193.079 E239.26745
G1 X107.485 Y193.07 E239.26775
G1 X107.5 Y56.465 E243.81125
G1 F1500 E237.31125
G0 F7500 X106.634 Y56.465
G0 X106.236 Y200.01
G0 X106.65 Y208.353
G0 X108.001 Y208.364
G0 X108 Y207.5
;TYPE:SUPPORT
G1 F1500 E243.81125
G1 F1350 X108 Y56.101 E248.84681
G1 X107.79 Y56.101 E248.85379
G1 X107.79 Y56.301 E248.86044
G1 X107.59 Y56.301 E248.86709
G1 X107.59 Y56.501 E248.87375
G1 X107.5 Y56.501 E248.87674
G1 X107.485 Y193.124 E253.42084
G1 X107.462 Y193.682 E253.43941
G1 X107.43 Y193.964 E253.44885
G1 X107.378 Y194.257 E253.45875
G1 X107.295 Y194.6 E253.47049
G1 X107.1 Y195.263 E253.49347
G1 X107.1 Y199.881 E253.64707
G1 X107.308 Y200.557 E253.67059
G1 X107.423 Y201.191 E253.69202
G1 X107.455 Y201.469 E253.70133
G1 X107.472 Y201.807 E253.71259
G1 X107.499 Y207.5 E253.90194
G1 X112.5 Y207.499 E254.06827
G1 X112.503 Y202.509 E254.23424
G1 X112.539 Y201.62 E254.26383
G1 X112.578 Y201.175 E254.27869
G1 X112.687 Y200.678 E254.29562
G1 X112.781 Y200.327 E254.3077
G1 X112.9 Y199.961 E254.3205
G1 X112.9 Y195.307 E254.47529
G1 X112.796 Y194.964 E254.48722
G1 X112.67 Y194.45 E254.50482
G1 X112.573 Y193.882 E254.52398
G1 X112.532 Y193.228 E254.54578
G1 X112.5 Y56.902 E259.08
G1 X112.3 Y56.902 E259.08665
G1 X112.3 Y56.702 E259.0933
G1 X112.1 Y56.702 E259.09995
G1 X112.1 Y56.502 E259.10661
G1 X112 Y56.502 E259.10993
G1 X112 Y207.5 E264.13215
G1 F1500 E257.63215
G0 F7500 X112.001 Y208.364
G0 X106.65 Y208.353
G0 X92.239 Y54.788
G0 X92.239 Y14.212
G0 X92.916 Y13.531
G0 X93.527 Y14.141
G1 F1500 E264.13215
G1 F1350 X94.7 Y14.628 E264.17439
G1 X94.7 Y14.952 E264.18517
G1 X94.4 Y15.251 E264.19925
G1 X94.4 Y53.749 E265.4797
G1 X94.7 Y54.048 E265.49379
G1 X94.7 Y54.372 E265.50457
G1 X93.527 Y54.859 E265.54681
G1 X93.1 Y54.432 E265.56689
G1 X93.1 Y14.568 E266.89278
G1 X93.527 Y14.141 E266.91286
G1 F1500 E260.41286
G0 F7500 X93.858 Y13.342
G0 X126.141 Y13.343
G0 X126.473 Y14.141
G1 F1500 E266.91286
G1 F1350 X126.9 Y14.568 E266.93295
G1 X126.901 Y54.431 E268.25879
G1 X126.473 Y54.858 E268.2789
G1 X125.301 Y54.371 E268.32111
G1 X125.301 Y54.048 E268.33186
G1 X125.6 Y53.749 E268.34592
G1 X125.6 Y15.251 E269.62637
G1 X125.3 Y14.951 E269.64048
G1 X125.3 Y14.628 E269.65122
G1 X126.473 Y14.141 E269.69347
G1 F1500 E263.19347
G0 F7500 X125.177 Y15.112
;TYPE:SUPPORT-INTERFACE
G1 F1500 E269.69347
G1 F1350 X125.099 Y15.19 E269.69714
G0 F7500 X125.099 Y16.487
G1 F1350 X125.399 Y16.787 E269.71125
G0 F7500 X125.399 Y17.153
G1 F1350 X125.099 Y17.452 E269.72533
G0 F7500 X125.099 Y18.75
G1 F1350 X125.399 Y19.05 E269.73945
G0 F7500 X125.399 Y19.416
G1 F1350 X125.099 Y19.715 E269.75353
G0 F7500 X125.099 Y21.013
G1 F1350 X125.399 Y21.312 E269.76762
G0 F7500 X125.399 Y21.679
G1 F1350 X125.099 Y21.978 E269.78171
G0 F7500 X125.099 Y23.275
G1 F1350 X125.399 Y23.575 E269.79582
G0 F7500 X125.399 Y23.941
G1 F1350 X125.099 Y24.241 E269.80993
G0 F7500 X125.099 Y25.538
G1 F1350 X125.399 Y25.838 E269.82404
G0 F7500 X125.399 Y26.204
G1 F1350 X125.099 Y26.503 E269.83813
G0 F7500 X125.099 Y27.801
G1 F1350 X125.399 Y28.101 E269.85224
G0 F7500 X125.399 Y28.467
G1 F1350 X125.099 Y28.766 E269.86633
G0 F7500 X125.099 Y30.064
G1 F1350 X125.399 Y30.363 E269.88042
G0 F7500 X125.399 Y30.73
G1 F1350 X125.099 Y31.029 E269.8945
G0 F7500 X125.099 Y32.326
G1 F1350 X125.399 Y32.626 E269.90861
G0 F7500 X125.399 Y32.992
G1 F1350 X125.099 Y33.292 E269.92273
G0 F7500 X125.099 Y34.589
G1 F1350 X125.399 Y34.889 E269.93684
G0 F7500 X125.399 Y35.255
G1 F1350 X125.099 Y35.554 E269.95092
G0 F7500 X125.099 Y36.852
G1 F1350 X125.399 Y37.152 E269.96504
G0 F7500 X125.399 Y37.518
G1 F1350 X125.099 Y37.817 E269.97912
G0 F7500 X125.099 Y39.115
G1 F1350 X125.399 Y39.414 E269.99321
G0 F7500 X125.399 Y39.781
G1 F1350 X125.099 Y40.08 E270.0073
G0 F7500 X125.099 Y41.377
G1 F1350 X125.399 Y41.677 E270.02141
G0 F7500 X125.399 Y42.043
G1 F1350 X125.099 Y42.342 E270.0355
G0 F7500 X125.099 Y43.64
G1 F1350 X125.399 Y43.94 E270.04961
G0 F7500 X125.399 Y44.306
G1 F1350 X125.099 Y44.605 E270.0637
G0 F7500 X125.099 Y45.903
G1 F1350 X125.399 Y46.203 E270.07781
G0 F7500 X125.399 Y46.569
G1 F1350 X125.099 Y46.868 E270.09189
G0 F7500 X125.099 Y48.165
G1 F1350 X125.399 Y48.465 E270.10601
G0 F7500 X125.399 Y48.832
G1 F1350 X125.099 Y49.131 E270.12009
G0 F7500 X125.099 Y50.428
G1 F1350 X125.399 Y50.728 E270.1342
G0 F7500 X125.399 Y51.094
G1 F1350 X125.099 Y51.393 E270.14829
G0 F7500 X125.099 Y52.691
G1 F1350 X125.399 Y52.991 E270.1624
G0 F7500 X125.399 Y53.357
G1 F1350 X125.099 Y53.656 E270.17649
G1 F1500 E263.67649
G0 F7500 X124.461 Y54.945
G0 X126.672 Y55.871
G0 X127.762 Y54.787
G0 X127.761 Y14.212
G0 X126.672 Y13.129
G0 X93.328 Y13.129
G0 X92.239 Y14.212
G0 X92.239 Y54.788
G0 X93.328 Y55.871
G0 X95.54 Y54.945
G0 X94.899 Y52.178
G1 F1500 E270.17649
G1 F1350 X94.599 Y52.478 E270.1906
G0 F7500 X94.899 Y51.907
G1 F1350 X94.598 Y51.606 E270.20476
G0 F7500 X94.599 Y50.215
G1 F1350 X94.899 Y49.916 E270.21885
G0 F7500 X94.899 Y49.644
G1 F1350 X94.598 Y49.344 E270.23298
G0 F7500 X94.599 Y47.953
G1 F1350 X94.899 Y47.653 E270.24709
G0 F7500 X94.899 Y47.381
G1 F1350 X94.598 Y47.081 E270.26123
G0 F7500 X94.599 Y45.69
G1 F1350 X94.899 Y45.39 E270.27534
G0 F7500 X94.899 Y45.119
G1 F1350 X94.598 Y44.818 E270.2895
G0 F7500 X94.599 Y43.427
G1 F1350 X94.899 Y43.127 E270.30361
G0 F7500 X94.899 Y42.856
G1 F1350 X94.598 Y42.555 E270.31777
G0 F7500 X94.599 Y41.164
G1 F1350 X94.899 Y40.865 E270.33185
G0 F7500 X94.899 Y40.593
G1 F1350 X94.598 Y40.293 E270.34599
G0 F7500 X94.599 Y38.902
G1 F1350 X94.899 Y38.602 E270.3601
G0 F7500 X94.899 Y38.33
G1 F1350 X94.598 Y38.03 E270.37423
G0 F7500 X94.599 Y36.639
G1 F1350 X94.899 Y36.339 E270.38834
G0 F7500 X94.899 Y36.068
G1 F1350 X94.598 Y35.767 E270.4025
G0 F7500 X94.599 Y34.376
G1 F1350 X94.899 Y34.076 E270.41661
G0 F7500 X94.899 Y33.805
G1 F1350 X94.598 Y33.504 E270.43077
G0 F7500 X94.599 Y32.113
G1 F1350 X94.899 Y31.814 E270.44486
G0 F7500 X94.899 Y31.542
G1 F1350 X94.598 Y31.242 E270.45899
G0 F7500 X94.599 Y29.851
G1 F1350 X94.899 Y29.551 E270.47311
G0 F7500 X94.899 Y29.279
G1 F1350 X94.598 Y28.979 E270.48724
G0 F7500 X94.599 Y27.588
G1 F1350 X94.899 Y27.288 E270.50135
G0 F7500 X94.899 Y27.017
G1 F1350 X94.598 Y26.716 E270.51551
G0 F7500 X94.599 Y25.325
G1 F1350 X94.899 Y25.025 E270.52962
G0 F7500 X94.899 Y24.754
G1 F1350 X94.598 Y24.453 E270.54378
G0 F7500 X94.599 Y23.062
G1 F1350 X94.899 Y22.763 E270.55787
G0 F7500 X94.899 Y22.491
G1 F1350 X94.598 Y22.191 E270.572
G0 F7500 X94.599 Y20.8
G1 F1350 X94.899 Y20.5 E270.58611
G0 F7500 X94.899 Y20.228
G1 F1350 X94.598 Y19.928 E270.60025
G0 F7500 X94.599 Y18.537
G1 F1350 X94.899 Y18.237 E270.61436
G0 F7500 X94.899 Y17.966
G1 F1350 X94.598 Y17.665 E270.62852
G0 F7500 X94.599 Y16.274
G1 F1350 X94.899 Y15.974 E270.64263
G0 F7500 X94.899 Y15.703
G1 F1350 X94.598 Y15.402 E270.65678
G1 F1500 E264.15678
;MESH:Viga_Rectangular.stl
G0 F7500 X96.12 Y15.402
G0 X96.3 Y53.9
;TYPE:WALL-INNER
G1 F1500 E270.65678
G1 F1350 X123.701 Y53.9 E271.75042
G1 X123.701 Y15.099 E273.29905
G1 X96.3 Y15.1 E274.39268
G1 X96.3 Y53.9 E275.94127
G1 F1500 E269.44127
G0 F7500 X123.796 Y54.008
G0 X123.916 Y54.3
;TYPE:WALL-OUTER
G1 F1500 E275.94127
G1 F1350 X124.101 Y54.115 E275.94998
G1 X124.1 Y14.884 E277.2548
G1 X123.916 Y14.7 E277.26346
G1 X96.084 Y14.7 E278.18916
G1 X95.9 Y14.884 E278.19781
G1 X95.9 Y54.116 E279.50267
G1 X96.084 Y54.3 E279.51133
G1 X123.916 Y54.3 E280.43702
G0 F7500 X123.796 Y54.008
G0 X96.661 Y53.8
G0 X96.661 Y53.54
;TYPE:SKIN
G1 F1350 X96.661 Y15.46 E281.70357
G1 X123.341 Y15.46 E282.59095
G1 X123.341 Y53.54 E283.85749
G1 X96.661 Y53.54 E284.74488
G0 F7500 X96.661 Y53.8
G0 X123.529 Y53.728
G0 X123.601 Y52.788
G0 X123.139 Y52.788
G1 F1350 X122.587 Y53.34 E284.77084
G0 F7500 X122.021 Y53.34
G1 F1350 X123.139 Y52.222 E284.82343
G0 F7500 X123.139 Y51.656
G1 F1350 X121.456 Y53.34 E284.90261
G0 F7500 X120.89 Y53.34
G1 F1350 X123.139 Y51.091 E285.0084
G0 F7500 X123.139 Y50.525
G1 F1350 X120.324 Y53.34 E285.14081
G0 F7500 X119.759 Y53.34
G1 F1350 X123.139 Y49.959 E285.29982
G0 F7500 X123.139 Y49.394
G1 F1350 X119.193 Y53.34 E285.48542
G0 F7500 X118.627 Y53.34
G1 F1350 X123.139 Y48.828 E285.69766
G0 F7500 X123.139 Y48.262
G1 F1350 X118.062 Y53.34 E285.93649
G0 F7500 X117.496 Y53.34
G1 F1350 X123.139 Y47.697 E286.20191
G0 F7500 X123.139 Y47.131
G1 F1350 X116.93 Y53.34 E286.49397
G0 F7500 X116.365 Y53.34
G1 F1350 X123.139 Y46.565 E286.81262
G0 F7500 X123.139 Y46
G1 F1350 X115.799 Y53.34 E287.15787
G0 F7500 X115.233 Y53.34
G1 F1350 X123.139 Y45.434 E287.52974
G0 F7500 X123.139 Y44.868
G1 F1350 X114.667 Y53.34 E287.92824
G0 F7500 X114.102 Y53.34
G1 F1350 X123.139 Y44.303 E288.35331
G0 F7500 X123.139 Y43.737
G1 F1350 X113.536 Y53.34 E288.80501
G0 F7500 X112.97 Y53.34
G1 F1350 X123.139 Y43.171 E289.28333
G0 F7500 X123.139 Y42.606
G1 F1350 X112.405 Y53.34 E289.78822
G0 F7500 X111.839 Y53.34
G1 F1350 X123.139 Y42.04 E290.31974
G0 F7500 X123.139 Y41.474
G1 F1350 X111.273 Y53.34 E290.87788
G0 F7500 X110.708 Y53.34
G1 F1350 X123.139 Y40.908 E291.46262
G0 F7500 X123.139 Y40.343
G1 F1350 X110.142 Y53.34 E292.07396
G0 F7500 X109.576 Y53.34
G1 F1350 X123.139 Y39.777 E292.71192
G0 F7500 X123.139 Y39.211
G1 F1350 X109.011 Y53.34 E293.37648
G0 F7500 X108.445 Y53.34
G1 F1350 X123.139 Y38.646 E294.06764
G0 F7500 X123.139 Y38.08
G1 F1350 X107.879 Y53.34 E294.78543
G0 F7500 X107.314 Y53.34
G1 F1350 X123.139 Y37.514 E295.52981
G0 F7500 X123.139 Y36.949
G1 F1350 X106.748 Y53.34 E296.30079
G0 F7500 X106.182 Y53.34
G1 F1350 X123.139 Y36.383 E297.0984
G0 F7500 X123.139 Y35.817
G1 F1350 X105.617 Y53.34 E297.9226
G0 F7500 X105.051 Y53.34
G1 F1350 X123.139 Y35.252 E298.77341
G0 F7500 X123.139 Y34.686
G1 F1350 X104.485 Y53.34 E299.65083
G0 F7500 X103.919 Y53.34
G1 F1350 X123.139 Y34.12 E300.55488
G0 F7500 X123.139 Y33.555
G1 F1350 X103.354 Y53.34 E301.48551
G0 F7500 X102.788 Y53.34
G1 F1350 X123.139 Y32.989 E302.44276
G0 F7500 X123.139 Y32.423
G1 F1350 X102.222 Y53.34 E303.42663
G0 F7500 X101.657 Y53.34
G1 F1350 X123.139 Y31.857 E304.4371
G0 F7500 X123.139 Y31.292
G1 F1350 X101.091 Y53.34 E305.47417
G0 F7500 X100.525 Y53.34
G1 F1350 X123.139 Y30.726 E306.53786
G0 F7500 X123.139 Y30.16
G1 F1350 X99.96 Y53.34 E307.62816
G0 F7500 X99.394 Y53.34
G1 F1350 X123.139 Y29.595 E308.74505
G0 F7500 X123.139 Y29.029
G1 F1350 X98.828 Y53.34 E309.88856
G0 F7500 X98.263 Y53.34
G1 F1350 X123.139 Y28.463 E311.05868
G0 F7500 X123.139 Y27.898
G1 F1350 X97.697 Y53.34 E312.25539
G0 F7500 X97.131 Y53.34
G1 F1350 X123.139 Y27.332 E313.47873
G0 F7500 X123.139 Y26.766
G1 F1350 X96.86 Y53.046 E314.71483
G0 F7500 X96.86 Y52.48
G1 F1350 X123.139 Y26.201 E315.95092
G0 F7500 X123.139 Y25.635
G1 F1350 X96.86 Y51.915 E317.18702
G0 F7500 X96.86 Y51.349
G1 F1350 X123.139 Y25.069 E318.42313
G0 F7500 X123.139 Y24.504
G1 F1350 X96.86 Y50.783 E319.65922
G0 F7500 X96.86 Y50.218
G1 F1350 X123.139 Y23.938 E320.89532
G0 F7500 X123.139 Y23.372
G1 F1350 X96.86 Y49.652 E322.13143
G0 F7500 X96.86 Y49.086
G1 F1350 X123.139 Y22.807 E323.36751
G0 F7500 X123.139 Y22.241
G1 F1350 X96.86 Y48.52 E324.6036
G0 F7500 X96.86 Y47.955
G1 F1350 X123.139 Y21.675 E325.8397
G0 F7500 X123.139 Y21.109
G1 F1350 X96.86 Y47.389 E327.07581
G0 F7500 X96.86 Y46.823
G1 F1350 X123.139 Y20.544 E328.31189
G0 F7500 X123.139 Y19.978
G1 F1350 X96.86 Y46.258 E329.548
G0 F7500 X96.86 Y45.692
G1 F1350 X123.139 Y19.412 E330.78411
G0 F7500 X123.139 Y18.847
G1 F1350 X96.86 Y45.126 E332.02019
G0 F7500 X96.86 Y44.561
G1 F1350 X123.139 Y18.281 E333.2563
G0 F7500 X123.139 Y17.715
G1 F1350 X96.86 Y43.995 E334.49241
G0 F7500 X96.86 Y43.429
G1 F1350 X123.139 Y17.15 E335.72849
G0 F7500 X123.139 Y16.584
G1 F1350 X96.86 Y42.864 E336.9646
G0 F7500 X96.86 Y42.298
G1 F1350 X123.139 Y16.018 E338.2007
G0 F7500 X122.932 Y15.66
G1 F1350 X96.86 Y41.732 E339.42705
G0 F7500 X96.86 Y41.167
G1 F1350 X122.366 Y15.66 E340.6268
G0 F7500 X121.801 Y15.66
G1 F1350 X96.86 Y40.601 E341.79995
G0 F7500 X96.86 Y40.035
G1 F1350 X121.235 Y15.66 E342.94647
G0 F7500 X120.669 Y15.66
G1 F1350 X96.86 Y39.469 E344.06637
G0 F7500 X96.86 Y38.904
G1 F1350 X120.104 Y15.66 E345.1597
G0 F7500 X119.538 Y15.66
G1 F1350 X96.86 Y38.338 E346.22641
G0 F7500 X96.86 Y37.772
G1 F1350 X118.972 Y15.66 E347.26649
G0 F7500 X118.407 Y15.66
G1 F1350 X96.86 Y37.207 E348.27999
G0 F7500 X96.86 Y36.641
G1 F1350 X117.841 Y15.66 E349.26687
G0 F7500 X117.275 Y15.66
G1 F1350 X96.86 Y36.075 E350.22713
G0 F7500 X96.86 Y35.51
G1 F1350 X116.71 Y15.66 E351.16081
G0 F7500 X116.144 Y15.66
G1 F1350 X96.86 Y34.944 E352.06787
G0 F7500 X96.86 Y34.378
G1 F1350 X115.578 Y15.66 E352.94831
G0 F7500 X115.013 Y15.66
G1 F1350 X96.86 Y33.813 E353.80217
G0 F7500 X96.86 Y33.247
G1 F1350 X114.447 Y15.66 E354.62941
G0 F7500 X113.881 Y15.66
G1 F1350 X96.86 Y32.681 E355.43003
G0 F7500 X96.86 Y32.116
G1 F1350 X113.315 Y15.66 E356.20404
G0 F7500 X112.75 Y15.66
G1 F1350 X96.86 Y31.55 E356.95146
G0 F7500 X96.86 Y30.984
G1 F1350 X112.184 Y15.66 E357.67225
G0 F7500 X111.618 Y15.66
G1 F1350 X96.86 Y30.419 E358.36645
G0 F7500 X96.86 Y29.853
G1 F1350 X111.053 Y15.66 E359.03404
G0 F7500 X110.487 Y15.66
G1 F1350 X96.86 Y29.287 E359.67502
G0 F7500 X96.86 Y28.721
G1 F1350 X109.921 Y15.66 E360.28937
G0 F7500 X109.356 Y15.66
G1 F1350 X96.86 Y28.156 E360.87714
G0 F7500 X96.86 Y27.59
G1 F1350 X108.79 Y15.66 E361.43829
G0 F7500 X108.224 Y15.66
G1 F1350 X96.86 Y27.024 E361.97282
G0 F7500 X96.86 Y26.459
G1 F1350 X107.659 Y15.66 E362.48077
G0 F7500 X107.093 Y15.66
G1 F1350 X96.86 Y25.893 E362.9621
G0 F7500 X96.86 Y25.327
G1 F1350 X106.527 Y15.66 E363.41681
G0 F7500 X105.962 Y15.66
G1 F1350 X96.86 Y24.762 E363.84494
G0 F7500 X96.86 Y24.196
G1 F1350 X105.396 Y15.66 E364.24644
G0 F7500 X104.83 Y15.66
G1 F1350 X96.86 Y23.63 E364.62133
G0 F7500 X96.86 Y23.065
G1 F1350 X104.265 Y15.66 E364.96964
G0 F7500 X103.699 Y15.66
G1 F1350 X96.86 Y22.499 E365.29132
G0 F7500 X96.86 Y21.933
G1 F1350 X103.133 Y15.66 E365.58638
G0 F7500 X102.567 Y15.66
G1 F1350 X96.86 Y21.368 E365.85485
G0 F7500 X96.86 Y20.802
G1 F1350 X102.002 Y15.66 E366.09671
G0 F7500 X101.436 Y15.66
G1 F1350 X96.86 Y20.236 E366.31195
G0 F7500 X96.86 Y19.671
G1 F1350 X100.87 Y15.66 E366.50059
G0 F7500 X100.305 Y15.66
G1 F1350 X96.86 Y19.105 E366.66264
G0 F7500 X96.86 Y18.539
G1 F1350 X99.739 Y15.66 E366.79806
G0 F7500 X99.173 Y15.66
G1 F1350 X96.86 Y17.973 E366.90685
G0 F7500 X96.86 Y17.408
G1 F1350 X98.608 Y15.66 E366.98907
G0 F7500 X98.042 Y15.66
G1 F1350 X96.86 Y16.842 E367.04467
G0 F7500 X96.86 Y16.276
G1 F1350 X97.476 Y15.66 E367.07364
G1 F1500 E360.57364
;MESH:NONMESH
G0 F300 X97.476 Y15.66 Z0.6
G0 F7500 X97.476 Y15.199
G0 X96.472 Y15.272
G0 X96.472 Y53.728
G0 X106.405 Y53.736
G0 X107.5 Y53.7
G0 X107.5 Y56.465
;TIME_ELAPSED:584.129504
;LAYER:2
M106 S170
;TYPE:SKIRT
G1 F1500 E367.07364
G1 F1200 X107.509 Y56.462 E367.07396
G1 X107.59 Y56.301 E367.07995
G1 X107.709 Y56.262 E367.08412
G1 X107.79 Y56.101 E367.09011
G1 X107.909 Y56.062 E367.09428
G1 X107.99 Y55.901 E367.10027
G1 X108.109 Y55.862 E367.10444
G1 X108.19 Y55.701 E367.11043
G1 X108.309 Y55.662 E367.1146
G1 X108.39 Y55.501 E367.12059
G1 X111.304 Y55.5 E367.21751
G1 X111.416 Y55.777 E367.22745
G1 X111.496 Y55.872 E367.23158
G1 X111.545 Y55.886 E367.23328
G1 X111.566 Y55.958 E367.23577
G1 X111.636 Y56.061 E367.23991
G1 X111.701 Y56.083 E367.24219
G1 X111.701 Y56.103 E367.24286
G1 X111.741 Y56.221 E367.247
G1 X111.9 Y56.301 E367.25292
G1 X111.939 Y56.421 E367.25712
G1 X112.1 Y56.502 E367.26312
G1 X112.139 Y56.621 E367.26728
G1 X112.3 Y56.702 E367.27327
G1 X112.339 Y56.821 E367.27744
G1 X112.5 Y56.902 E367.28343
G1 X112.532 Y193.144 E371.81486
G1 X112.532 Y193.155 E371.81523
G1 X112.573 Y193.873 E371.83915
G1 X112.576 Y193.895 E371.83989
G1 X112.66 Y194.39 E371.85658
G1 X112.663 Y194.404 E371.85706
G1 X112.8 Y194.975 E371.87659
G1 X112.802 Y194.986 E371.87696
G1 X112.9 Y195.312 E371.88829
G1 X112.9 Y199.961 E372.04291
G1 X112.788 Y200.308 E372.05504
G1 X112.785 Y200.316 E372.05532
G1 X112.703 Y200.615 E372.06564
G1 X112.701 Y200.625 E372.06597
G1 X112.606 Y201.053 E372.08056
G1 X112.603 Y201.066 E372.081
G1 X112.567 Y201.302 E372.08894
G1 X112.566 Y201.316 E372.08941
G1 X112.539 Y201.657 E372.10078
G1 X112.538 Y201.665 E372.10105
G1 X112.503 Y202.546 E372.13038
G1 X112.503 Y202.554 E372.13064
G1 X112.5 Y207.499 E372.29512
G1 X107.499 Y207.5 E372.46145
G1 X107.472 Y201.811 E372.65067
G1 X107.472 Y201.801 E372.651
G1 X107.451 Y201.429 E372.66339
G1 X107.449 Y201.414 E372.6639
G1 X107.414 Y201.147 E372.67285
G1 X107.413 Y201.137 E372.67319
G1 X107.31 Y200.569 E372.69239
G1 X107.304 Y200.546 E372.69318
G1 X107.1 Y199.881 E372.71631
G1 X107.1 Y195.26 E372.87001
G1 X107.278 Y194.658 E372.89089
G1 X107.28 Y194.648 E372.89123
G1 X107.406 Y194.128 E372.90902
G1 X107.411 Y194.105 E372.90981
G1 X107.455 Y193.747 E372.9218
G1 X107.456 Y193.732 E372.9223
G1 X107.485 Y193.079 E372.94404
G1 X107.485 Y193.07 E372.94434
G1 X107.5 Y56.465 E377.48784
G1 F1500 E370.98784
G0 F9000 X106.634 Y56.465
G0 X93.128 Y55.671
G0 X92.239 Y54.788
G0 X92.239 Y14.212
G0 X93.128 Y13.329
G0 X126.872 Y13.329
G0 X127.761 Y14.212
G0 X127.762 Y54.787
G0 X126.873 Y55.67
G0 X112.252 Y55.246
G0 X111.579 Y56
;TYPE:SUPPORT
G1 F1500 E377.48784
G1 X107.99 Y56 E377.60721
G1 X107.99 Y55.9 E377.61054
G1 X108.19 Y55.9 E377.61719
G1 X108.19 Y55.7 E377.62384
G1 X108.39 Y55.7 E377.6305
G1 X108.39 Y55.5 E377.63715
G1 X111.304 Y55.501 E377.73407
G1 X111.466 Y55.901 E377.74842
G1 X111.55 Y55.901 E377.75122
G1 X111.608 Y56.101 E377.75814
G1 X111.701 Y56.101 E377.76123
G1 X111.702 Y56.301 E377.76789
G1 X111.9 Y56.301 E377.77447
G1 X111.9 Y56.501 E377.78112
G1 X112.1 Y56.501 E377.78778
G1 X112.1 Y56.701 E377.79443
G1 X112.3 Y56.701 E377.80108
G1 X112.3 Y56.901 E377.80773
G1 X112.5 Y56.901 E377.81438
G1 X112.501 Y60 E377.91746
G1 X107.5 Y60 E378.08379
G1 X107.5 Y64 E378.21683
G1 X112.502 Y64 E378.3832
G1 X112.503 Y68 E378.51624
G1 X107.499 Y68 E378.68267
G1 X107.499 Y72 E378.81571
G1 X112.504 Y72 E378.98218
G1 X112.505 Y76 E379.11522
G1 X107.498 Y76 E379.28176
G1 X107.498 Y80 E379.4148
G1 X112.506 Y80 E379.58136
G1 X112.507 Y84 E379.7144
G1 X107.497 Y84 E379.88104
G1 X107.497 Y88 E380.01408
G1 X112.508 Y88 E380.18074
G1 X112.509 Y92 E380.31378
G1 X107.497 Y92 E380.48048
G1 X107.496 Y96 E380.61352
G1 X112.51 Y96 E380.78029
G1 X112.511 Y100 E380.91333
G1 X107.496 Y100 E381.08013
G1 X107.495 Y104 E381.21317
G1 X112.512 Y104 E381.38004
G1 X112.512 Y108 E381.51308
G1 X107.495 Y108 E381.67994
G1 X107.494 Y112 E381.81298
G1 X112.513 Y112 E381.97992
G1 X112.514 Y116 E382.11296
G1 X107.494 Y116 E382.27992
G1 X107.493 Y120 E382.41296
G1 X112.514 Y120 E382.57996
G1 X112.515 Y124 E382.713
G1 X107.492 Y124 E382.88007
G1 X107.492 Y128 E383.01311
G1 X112.516 Y128 E383.18021
G1 X112.517 Y132 E383.31325
G1 X107.491 Y132 E383.48041
G1 X107.491 Y136 E383.61346
G1 X112.518 Y136 E383.78065
G1 X112.519 Y140 E383.91369
G1 X107.49 Y140 E384.08096
G1 X107.49 Y144 E384.214
G1 X112.52 Y144 E384.3813
G1 X112.521 Y148 E384.51434
G1 X107.489 Y148 E384.6817
G1 X107.489 Y152 E384.81474
G1 X112.522 Y152 E384.98214
G1 X112.523 Y156 E385.11518
G1 X107.489 Y156 E385.28262
G1 X107.488 Y160 E385.41566
G1 X112.524 Y160 E385.58315
G1 X112.525 Y164 E385.71619
G1 X107.488 Y164 E385.88373
G1 X107.487 Y168 E386.01677
G1 X112.526 Y168 E386.18436
G1 X112.527 Y172 E386.3174
G1 X107.487 Y172 E386.48504
G1 X107.486 Y176 E386.61808
G1 X112.527 Y176 E386.78574
G1 X112.528 Y180 E386.91878
G1 X107.486 Y180 E387.08648
G1 X107.486 Y184 E387.21952
G1 X112.529 Y184 E387.38725
G1 X112.53 Y188 E387.52029
G1 X107.485 Y188 E387.68809
G1 X107.485 Y192 E387.82113
G1 X112.531 Y192 E387.98896
G1 X112.531 Y193.29 E388.03186
G1 X112.572 Y193.882 E388.0516
G1 X112.654 Y194.386 E388.06859
G1 X112.775 Y194.895 E388.08599
G1 X112.899 Y195.307 E388.1003
G1 X112.899 Y196 E388.12335
G1 X107.099 Y196 E388.31625
G1 X107.099 Y199.88 E388.4453
G1 X107.135 Y200 E388.44947
G1 X112.886 Y200 E388.64075
G1 X112.762 Y200.387 E388.65427
G1 X112.672 Y200.727 E388.66596
G1 X112.578 Y201.178 E388.68129
G1 X112.533 Y201.667 E388.69762
G1 X112.502 Y202.475 E388.72451
G1 X112.499 Y207.499 E388.89161
G1 X107.498 Y207.5 E389.05795
G1 X107.482 Y204 E389.17436
G1 X112.501 Y204 E389.34129
G1 F1500 E382.84129
G0 F9000 X113.368 Y204
G0 X113.353 Y208.352
G0 X106.65 Y208.353
G0 X92.239 Y54.788
G0 X92.235 Y52
G0 X94.4 Y52
G1 F1500 E389.34129
G1 X93.1 Y52 E389.38453
G1 X93.1 Y54.431 E389.46538
G1 X93.327 Y54.658 E389.47606
G1 X94.5 Y54.171 E389.51831
G1 X94.5 Y53.847 E389.52908
G1 X94.4 Y53.748 E389.53376
G1 X94.4 Y48 E389.72494
G1 X93.1 Y48 E389.76818
G1 X93.1 Y44 E389.90122
G1 X94.4 Y44 E389.94446
G1 X94.4 Y40 E390.0775
G1 X93.1 Y40 E390.12074
G1 X93.1 Y36 E390.25378
G1 X94.4 Y36 E390.29702
G1 X94.4 Y32 E390.43006
G1 X93.1 Y32 E390.47329
G1 X93.1 Y28 E390.60633
G1 X94.4 Y28 E390.64957
G1 X94.4 Y24 E390.78261
G1 X93.1 Y24 E390.82585
G1 X93.1 Y20 E390.95889
G1 X94.4 Y20 E391.00213
G1 X94.4 Y15.25 E391.16012
G1 X94.5 Y15.151 E391.1648
G1 X94.5 Y14.827 E391.17557
G1 X93.327 Y14.34 E391.21782
G1 X93.1 Y14.567 E391.22849
G1 X93.1 Y16 E391.27615
G1 X94.4 Y16 E391.31939
G1 F1500 E384.81939
G0 F9000 X95.34 Y14.255
G0 X95.726 Y13.839
G0 X126.872 Y13.329
G0 X127.761 Y14.212
G0 X127.765 Y15.999
G0 X126.901 Y16
G1 F1500 E391.31939
G1 X125.6 Y16 E391.36266
G1 X125.6 Y15.25 E391.38761
G1 X125.5 Y15.151 E391.39229
G1 X125.5 Y14.827 E391.40307
G1 X126.673 Y14.34 E391.44531
G1 X126.9 Y14.567 E391.45599
G1 X126.901 Y20 E391.63669
G1 X125.6 Y20 E391.67996
G1 X125.6 Y24 E391.813
G1 X126.901 Y24 E391.85627
G1 X126.901 Y28 E391.98931
G1 X125.6 Y28 E392.03258
G1 X125.6 Y32 E392.16562
G1 X126.901 Y32 E392.2089
G1 X126.901 Y36 E392.34194
G1 X125.6 Y36 E392.38521
G1 X125.6 Y40 E392.51825
G1 X126.901 Y40 E392.56152
G1 X126.901 Y44 E392.69456
G1 X125.6 Y44 E392.73783
G1 X125.6 Y48 E392.87087
G1 X126.901 Y48 E392.91414
G1 X126.901 Y54.43 E393.12801
G1 X126.674 Y54.657 E393.13868
G1 X125.501 Y54.17 E393.18093
G1 X125.501 Y53.846 E393.1917
G1 X125.6 Y53.748 E393.19634
G1 X125.6 Y52 E393.25447
G1 X126.901 Y52 E393.29775
G1 F1500 E386.79775
;MESH:Viga_Rectangular.stl
G0 F9000 X124.1 Y52
G0 X123.75 Y53.9
;TYPE:WALL-INNER
G1 F1500 E393.29775
G1 X123.901 Y53.749 E393.30627
G1 X123.9 Y15.25 E394.84285
G1 X123.75 Y15.1 E394.85131
G1 X96.25 Y15.1 E395.9489
G1 X96.1 Y15.25 E395.95737
G1 X96.1 Y53.75 E397.49398
G1 X96.25 Y53.9 E397.50245
G1 X123.75 Y53.9 E398.60003
G0 F9000 X123.916 Y54.3
;TYPE:WALL-OUTER
G1 F1500 X124.301 Y53.915 E398.61814
G1 X124.3 Y15.084 E399.90967
G1 X123.916 Y14.7 E399.92773
G1 X96.084 Y14.7 E400.85343
G1 X95.7 Y15.084 E400.87149
G1 X95.7 Y53.916 E402.16305
G1 X96.084 Y54.3 E402.18111
G1 X123.916 Y54.3 E403.1068
G0 F9000 X123.541 Y53.54
;TYPE:SKIN
G1 F1500 X96.46 Y53.54 E404.00752
G1 X96.46 Y15.46 E405.27407
G1 X123.54 Y15.46 E406.17475
G1 X123.541 Y53.54 E407.4413
G0 F9000 X123.754 Y53.753
G0 X96.23 Y53.739
G0 X96.659 Y53.101
G1 F1500 X96.897 Y53.339 E407.45249
G0 F9000 X97.463 Y53.339
G1 F1500 X96.659 Y52.535 E407.49031
G0 F9000 X96.659 Y51.97
G1 F1500 X98.029 Y53.339 E407.55473
G0 F9000 X98.594 Y53.339
G1 F1500 X96.659 Y51.404 E407.64574
G0 F9000 X96.659 Y50.838
G1 F1500 X99.16 Y53.339 E407.76338
G0 F9000 X99.726 Y53.339
G1 F1500 X96.659 Y50.273 E407.90762
G0 F9000 X96.659 Y49.707
G1 F1500 X100.291 Y53.339 E408.07846
G0 F9000 X100.857 Y53.339
G1 F1500 X96.659 Y49.141 E408.27592
G0 F9000 X96.659 Y48.576
G1 F1500 X101.423 Y53.339 E408.49998
G0 F9000 X101.988 Y53.339
G1 F1500 X96.659 Y48.01 E408.75064
G0 F9000 X96.659 Y47.444
G1 F1500 X102.554 Y53.339 E409.02792
G0 F9000 X103.12 Y53.339
G1 F1500 X96.659 Y46.879 E409.33181
G0 F9000 X96.659 Y46.313
G1 F1500 X103.685 Y53.339 E409.66229
G0 F9000 X104.251 Y53.339
G1 F1500 X96.659 Y45.747 E410.01939
G0 F9000 X96.659 Y45.182
G1 F1500 X104.817 Y53.339 E410.4031
G0 F9000 X105.382 Y53.339
G1 F1500 X96.659 Y44.616 E410.8134
G0 F9000 X96.659 Y44.05
G1 F1500 X105.948 Y53.339 E411.25033
G0 F9000 X106.514 Y53.339
G1 F1500 X96.659 Y43.484 E411.71387
G0 F9000 X96.659 Y42.919
G1 F1500 X107.08 Y53.339 E412.20402
G0 F9000 X107.645 Y53.339
G1 F1500 X96.659 Y42.353 E412.72077
G0 F9000 X96.659 Y41.787
G1 F1500 X108.211 Y53.339 E413.26414
G0 F9000 X108.777 Y53.339
G1 F1500 X96.659 Y41.222 E413.83411
G0 F9000 X96.659 Y40.656
G1 F1500 X109.342 Y53.339 E414.43068
G0 F9000 X109.908 Y53.339
G1 F1500 X96.659 Y40.09 E415.05387
G0 F9000 X96.659 Y39.525
G1 F1500 X110.474 Y53.339 E415.70367
G0 F9000 X111.039 Y53.339
G1 F1500 X96.659 Y38.959 E416.38006
G0 F9000 X96.659 Y38.393
G1 F1500 X111.605 Y53.339 E417.08307
G0 F9000 X112.171 Y53.339
G1 F1500 X96.659 Y37.828 E417.81268
G0 F9000 X96.659 Y37.262
G1 F1500 X112.736 Y53.339 E418.5689
G0 F9000 X113.302 Y53.339
G1 F1500 X96.659 Y36.696 E419.35173
G0 F9000 X96.659 Y36.131
G1 F1500 X113.868 Y53.339 E420.16117
G0 F9000 X114.433 Y53.339
G1 F1500 X96.659 Y35.565 E420.9972
G0 F9000 X96.659 Y34.999
G1 F1500 X114.999 Y53.339 E421.85986
G0 F9000 X115.565 Y53.339
G1 F1500 X96.659 Y34.433 E422.74914
G0 F9000 X96.659 Y33.868
G1 F1500 X116.13 Y53.339 E423.665
G0 F9000 X116.696 Y53.339
G1 F1500 X96.659 Y33.302 E424.60747
G0 F9000 X96.659 Y32.736
G1 F1500 X117.262 Y53.339 E425.57658
G0 F9000 X117.828 Y53.339
G1 F1500 X96.659 Y32.171 E426.57228
G0 F9000 X96.659 Y31.605
G1 F1500 X118.393 Y53.339 E427.59458
G0 F9000 X118.959 Y53.339
G1 F1500 X96.659 Y31.039 E428.6435
G0 F9000 X96.659 Y30.474
G1 F1500 X119.525 Y53.339 E429.71903
G0 F9000 X120.09 Y53.339
G1 F1500 X96.659 Y29.908 E430.82115
G0 F9000 X96.659 Y29.342
G1 F1500 X120.656 Y53.339 E431.94989
G0 F9000 X121.222 Y53.339
G1 F1500 X96.659 Y28.777 E433.10524
G0 F9000 X96.659 Y28.211
G1 F1500 X121.787 Y53.339 E434.28718
G0 F9000 X122.353 Y53.339
G1 F1500 X96.659 Y27.645 E435.49575
G0 F9000 X96.659 Y27.08
G1 F1500 X122.919 Y53.339 E436.73092
G0 F9000 X123.34 Y53.195
G1 F1500 X96.659 Y26.514 E437.98591
G0 F9000 X96.659 Y25.948
G1 F1500 X123.34 Y52.629 E439.2409
G0 F9000 X123.34 Y52.064
G1 F1500 X96.659 Y25.383 E440.49589
G0 F9000 X96.659 Y24.817
G1 F1500 X123.34 Y51.498 E441.75088
G0 F9000 X123.34 Y50.932
G1 F1500 X96.659 Y24.251 E443.00588
G0 F9000 X96.659 Y23.685
G1 F1500 X123.34 Y50.367 E444.26089
G0 F9000 X123.34 Y49.801
G1 F1500 X96.659 Y23.12 E445.51589
G0 F9000 X96.659 Y22.554
G1 F1500 X123.34 Y49.235 E446.77088
G0 F9000 X123.34 Y48.67
G1 F1500 X96.659 Y21.988 E448.02589
G0 F9000 X96.659 Y21.423
G1 F1500 X123.34 Y48.104 E449.28089
G0 F9000 X123.34 Y47.538
G1 F1500 X96.659 Y20.857 E450.53588
G0 F9000 X96.659 Y20.291
G1 F1500 X123.34 Y46.973 E451.7909
G0 F9000 X123.34 Y46.407
G1 F1500 X96.659 Y19.726 E453.04589
G0 F9000 X96.659 Y19.16
G1 F1500 X123.34 Y45.841 E454.30088
G0 F9000 X123.34 Y45.276
G1 F1500 X96.659 Y18.594 E455.5559
G0 F9000 X96.659 Y18.029
G1 F1500 X123.34 Y44.71 E456.81089
G0 F9000 X123.34 Y44.144
G1 F1500 X96.659 Y17.463 E458.06588
G0 F9000 X96.659 Y16.897
G1 F1500 X123.34 Y43.578 E459.32087
G0 F9000 X123.34 Y43.013
G1 F1500 X96.659 Y16.332 E460.57587
G0 F9000 X96.659 Y15.766
G1 F1500 X123.34 Y42.447 E461.83086
G0 F9000 X123.34 Y41.881
G1 F1500 X97.118 Y15.66 E463.06424
G0 F9000 X97.684 Y15.66
G1 F1500 X123.34 Y41.316 E464.27102
G0 F9000 X123.34 Y40.75
G1 F1500 X98.25 Y15.66 E465.45117
G0 F9000 X98.816 Y15.66
G1 F1500 X123.34 Y40.184 E466.60471
G0 F9000 X123.34 Y39.619
G1 F1500 X99.381 Y15.66 E467.73166
G0 F9000 X99.947 Y15.66
G1 F1500 X123.34 Y39.053 E468.832
G0 F9000 X123.34 Y38.487
G1 F1500 X100.513 Y15.66 E469.90571
G0 F9000 X101.078 Y15.66
G1 F1500 X123.34 Y37.922 E470.95285
G0 F9000 X123.34 Y37.356
G1 F1500 X101.644 Y15.66 E471.97336
G0 F9000 X102.21 Y15.66
G1 F1500 X123.34 Y36.79 E472.96725
G0 F9000 X123.34 Y36.225
G1 F1500 X102.775 Y15.66 E473.93457
G0 F9000 X103.341 Y15.66
G1 F1500 X123.34 Y35.659 E474.87526
G0 F9000 X123.34 Y35.093
G1 F1500 X103.907 Y15.66 E475.78933
G0 F9000 X104.472 Y15.66
G1 F1500 X123.34 Y34.528 E476.67682
G0 F9000 X123.339 Y33.961
G1 F1500 X105.038 Y15.66 E477.53764
G0 F9000 X105.604 Y15.66
G1 F1500 X123.339 Y33.395 E478.37184
G0 F9000 X123.339 Y32.83
G1 F1500 X106.169 Y15.66 E479.17947
G0 F9000 X106.735 Y15.66
G1 F1500 X123.339 Y32.264 E479.96047
G0 F9000 X123.339 Y31.698
G1 F1500 X107.301 Y15.66 E480.71485
G0 F9000 X107.867 Y15.66
G1 F1500 X123.339 Y31.133 E481.44263
G0 F9000 X123.339 Y30.567
G1 F1500 X108.432 Y15.66 E482.14381
G0 F9000 X108.998 Y15.66
G1 F1500 X123.339 Y30.001 E482.81836
G0 F9000 X123.339 Y29.436
G1 F1500 X109.564 Y15.66 E483.46632
G0 F9000 X110.129 Y15.66
G1 F1500 X123.339 Y28.87 E484.08768
G0 F9000 X123.339 Y28.304
G1 F1500 X110.695 Y15.66 E484.68241
G0 F9000 X111.261 Y15.66
G1 F1500 X123.339 Y27.739 E485.25055
G0 F9000 X123.339 Y27.173
G1 F1500 X111.826 Y15.66 E485.79208
G0 F9000 X112.392 Y15.66
G1 F1500 X123.339 Y26.607 E486.307
G0 F9000 X123.339 Y26.042
G1 F1500 X112.958 Y15.66 E486.79531
G0 F9000 X113.523 Y15.66
G1 F1500 X123.339 Y25.476 E487.25703
G0 F9000 X123.339 Y24.91
G1 F1500 X114.089 Y15.66 E487.69212
G0 F9000 X114.655 Y15.66
G1 F1500 X123.339 Y24.344 E488.10059
G0 F9000 X123.339 Y23.779
G1 F1500 X115.22 Y15.66 E488.48248
G0 F9000 X115.786 Y15.66
G1 F1500 X123.339 Y23.213 E488.83775
G0 F9000 X123.339 Y22.647
G1 F1500 X116.352 Y15.66 E489.1664
G0 F9000 X116.917 Y15.66
G1 F1500 X123.339 Y22.082 E489.46847
G0 F9000 X123.339 Y21.516
G1 F1500 X117.483 Y15.66 E489.74392
G0 F9000 X118.049 Y15.66
G1 F1500 X123.339 Y20.95 E489.99274
G0 F9000 X123.339 Y20.385
G1 F1500 X118.615 Y15.66 E490.21497
G0 F9000 X119.18 Y15.66
G1 F1500 X123.339 Y19.819 E490.41059
G0 F9000 X123.339 Y19.253
G1 F1500 X119.746 Y15.66 E490.5796
G0 F9000 X120.312 Y15.66
G1 F1500 X123.339 Y18.688 E490.722
G0 F9000 X123.339 Y18.122
G1 F1500 X120.877 Y15.66 E490.83781
G0 F9000 X121.443 Y15.66
G1 F1500 X123.339 Y17.556 E490.92699
G0 F9000 X123.339 Y16.991
G1 F1500 X122.009 Y15.66 E490.98957
G0 F9000 X122.574 Y15.66
G1 F1500 X123.339 Y16.425 E491.02555
G0 F9000 X123.339 Y15.859
G1 F1500 X123.14 Y15.66 E491.03491
G1 F1500 E484.53491
;MESH:NONMESH
G0 F300 X123.14 Y15.66 Z0.8
G0 F9000 X123.14 Y15.2
G0 X123.683 Y15.264
G0 X123.737 Y53.681
G0 X108 Y54.08
G0 X107.137 Y55.153
G0 X106.737 Y55.448
G0 X106.236 Y200.009
G0 X106.65 Y208.353
G0 X108.001 Y208.364
G0 X108 Y207.5
;TIME_ELAPSED:759.599772
;LAYER:3
M106 S255
;TYPE:SUPPORT
G1 F1500 E491.03491
G1 X108 Y56.101 E496.07047
G1 X107.79 Y56.101 E496.07745
G1 X107.79 Y56.301 E496.0841
G1 X107.59 Y56.301 E496.09075
G1 X107.59 Y56.501 E496.09741
G1 X107.5 Y56.501 E496.1004
G1 X107.485 Y193.225 E500.64786
G1 X107.457 Y193.813 E500.66744
G1 X107.384 Y194.236 E500.68171
G1 X107.269 Y194.718 E500.6982
G1 X107.1 Y195.26 E500.71708
G1 X107.1 Y199.882 E500.87081
G1 X107.307 Y200.559 E500.89435
G1 X107.449 Y201.33 E500.92043
G1 X107.474 Y201.749 E500.93439
G1 X107.499 Y207.5 E501.12567
G1 X112.5 Y207.499 E501.292
G1 X112.503 Y202.44 E501.46027
G1 X112.537 Y201.571 E501.48919
G1 X112.578 Y201.191 E501.5019
G1 X112.652 Y200.813 E501.51472
G1 X112.762 Y200.389 E501.52928
G1 X112.9 Y199.958 E501.54434
G1 X112.9 Y195.31 E501.69893
G1 X112.785 Y194.933 E501.71204
G1 X112.637 Y194.316 E501.73314
G1 X112.562 Y193.808 E501.75022
G1 X112.532 Y193.363 E501.76506
G1 X112.5 Y56.902 E506.30377
G1 X112.3 Y56.902 E506.31042
G1 X112.3 Y56.702 E506.31707
G1 X112.1 Y56.702 E506.32372
G1 X112.1 Y56.502 E506.33038
G1 X112 Y56.502 E506.3337
G1 X112 Y207.5 E511.35592
G1 F1500 E504.85592
;MESH:Viga_Rectangular.stl
G0 F9000 X112.001 Y208.364
G0 X113.353 Y208.352
G0 X113.764 Y200.094
G0 X113.353 Y56.049
G0 X112.55 Y55.249
G0 X112.216 Y55.149
G0 X123.75 Y53.9
;TYPE:WALL-INNER
G1 F1500 E511.35592
G1 X124.101 Y53.549 E511.37573
G1 X124.1 Y15.45 E512.89634
G1 X123.75 Y15.1 E512.9161
G1 X96.25 Y15.1 E514.01368
G1 X95.9 Y15.45 E514.03344
G1 X95.9 Y53.55 E515.55409
G1 X96.25 Y53.9 E515.57385
G1 X123.75 Y53.9 E516.67143
G0 F9000 X123.916 Y54.3
;TYPE:WALL-OUTER
G1 F1500 X124.501 Y53.715 E516.69895
G1 X124.5 Y15.284 E517.97717
G1 X123.916 Y14.7 E518.00464
G1 X96.084 Y14.7 E518.93033
G1 X95.5 Y15.284 E518.9578
G1 X95.5 Y53.716 E520.23606
G1 X96.084 Y54.3 E520.26353
G1 X123.916 Y54.3 E521.18922
G0 F9000 X123.6 Y53.54
;TYPE:SKIN
G1 F1500 X96.4 Y53.54 E522.0939
G1 X96.26 Y53.4 E522.10048
G1 X96.26 Y15.6 E523.35772
G1 X96.4 Y15.46 E523.3643
G1 X123.6 Y15.46 E524.26898
G1 X123.74 Y15.6 E524.27556
G1 X123.741 Y53.399 E525.53276
G1 X123.6 Y53.54 E525.53939
G0 F9000 X123.539 Y52.954
G1 F1500 X123.153 Y53.339 E525.55753
G0 F9000 X122.588 Y53.339
G1 F1500 X123.539 Y52.388 E525.60226
G0 F9000 X123.539 Y51.823
G1 F1500 X122.022 Y53.339 E525.67359
G0 F9000 X121.456 Y53.339
G1 F1500 X123.539 Y51.257 E525.77154
G0 F9000 X123.539 Y50.691
G1 F1500 X120.891 Y53.339 E525.8961
G0 F9000 X120.325 Y53.339
G1 F1500 X123.539 Y50.126 E526.04725
G0 F9000 X123.539 Y49.56
G1 F1500 X119.759 Y53.339 E526.22503
G0 F9000 X119.194 Y53.339
G1 F1500 X123.539 Y48.994 E526.4294
G0 F9000 X123.539 Y48.429
G1 F1500 X118.628 Y53.339 E526.66038
G0 F9000 X118.062 Y53.339
G1 F1500 X123.539 Y47.863 E526.91798
G0 F9000 X123.539 Y47.297
G1 F1500 X117.497 Y53.339 E527.20217
G0 F9000 X116.931 Y53.339
G1 F1500 X123.539 Y46.731 E527.51299
G0 F9000 X123.539 Y46.166
G1 F1500 X116.365 Y53.339 E527.85041
G0 F9000 X115.8 Y53.339
G1 F1500 X123.539 Y45.6 E528.21443
G0 F9000 X123.539 Y45.034
G1 F1500 X115.234 Y53.339 E528.60507
G0 F9000 X114.668 Y53.339
G1 F1500 X123.539 Y44.469 E529.02231
G0 F9000 X123.539 Y43.903
G1 F1500 X114.102 Y53.339 E529.46618
G0 F9000 X113.537 Y53.339
G1 F1500 X123.539 Y43.337 E529.93664
G0 F9000 X123.539 Y42.772
G1 F1500 X112.971 Y53.339 E530.4337
G0 F9000 X112.405 Y53.339
G1 F1500 X123.539 Y42.206 E530.95739
G0 F9000 X123.539 Y41.64
G1 F1500 X111.84 Y53.339 E531.50767
G0 F9000 X111.274 Y53.339
G1 F1500 X123.539 Y41.075 E532.08456
G0 F9000 X123.539 Y40.509
G1 F1500 X110.708 Y53.339 E532.68807
G0 F9000 X110.143 Y53.339
G1 F1500 X123.539 Y39.943 E533.31817
G0 F9000 X123.539 Y39.378
G1 F1500 X109.577 Y53.339 E533.97488
G0 F9000 X109.011 Y53.339
G1 F1500 X123.539 Y38.812 E534.65821
G0 F9000 X123.539 Y38.246
G1 F1500 X108.446 Y53.339 E535.36814
G0 F9000 X107.88 Y53.339
G1 F1500 X123.539 Y37.681 E536.10466
G0 F9000 X123.539 Y37.115
G1 F1500 X107.314 Y53.339 E536.86782
G0 F9000 X106.749 Y53.339
G1 F1500 X123.539 Y36.549 E537.65757
G0 F9000 X123.539 Y35.983
G1 F1500 X106.183 Y53.339 E538.47394
G0 F9000 X105.617 Y53.339
G1 F1500 X123.539 Y35.418 E539.31691
G0 F9000 X123.539 Y34.852
G1 F1500 X105.052 Y53.339 E540.18648
G0 F9000 X104.486 Y53.339
G1 F1500 X123.539 Y34.286 E541.08268
G0 F9000 X123.539 Y33.721
G1 F1500 X103.92 Y53.339 E542.00547
G0 F9000 X103.354 Y53.339
G1 F1500 X123.539 Y33.155 E542.95489
G0 F9000 X123.539 Y32.589
G1 F1500 X102.789 Y53.339 E543.93091
G0 F9000 X102.223 Y53.339
G1 F1500 X123.539 Y32.024 E544.93352
G0 F9000 X123.539 Y31.458
G1 F1500 X101.657 Y53.339 E545.96276
G0 F9000 X101.092 Y53.339
G1 F1500 X123.539 Y30.892 E547.0186
G0 F9000 X123.539 Y30.327
G1 F1500 X100.526 Y53.339 E548.10104
G0 F9000 X99.96 Y53.339
G1 F1500 X123.539 Y29.761 E549.2101
G0 F9000 X123.539 Y29.195
G1 F1500 X99.395 Y53.339 E550.34576
G0 F9000 X98.829 Y53.339
G1 F1500 X123.539 Y28.63 E551.50801
G0 F9000 X123.539 Y28.064
G1 F1500 X98.263 Y53.339 E552.6969
G0 F9000 X97.698 Y53.339
G1 F1500 X123.539 Y27.498 E553.91238
G0 F9000 X123.539 Y26.932
G1 F1500 X97.132 Y53.339 E555.15448
G0 F9000 X96.566 Y53.339
G1 F1500 X123.539 Y26.367 E556.42319
G0 F9000 X123.539 Y25.801
G1 F1500 X96.459 Y52.881 E557.69695
G0 F9000 X96.459 Y52.316
G1 F1500 X123.539 Y25.235 E558.97073
G0 F9000 X123.539 Y24.67
G1 F1500 X96.459 Y51.75 E560.24449
G0 F9000 X96.459 Y51.184
G1 F1500 X123.539 Y24.104 E561.51825
G0 F9000 X123.539 Y23.538
G1 F1500 X96.459 Y50.618 E562.79201
G0 F9000 X96.459 Y50.053
G1 F1500 X123.539 Y22.973 E564.06577
G0 F9000 X123.539 Y22.407
G1 F1500 X96.459 Y49.487 E565.33953
G0 F9000 X96.459 Y48.921
G1 F1500 X123.539 Y21.841 E566.61329
G0 F9000 X123.539 Y21.276
G1 F1500 X96.459 Y48.356 E567.88705
G0 F9000 X96.459 Y47.79
G1 F1500 X123.539 Y20.71 E569.16081
G0 F9000 X123.539 Y20.144
G1 F1500 X96.459 Y47.224 E570.43457
G0 F9000 X96.459 Y46.659
G1 F1500 X123.539 Y19.579 E571.70833
G0 F9000 X123.539 Y19.013
G1 F1500 X96.459 Y46.093 E572.98209
G0 F9000 X96.459 Y45.527
G1 F1500 X123.539 Y18.447 E574.25585
G0 F9000 X123.539 Y17.882
G1 F1500 X96.459 Y44.962 E575.52961
G0 F9000 X96.459 Y44.396
G1 F1500 X123.539 Y17.316 E576.80337
G0 F9000 X123.539 Y16.75
G1 F1500 X96.459 Y43.83 E578.07713
G0 F9000 X96.459 Y43.265
G1 F1500 X123.539 Y16.184 E579.35092
G0 F9000 X123.499 Y15.659
G1 F1500 X96.459 Y42.699 E580.62279
G0 F9000 X96.459 Y42.133
G1 F1500 X122.933 Y15.659 E581.86805
G0 F9000 X122.367 Y15.659
G1 F1500 X96.459 Y41.567 E583.08668
G0 F9000 X96.459 Y41.002
G1 F1500 X121.801 Y15.659 E584.27872
G0 F9000 X121.236 Y15.659
G1 F1500 X96.459 Y40.436 E585.44415
G0 F9000 X96.459 Y39.87
G1 F1500 X120.67 Y15.659 E586.58296
G0 F9000 X120.104 Y15.659
G1 F1500 X96.459 Y39.305 E587.69517
G0 F9000 X96.459 Y38.739
G1 F1500 X119.539 Y15.659 E588.78079
G0 F9000 X118.973 Y15.659
G1 F1500 X96.459 Y38.173 E589.83978
G0 F9000 X96.459 Y37.608
G1 F1500 X118.407 Y15.659 E590.87217
G0 F9000 X117.842 Y15.659
G1 F1500 X96.459 Y37.042 E591.87796
G0 F9000 X96.459 Y36.476
G1 F1500 X117.276 Y15.659 E592.85712
G0 F9000 X116.71 Y15.659
G1 F1500 X96.459 Y35.911 E593.80969
G0 F9000 X96.459 Y35.345
G1 F1500 X116.145 Y15.659 E594.73566
G0 F9000 X115.579 Y15.659
G1 F1500 X96.459 Y34.779 E595.63501
G0 F9000 X96.459 Y34.214
G1 F1500 X115.013 Y15.659 E596.50776
G0 F9000 X114.448 Y15.659
G1 F1500 X96.459 Y33.648 E597.3539
G0 F9000 X96.459 Y33.082
G1 F1500 X113.882 Y15.659 E598.17343
G0 F9000 X113.316 Y15.659
G1 F1500 X96.459 Y32.517 E598.96635
G0 F9000 X96.459 Y31.951
G1 F1500 X112.751 Y15.659 E599.73268
G0 F9000 X112.185 Y15.659
G1 F1500 X96.459 Y31.385 E600.47238
G0 F9000 X96.459 Y30.819
G1 F1500 X111.619 Y15.659 E601.18546
G0 F9000 X111.053 Y15.659
G1 F1500 X96.459 Y30.254 E601.87194
G0 F9000 X96.459 Y29.688
G1 F1500 X110.488 Y15.659 E602.53182
G0 F9000 X109.922 Y15.659
G1 F1500 X96.459 Y29.122 E603.16508
G0 F9000 X96.459 Y28.557
G1 F1500 X109.356 Y15.659 E603.77174
G0 F9000 X108.791 Y15.659
G1 F1500 X96.459 Y27.991 E604.3518
G0 F9000 X96.459 Y27.425
G1 F1500 X108.225 Y15.659 E604.90524
G0 F9000 X107.659 Y15.659
G1 F1500 X96.459 Y26.86 E605.43207
G0 F9000 X96.459 Y26.294
G1 F1500 X107.094 Y15.659 E605.93231
G0 F9000 X106.528 Y15.659
G1 F1500 X96.459 Y25.728 E606.40593
G0 F9000 X96.459 Y25.163
G1 F1500 X105.962 Y15.659 E606.85294
G0 F9000 X105.397 Y15.659
G1 F1500 X96.459 Y24.597 E607.27336
G0 F9000 X96.459 Y24.031
G1 F1500 X104.831 Y15.659 E607.66715
G0 F9000 X104.265 Y15.659
G1 F1500 X96.459 Y23.466 E608.03434
G0 F9000 X96.459 Y22.9
G1 F1500 X103.7 Y15.659 E608.37494
G0 F9000 X103.134 Y15.659
G1 F1500 X96.459 Y22.334 E608.68891
G0 F9000 X96.459 Y21.768
G1 F1500 X102.568 Y15.659 E608.97626
G0 F9000 X102.002 Y15.659
G1 F1500 X96.459 Y21.203 E609.23701
G0 F9000 X96.459 Y20.637
G1 F1500 X101.437 Y15.659 E609.47116
G0 F9000 X100.871 Y15.659
G1 F1500 X96.459 Y20.071 E609.67868
G0 F9000 X96.459 Y19.506
G1 F1500 X100.305 Y15.659 E609.85961
G0 F9000 X99.74 Y15.659
G1 F1500 X96.459 Y18.94 E610.01394
G0 F9000 X96.459 Y18.374
G1 F1500 X99.174 Y15.659 E610.14165
G0 F9000 X98.608 Y15.659
G1 F1500 X96.459 Y17.809 E610.24275
G0 F9000 X96.459 Y17.243
G1 F1500 X98.043 Y15.659 E610.31726
G0 F9000 X97.477 Y15.659
G1 F1500 X96.459 Y16.677 E610.36514
G0 F9000 X96.459 Y16.112
G1 F1500 X96.911 Y15.659 E610.38643
G1 F1500 E603.88643
;MESH:NONMESH
G0 F300 X96.911 Y15.659 Z1
G0 F9000 X96.198 Y15.295
G0 X96.064 Y15.518
G0 X96.064 Y53.482
G0 X96.318 Y53.736
G0 X111.579 Y53.7
G0 X111.579 Y56
;TIME_ELAPSED:915.951801
;LAYER:4
;TYPE:SUPPORT
G1 F1500 E610.38643
G1 X107.99 Y56 E610.5058
G1 X107.99 Y55.9 E610.50912
G1 X108.19 Y55.9 E610.51577
G1 X108.19 Y55.7 E610.52243
G1 X108.39 Y55.7 E610.52908
G1 X108.39 Y55.5 E610.53573
G1 X111.304 Y55.501 E610.63265
G1 X111.466 Y55.901 E610.647
G1 X111.55 Y55.901 E610.6498
G1 X111.608 Y56.101 E610.65672
G1 X111.701 Y56.101 E610.65982
G1 X111.702 Y56.301 E610.66647
G1 X111.9 Y56.301 E610.67306
G1 X111.9 Y56.501 E610.67971
G1 X112.1 Y56.501 E610.68636
G1 X112.1 Y56.701 E610.69301
G1 X112.3 Y56.701 E610.69966
G1 X112.3 Y56.901 E610.70632
G1 X112.5 Y56.901 E610.71297
G1 X112.501 Y60 E610.81604
G1 X107.5 Y60 E610.98237
G1 X107.5 Y64 E611.11542
G1 X112.502 Y64 E611.28178
G1 X112.503 Y68 E611.41482
G1 X107.499 Y68 E611.58126
G1 X107.499 Y72 E611.7143
G1 X112.504 Y72 E611.88076
G1 X112.505 Y76 E612.0138
G1 X107.499 Y76 E612.1803
G1 X107.498 Y80 E612.31335
G1 X112.505 Y80 E612.47988
G1 X112.506 Y84 E612.61292
G1 X107.498 Y84 E612.77949
G1 X107.497 Y88 E612.91253
G1 X112.507 Y88 E613.07916
G1 X112.508 Y92 E613.2122
G1 X107.497 Y92 E613.37887
G1 X107.496 Y96 E613.51191
G1 X112.509 Y96 E613.67864
G1 X112.51 Y100 E613.81168
G1 X107.496 Y100 E613.97845
G1 X107.496 Y104 E614.11149
G1 X112.511 Y104 E614.27829
G1 X112.511 Y108 E614.41133
G1 X107.495 Y108 E614.57816
G1 X107.495 Y112 E614.7112
G1 X112.512 Y112 E614.87807
G1 X112.513 Y116 E615.01111
G1 X107.494 Y116 E615.17804
G1 X107.493 Y120 E615.31108
G1 X112.513 Y120 E615.47805
G1 X112.514 Y124 E615.61109
G1 X107.493 Y124 E615.77809
G1 X107.492 Y128 E615.91113
G1 X112.515 Y128 E616.07819
G1 X112.515 Y132 E616.21123
G1 X107.492 Y132 E616.3783
G1 X107.491 Y136 E616.51134
G1 X112.516 Y136 E616.67847
G1 X112.517 Y140 E616.81151
G1 X107.491 Y140 E616.97868
G1 X107.491 Y144 E617.11172
G1 X112.518 Y144 E617.27892
G1 X112.519 Y148 E617.41196
G1 X107.49 Y148 E617.57922
G1 X107.49 Y152 E617.71226
G1 X112.52 Y152 E617.87956
G1 X112.521 Y156 E618.0126
G1 X107.489 Y156 E618.17997
G1 X107.489 Y160 E618.31301
G1 X112.521 Y160 E618.48037
G1 X112.522 Y164 E618.61341
G1 X107.488 Y164 E618.78085
G1 X107.488 Y168 E618.91389
G1 X112.523 Y168 E619.08135
G1 X112.524 Y172 E619.21439
G1 X107.488 Y172 E619.38189
G1 X107.487 Y176 E619.51493
G1 X112.525 Y176 E619.68249
G1 X112.526 Y180 E619.81553
G1 X107.487 Y180 E619.98313
G1 X107.486 Y184 E620.11617
G1 X112.527 Y184 E620.28384
G1 X112.527 Y188 E620.41688
G1 X107.486 Y188 E620.58454
G1 X107.486 Y192 E620.71758
G1 X112.528 Y192 E620.88528
G1 X112.528 Y193.32 E620.92918
G1 X112.553 Y193.751 E620.94354
G1 X112.616 Y194.224 E620.95941
G1 X112.767 Y194.878 E620.98174
G1 X112.899 Y195.311 E620.99679
G1 X112.899 Y196 E621.01971
G1 X107.099 Y196 E621.21262
G1 X107.099 Y199.881 E621.3417
G1 X107.135 Y200 E621.34584
G1 X112.885 Y200 E621.53708
G1 X112.749 Y200.422 E621.55183
G1 X112.639 Y200.859 E621.56682
G1 X112.567 Y201.244 E621.57984
G1 X112.538 Y201.506 E621.58861
G1 X112.502 Y202.4 E621.61837
G1 X112.499 Y207.499 E621.78796
G1 X107.498 Y207.5 E621.9543
G1 X107.484 Y204 E622.07071
G1 X112.501 Y204 E622.23758
G1 F1500 E615.73758
;MESH:Viga_Rectangular.stl
G0 F9000 X113.368 Y204
G0 X113.764 Y200.094
G0 X113.353 Y56.049
G0 X112.501 Y55.165
G0 X112.501 Y54.08
G0 X123.63 Y53.608
G0 X123.75 Y53.9
;TYPE:WALL-INNER
G1 F1500 E622.23758
G1 X124.301 Y53.349 E622.26868
G1 X124.3 Y15.65 E623.77333
G1 X123.75 Y15.1 E623.80437
G1 X96.25 Y15.1 E624.90195
G1 X95.7 Y15.65 E624.933
G1 X95.7 Y53.35 E626.43769
G1 X96.25 Y53.9 E626.46873
G1 X123.75 Y53.9 E627.56632
G0 F9000 X123.916 Y54.3
;TYPE:WALL-OUTER
G1 F1500 X124.701 Y53.515 E627.60324
G1 X124.7 Y15.484 E628.86816
G1 X123.916 Y14.7 E628.90503
G1 X96.084 Y14.7 E629.83073
G1 X95.3 Y15.484 E629.86761
G1 X95.3 Y53.516 E631.13256
G1 X96.084 Y54.3 E631.16943
G1 X123.916 Y54.3 E632.09513
G0 F9000 X123.63 Y53.608
G0 X122.702 Y53.6
G0 X122.702 Y53.82
;TYPE:FILL
G1 F3000 X95.779 Y26.896 E633.36153
G0 F9000 X95.78 Y27.577
G1 F3000 X124.219 Y19.957 E634.34078
G0 F9000 X124 Y19.957
G0 X124 Y21.397
G0 X124.22 Y21.397
G1 F3000 X118.003 Y15.18 E634.63321
G0 F9000 X118.868 Y15.179
G1 F3000 X95.779 Y21.366 E635.42824
G1 X95.779 Y21.242
G1 X97.404 Y15.179 E635.63702
G0 F9000 X97.404 Y15.4
G0 X96 Y18.411
G0 X95.779 Y18.411
G1 F3000 X124.22 Y46.852 E636.97479
G0 F9000 X124 Y46.852
G0 X124 Y44.804
G0 X124.219 Y44.804
G1 F3000 X95.779 Y52.424 E637.95408
G1 X95.779 Y52.352
G1 X97.246 Y53.82 E638.0231
G0 F9000 X97.246 Y53.6
G0 X99.473 Y53.6
G0 X99.473 Y53.819
G1 F3000 X109.827 Y15.179 E639.35361
G0 F9000 X109.518 Y15.18
G1 F3000 X124.22 Y29.882 E640.04515
G0 F9000 X124 Y29.882
G0 X124 Y31.013
G0 X124.219 Y31.013
G1 F3000 X118.108 Y53.819 E640.83044
G0 F9000 X118.108 Y53.6
G0 X114.216 Y53.6
G0 X114.216 Y53.82
G1 F3000 X95.779 Y35.382 E641.69768
G0 F9000 X96 Y35.382
G0 X96 Y33.789
G0 X95.78 Y33.789
G1 F3000 X124.219 Y26.169 E642.67693
G0 F9000 X124 Y26.169
G0 X124 Y32.38
G0 X124.219 Y32.38
G1 F3000 X95.779 Y40.001 E643.65623
G0 F9000 X96 Y40.001
G0 X96 Y43.867
G0 X95.779 Y43.867
G1 F3000 X105.731 Y53.82 E644.12436
G1 X105.685 Y53.82
G1 X116.038 Y15.18 E645.45486
G0 F9000 X116.038 Y15.4
G0 X122.25 Y15.4
G0 X122.25 Y15.18
G1 F3000 X111.897 Y53.819 E646.78533
G0 F9000 X111.897 Y53.6
G0 X113.754 Y53.6
G0 X113.754 Y53.819
G1 F3000 X124.22 Y51.015 E647.14571
G0 F9000 X124 Y51.015
G0 X124 Y38.592
G0 X124.22 Y38.592
G1 F3000 X95.779 Y46.213 E648.12503
G0 F9000 X96 Y46.213
G0 X96 Y44.425
G0 X95.779 Y44.425
G1 F3000 X103.615 Y15.179 E649.13207
G0 F9000 X103.615 Y15.4
G0 X101.032 Y15.4
G0 X101.032 Y15.18
G1 F3000 X124.22 Y38.367 E650.22274
G0 F9000 X123.7 Y38.367
G1 F1500 E643.72274
;MESH:NONMESH
G0 F300 X123.7 Y38.367 Z1.2
G0 F9000 X108 Y54.08
G0 X107.137 Y55.153
G0 X106.737 Y55.448
G0 X106.236 Y200.01
G0 X106.649 Y208.353
G0 X108.001 Y208.364
G0 X108 Y207.5
;TIME_ELAPSED:963.749393
;LAYER:5
;TYPE:SUPPORT
G1 F1500 E650.22274
G1 X108 Y56.101 E655.25829
G1 X107.79 Y56.101 E655.26528
G1 X107.79 Y56.301 E655.27193
G1 X107.59 Y56.301 E655.27858
G1 X107.59 Y56.501 E655.28523
G1 X107.5 Y56.501 E655.28823
G1 X107.486 Y193.252 E659.83658
G1 X107.458 Y193.793 E659.8546
G1 X107.392 Y194.226 E659.86917
G1 X107.273 Y194.708 E659.88568
G1 X107.1 Y195.262 E659.90498
G1 X107.1 Y199.88 E660.05858
G1 X107.273 Y200.446 E660.07826
G1 X107.361 Y200.797 E660.0903
G1 X107.447 Y201.323 E660.10803
G1 X107.477 Y201.738 E660.12187
G1 X107.5 Y207.5 E660.31351
G1 X112.5 Y207.499 E660.47981
G1 X112.503 Y202.358 E660.6508
G1 X112.544 Y201.382 E660.68329
G1 X112.625 Y200.92 E660.69889
G1 X112.742 Y200.449 E660.71504
G1 X112.9 Y199.958 E660.73219
G1 X112.9 Y195.312 E660.88672
G1 X112.744 Y194.801 E660.90449
G1 X112.627 Y194.299 E660.92163
G1 X112.56 Y193.843 E660.93696
G1 X112.529 Y193.389 E660.9521
G1 X112.5 Y56.902 E665.49167
G1 X112.3 Y56.902 E665.49833
G1 X112.3 Y56.702 E665.50498
G1 X112.1 Y56.702 E665.51163
G1 X112.1 Y56.502 E665.51828
G1 X112 Y56.502 E665.52161
G1 X112 Y207.5 E670.54382
G1 F1500 E664.04382
;MESH:Viga_Rectangular.stl
G0 F9000 X112.001 Y208.364
G0 X113.353 Y208.352
G0 X113.764 Y200.097
G0 X113.353 Y56.049
G0 X112.55 Y55.249
G0 X112.216 Y55.149
G0 X112 Y54.08
G0 X123.63 Y53.608
G0 X123.75 Y53.9
;TYPE:WALL-INNER
G1 F1500 E670.54382
G1 X124.4 Y53.25 E670.58051
G1 X124.4 Y15.75 E672.07722
G1 X123.75 Y15.1 E672.11391
G1 X96.25 Y15.1 E673.21149
G1 X95.6 Y15.75 E673.24818
G1 X95.6 Y53.25 E674.74488
G1 X96.25 Y53.9 E674.78157
G1 X123.75 Y53.9 E675.87916
G0 F9000 X123.916 Y54.3
;TYPE:WALL-OUTER
G1 F1500 X124.8 Y53.416 E675.92074
G1 X124.8 Y15.584 E677.17904
G1 X123.916 Y14.7 E677.22062
G1 X96.084 Y14.7 E678.14631
G1 X95.2 Y15.584 E678.18789
G1 X95.2 Y53.416 E679.44619
G1 X96.084 Y54.3 E679.48777
G1 X123.916 Y54.3 E680.41347
G0 F9000 X123.63 Y53.608
G0 X122.901 Y53.6
G0 X122.901 Y53.82
;TYPE:FILL
G1 F3000 X95.679 Y26.597 E681.69393
G0 F9000 X95.9 Y26.597
G0 X95.9 Y27.75
G0 X95.679 Y27.75
G1 F3000 X124.318 Y20.077 E682.68006
G0 F9000 X124.1 Y20.077
G0 X124.1 Y21.296
G0 X124.319 Y21.296
G1 F3000 X118.202 Y15.18 E682.96776
G0 F9000 X118.202 Y15.4
G0 X119.412 Y15.4
G0 X119.412 Y15.179
G1 F3000 X95.679 Y21.539 E683.78498
G0 F9000 X95.679 Y21.071
G1 F3000 X97.258 Y15.179 E683.98786
G0 F9000 X97.258 Y15.4
G0 X95.9 Y18.112
G0 X95.679 Y18.112
G1 F3000 X124.319 Y46.752 E685.335
G0 F9000 X124.1 Y46.752
G0 X124.1 Y44.923
G0 X124.319 Y44.923
G1 F3000 X95.68 Y52.597 E686.32114
G0 F9000 X95.679 Y52.053
G1 F3000 X97.445 Y53.82 E686.40423
G0 F9000 X97.445 Y53.6
G0 X99.327 Y53.6
G0 X99.327 Y53.819
G1 F3000 X109.681 Y15.179 E687.73474
G1 X109.717 Y15.18
G1 X124.319 Y29.781 E688.42155
G0 F9000 X124.319 Y30.097
G1 F3000 X117.962 Y53.819 E689.23839
G0 F9000 X117.962 Y53.6
G0 X114.416 Y53.6
G0 X114.416 Y53.82
G1 F3000 X95.679 Y35.083 E690.11972
G0 F9000 X95.9 Y35.083
G0 X95.9 Y33.962
G0 X95.68 Y33.962
G1 F3000 X124.319 Y26.288 E691.10586
G0 F9000 X124.1 Y26.288
G0 X124.1 Y32.5
G0 X124.318 Y32.5
G1 F3000 X95.68 Y40.174 E692.09197
G0 F9000 X95.9 Y40.174
G0 X95.9 Y43.568
G0 X95.679 Y43.568
G1 F3000 X105.93 Y53.82 E692.57417
G0 F9000 X105.539 Y53.819
G1 F3000 X115.893 Y15.179 E693.90468
G0 F9000 X115.893 Y15.4
G0 X122.104 Y15.4
G0 X122.104 Y15.18
G1 F3000 X111.751 Y53.82 E695.23518
G0 F9000 X111.751 Y53.6
G0 X114.299 Y53.6
G0 X114.299 Y53.82
G1 F3000 X124.318 Y51.135 E695.58017
G0 F9000 X124.1 Y51.135
G0 X124.1 Y38.712
G0 X124.318 Y38.712
G1 F3000 X95.679 Y46.385 E696.56631
G0 F9000 X95.9 Y46.385
G0 X95.9 Y44.252
G0 X95.679 Y44.252
G1 F3000 X103.469 Y15.179 E697.56739
G0 F9000 X103.469 Y15.4
G0 X101.232 Y15.4
G0 X101.232 Y15.18
G1 F3000 X124.319 Y38.267 E698.65333
G0 F9000 X123.8 Y38.267
G1 F1500 E692.15333
;MESH:NONMESH
G0 F300 X123.8 Y38.267 Z1.4
G0 F9000 X111.579 Y54.08
G0 X111.579 Y56
;TIME_ELAPSED:1018.649365
;LAYER:6
;TYPE:SUPPORT
G1 F1500 E698.65333
G1 X107.99 Y56 E698.7727
G1 X107.99 Y55.9 E698.77603
G1 X108.19 Y55.9 E698.78268
G1 X108.19 Y55.7 E698.78933
G1 X108.39 Y55.7 E698.79598
G1 X108.39 Y55.5 E698.80264
G1 X111.304 Y55.501 E698.89956
G1 X111.466 Y55.901 E698.91391
G1 X111.55 Y55.901 E698.9167
G1 X111.608 Y56.101 E698.92363
G1 X111.701 Y56.101 E698.92672
G1 X111.702 Y56.301 E698.93337
G1 X111.9 Y56.301 E698.93996
G1 X111.9 Y56.501 E698.94661
G1 X112.1 Y56.501 E698.95326
G1 X112.1 Y56.701 E698.95992
G1 X112.3 Y56.701 E698.96657
G1 X112.3 Y56.901 E698.97322
G1 X112.5 Y56.901 E698.97987
G1 X112.501 Y60 E699.08294
G1 X107.5 Y60 E699.24928
G1 X107.5 Y64 E699.38232
G1 X112.502 Y64 E699.54869
G1 X112.503 Y68 E699.68173
G1 X107.499 Y68 E699.84816
G1 X107.499 Y72 E699.9812
G1 X112.503 Y72 E700.14764
G1 X112.504 Y76 E700.28068
G1 X107.499 Y76 E700.44714
G1 X107.498 Y80 E700.58018
G1 X112.505 Y80 E700.74672
G1 X112.506 Y84 E700.87976
G1 X107.498 Y84 E701.04632
G1 X107.498 Y88 E701.17936
G1 X112.506 Y88 E701.34593
G1 X112.507 Y92 E701.47897
G1 X107.497 Y92 E701.64561
G1 X107.497 Y96 E701.77865
G1 X112.508 Y96 E701.94531
G1 X112.509 Y100 E702.07835
G1 X107.496 Y100 E702.24509
G1 X107.496 Y104 E702.37813
G1 X112.509 Y104 E702.54486
G1 X112.51 Y108 E702.6779
G1 X107.496 Y108 E702.84467
G1 X107.495 Y112 E702.97771
G1 X112.511 Y112 E703.14454
G1 X112.512 Y116 E703.27758
G1 X107.495 Y116 E703.44445
G1 X107.493 Y120 E703.57749
G1 X112.512 Y120 E703.74442
G1 X112.512 Y124 E703.87746
G1 X107.493 Y124 E704.04439
G1 X107.493 Y128 E704.17743
G1 X112.513 Y128 E704.3444
G1 X112.514 Y132 E704.47744
G1 X107.492 Y132 E704.64447
G1 X107.492 Y136 E704.77751
G1 X112.515 Y136 E704.94458
G1 X112.515 Y140 E705.07762
G1 X107.492 Y140 E705.24468
G1 X107.491 Y144 E705.37772
G1 X112.516 Y144 E705.54486
G1 X112.517 Y148 E705.6779
G1 X107.491 Y148 E705.84506
G1 X107.49 Y152 E705.9781
G1 X112.518 Y152 E706.14534
G1 X112.518 Y156 E706.27838
G1 X107.49 Y156 E706.44561
G1 X107.49 Y160 E706.57865
G1 X112.519 Y160 E706.74591
G1 X112.52 Y164 E706.87895
G1 X107.489 Y164 E707.04629
G1 X107.489 Y168 E707.17933
G1 X112.521 Y168 E707.34669
G1 X112.521 Y172 E707.47973
G1 X107.489 Y172 E707.6471
G1 X107.488 Y176 E707.78014
G1 X112.522 Y176 E707.94757
G1 X112.523 Y180 E708.08061
G1 X107.488 Y180 E708.24807
G1 X107.487 Y184 E708.38112
G1 X112.524 Y184 E708.54865
G1 X112.524 Y188 E708.68169
G1 X107.487 Y188 E708.84922
G1 X107.487 Y192 E708.98226
G1 X112.525 Y192 E709.14982
G1 X112.525 Y193.348 E709.19466
G1 X112.549 Y193.765 E709.20855
G1 X112.612 Y194.234 E709.22429
G1 X112.722 Y194.742 E709.24158
G1 X112.899 Y195.313 E709.26146
G1 X112.899 Y196 E709.28431
G1 X107.099 Y196 E709.47722
G1 X107.099 Y199.88 E709.60627
G1 X107.135 Y200 E709.61044
G1 X112.885 Y200 E709.80168
G1 X112.75 Y200.409 E709.81601
G1 X112.608 Y200.987 E709.8358
G1 X112.543 Y201.382 E709.84912
G1 X112.502 Y202.307 E709.87991
G1 X112.499 Y207.499 E710.0526
G1 X107.498 Y207.5 E710.21893
G1 X107.484 Y204 E710.33534
G1 X112.501 Y204 E710.50221
G1 F1500 E704.00221
;MESH:Viga_Rectangular.stl
G0 F9000 X113.368 Y204
G0 X113.764 Y200.098
G0 X113.353 Y56.049
G0 X112.501 Y55.165
G0 X112.501 Y54.08
G0 X123.63 Y53.608
G0 X123.75 Y53.9
;TYPE:WALL-INNER
G1 F1500 E710.50221
G1 X124.4 Y53.25 E710.5389
G1 X124.4 Y15.75 E712.03561
G1 X123.75 Y15.1 E712.07229
G1 X96.25 Y15.1 E713.16988
G1 X95.6 Y15.75 E713.20657
G1 X95.6 Y53.25 E714.70327
G1 X96.25 Y53.9 E714.73996
G1 X123.75 Y53.9 E715.83755
G0 F9000 X123.916 Y54.3
;TYPE:WALL-OUTER
G1 F1500 X124.8 Y53.416 E715.87913
G1 X124.8 Y15.584 E717.13742
G1 X123.916 Y14.7 E717.17901
G1 X96.084 Y14.7 E718.1047
G1 X95.2 Y15.584 E718.14628
G1 X95.2 Y53.416 E719.40458
G1 X96.084 Y54.3 E719.44616
G1 X123.916 Y54.3 E720.37186
G0 F9000 X124.142 Y53.393
;TYPE:FILL
G1 F3000 X124.319 Y52.734 E720.39455
G0 F9000 X124.1 Y52.734
G0 X124.1 Y51.281
G0 X124.319 Y51.281
G1 F3000 X114.843 Y53.82 E720.72084
G0 F9000 X114.615 Y53.82
G1 F3000 X95.679 Y34.883 E721.61156
G0 F9000 X95.68 Y34.108
G1 F3000 X124.318 Y26.434 E722.59767
G0 F9000 X124.1 Y26.434
G0 X124.1 Y29.553
G0 X124.319 Y29.553
G1 F3000 X117.816 Y53.82 E723.43327
G0 F9000 X117.816 Y53.6
G0 X123.1 Y53.6
G0 X123.1 Y53.82
G1 F3000 X95.679 Y26.398 E724.72309
G0 F9000 X95.9 Y26.398
G0 X95.9 Y27.896
G0 X95.679 Y27.896
G1 F3000 X124.318 Y20.223 E725.70922
G0 F9000 X124.319 Y21.097
G1 F3000 X118.402 Y15.18 E725.98754
G0 F9000 X118.402 Y15.4
G0 X119.958 Y15.4
G0 X119.958 Y15.179
G1 F3000 X95.679 Y21.685 E726.82355
G0 F9000 X95.9 Y21.685
G0 X95.9 Y20.527
G0 X95.679 Y20.527
G1 F3000 X97.112 Y15.179 E727.0077
G0 F9000 X96.777 Y15.179
G1 F3000 X96.102 Y15.36 E727.03095
G0 F9000 X96.257 Y15.515
G0 X95.9 Y17.913
G0 X95.679 Y17.913
G1 F3000 X124.319 Y46.553 E728.37808
G0 F9000 X124.1 Y46.553
G0 X124.1 Y45.069
G0 X124.318 Y45.069
G1 F3000 X95.68 Y52.743 E729.36419
G0 F9000 X95.679 Y51.854
G1 F3000 X97.645 Y53.82 E729.45667
G0 F9000 X97.645 Y53.6
G0 X99.181 Y53.6
G0 X99.181 Y53.82
G1 F3000 X109.535 Y15.18 E730.78718
G0 F9000 X109.916 Y15.18
G1 F3000 X124.319 Y29.582 E731.46463
G0 F9000 X124.1 Y29.582
G0 X124.1 Y32.646
G0 X124.318 Y32.646
G1 F3000 X95.679 Y40.32 E732.45077
G0 F9000 X95.9 Y40.32
G0 X95.9 Y43.368
G0 X95.679 Y43.368
G1 F3000 X106.13 Y53.82 E732.94238
G0 F9000 X105.393 Y53.819
G1 F3000 X115.747 Y15.179 E734.27289
G0 F9000 X115.747 Y15.4
G0 X121.958 Y15.4
G0 X121.958 Y15.179
G1 F3000 X111.605 Y53.819 E735.60339
G0 F9000 X111.605 Y53.6
G0 X95.9 Y46.531
G0 X95.68 Y46.531
G1 F3000 X124.319 Y38.857 E736.58953
G0 F9000 X124.319 Y38.067
G1 F3000 X101.431 Y15.18 E737.66609
G0 F9000 X101.431 Y15.4
G0 X103.323 Y15.4
G0 X103.323 Y15.179
G1 F3000 X95.679 Y43.708 E738.64844
G0 F9000 X96.2 Y43.708
G1 F1500 E732.14844
;MESH:NONMESH
G0 F300 X96.2 Y43.708 Z1.6
G0 F9000 X108 Y54.08
G0 X107.137 Y55.153
G0 X106.737 Y55.448
G0 X106.236 Y200.012
G0 X106.649 Y208.353
G0 X108.001 Y208.364
G0 X108 Y207.5
;TIME_ELAPSED:1066.679333
;LAYER:7
;TYPE:SUPPORT
G1 F1500 E738.64844
G1 X108 Y56.101 E743.68399
G1 X107.79 Y56.101 E743.69097
G1 X107.79 Y56.301 E743.69762
G1 X107.59 Y56.301 E743.70428
G1 X107.59 Y56.501 E743.71093
G1 X107.5 Y56.501 E743.71392
G1 X107.487 Y193.267 E748.26278
G1 X107.475 Y193.591 E748.27356
G1 X107.447 Y193.914 E748.28434
G1 X107.398 Y194.223 E748.29475
G1 X107.277 Y194.71 E748.31144
G1 X107.1 Y195.26 E748.33066
G1 X107.1 Y199.88 E748.48432
G1 X107.317 Y200.588 E748.50895
G1 X107.393 Y200.935 E748.52076
G1 X107.477 Y201.543 E748.54118
G1 X107.499 Y207.5 E748.73931
G1 X112.5 Y207.499 E748.90564
G1 X112.503 Y202.269 E749.07959
G1 X112.545 Y201.374 E749.1094
G1 X112.621 Y200.917 E749.1248
G1 X112.765 Y200.351 E749.14423
G1 X112.9 Y199.958 E749.15805
G1 X112.9 Y195.316 E749.31244
G1 X112.74 Y194.81 E749.33009
G1 X112.623 Y194.311 E749.34714
G1 X112.556 Y193.859 E749.36234
G1 X112.526 Y193.416 E749.37711
G1 X112.5 Y56.902 E753.91758
G1 X112.3 Y56.902 E753.92423
G1 X112.3 Y56.702 E753.93089
G1 X112.1 Y56.702 E753.93754
G1 X112.1 Y56.502 E753.94419
G1 X112 Y56.502 E753.94752
G1 X112 Y207.5 E758.96973
G1 F1500 E752.46973
;MESH:Viga_Rectangular.stl
G0 F9000 X112.001 Y208.364
G0 X113.353 Y208.352
G0 X113.764 Y200.101
G0 X113.353 Y56.049
G0 X112.55 Y55.249
G0 X112.216 Y55.149
G0 X112 Y54.08
G0 X123.63 Y53.608
G0 X123.75 Y53.9
;TYPE:WALL-INNER
G1 F1500 E758.96973
G1 X124.4 Y53.25 E759.00642
G1 X124.4 Y15.75 E760.50312
G1 X123.75 Y15.1 E760.53981
G1 X96.25 Y15.1 E761.6374
G1 X95.6 Y15.75 E761.67409
G1 X95.6 Y53.25 E763.17079
G1 X96.25 Y53.9 E763.20748
G1 X123.75 Y53.9 E764.30507
G0 F9000 X123.916 Y54.3
;TYPE:WALL-OUTER
G1 F1500 X124.8 Y53.416 E764.34665
G1 X124.8 Y15.584 E765.60494
G1 X123.916 Y14.7 E765.64652
G1 X96.084 Y14.7 E766.57222
G1 X95.2 Y15.584 E766.6138
G1 X95.2 Y53.416 E767.8721
G1 X96.084 Y54.3 E767.91368
G1 X123.916 Y54.3 E768.83938
G0 F9000 X123.941 Y53.594
;TYPE:FILL
G1 F3000 X124.319 Y52.185 E768.8879
G0 F9000 X124.318 Y51.428
G1 F3000 X115.392 Y53.82 E769.19525
G0 F9000 X114.816 Y53.82
G1 F3000 X95.679 Y34.682 E770.09542
G0 F9000 X95.68 Y34.255
G1 F3000 X124.318 Y26.581 E771.08153
G0 F9000 X124.1 Y26.581
G0 X124.1 Y29.004
G0 X124.319 Y29.004
G1 F3000 X117.669 Y53.82 E771.93603
G0 F9000 X117.669 Y53.6
G0 X123.301 Y53.6
G0 X123.301 Y53.82
G1 F3000 X95.679 Y26.197 E773.23531
G0 F9000 X95.9 Y26.197
G0 X95.9 Y28.043
G0 X95.679 Y28.043
G1 F3000 X124.318 Y20.37 E774.22144
G0 F9000 X124.319 Y20.896
G1 F3000 X118.603 Y15.18 E774.49031
G0 F9000 X118.603 Y15.4
G0 X120.506 Y15.4
G0 X120.506 Y15.179
G1 F3000 X95.679 Y21.832 E775.34519
G0 F9000 X95.9 Y21.832
G0 X95.9 Y19.978
G0 X95.679 Y19.978
G1 F3000 X96.965 Y15.179 E775.51044
G0 F9000 X97.326 Y15.179
G1 F3000 X95.901 Y15.561 E775.55951
G0 F9000 X96.056 Y15.716
G0 X95.9 Y17.712
G0 X95.679 Y17.712
G1 F3000 X124.319 Y46.352 E776.90664
G0 F9000 X124.1 Y46.352
G0 X124.1 Y45.216
G0 X124.318 Y45.216
G1 F3000 X95.68 Y52.89 E777.89275
G0 F9000 X95.9 Y52.89
G0 X95.9 Y51.653
G0 X95.679 Y51.653
G1 F3000 X97.845 Y53.82 E777.99466
G0 F9000 X97.845 Y53.6
G0 X99.034 Y53.6
G0 X99.034 Y53.819
G1 F3000 X109.388 Y15.18 E779.32514
G0 F9000 X110.117 Y15.18
G1 F3000 X124.319 Y29.381 E779.99313
G0 F9000 X124.1 Y29.381
G0 X124.1 Y32.793
G0 X124.318 Y32.793
G1 F3000 X95.679 Y40.467 E780.97927
G0 F9000 X95.9 Y40.467
G0 X95.9 Y43.159
G0 X95.679 Y43.159
G1 F3000 X103.176 Y15.179 E781.94272
G0 F9000 X103.176 Y15.4
G0 X101.632 Y15.4
G0 X101.632 Y15.18
G1 F3000 X124.319 Y37.866 E783.00982
G0 F9000 X124.1 Y37.866
G0 X124.1 Y39.004
G0 X124.319 Y39.004
G1 F3000 X95.68 Y46.678 E783.99596
G0 F9000 X95.9 Y46.678
G0 X95.9 Y43.168
G0 X95.679 Y43.168
G1 F3000 X106.331 Y53.82 E784.497
G0 F9000 X106.331 Y53.6
G0 X105.246 Y53.6
G0 X105.246 Y53.819
G1 F3000 X115.6 Y15.179 E785.82751
G0 F9000 X115.6 Y15.4
G0 X121.811 Y15.4
G0 X121.811 Y15.179
G1 F3000 X111.458 Y53.819 E787.15801
G0 F9000 X111.458 Y53.3
G1 F1500 E780.65801
;MESH:NONMESH
G0 F300 X111.458 Y53.3 Z1.8
G0 F9000 X111.579 Y54.08
G0 X111.579 Y56
;TIME_ELAPSED:1121.335258
;LAYER:8
;TYPE:SUPPORT
G1 F1500 E787.15801
G1 X107.99 Y56 E787.27738
G1 X107.99 Y55.9 E787.28071
G1 X108.19 Y55.9 E787.28736
G1 X108.19 Y55.7 E787.29401
G1 X108.39 Y55.7 E787.30067
G1 X108.39 Y55.5 E787.30732
G1 X111.304 Y55.501 E787.40424
G1 X111.466 Y55.901 E787.41859
G1 X111.55 Y55.901 E787.42139
G1 X111.608 Y56.101 E787.42831
G1 X111.701 Y56.101 E787.43141
G1 X111.702 Y56.301 E787.43806
G1 X111.9 Y56.301 E787.44464
G1 X111.9 Y56.501 E787.4513
G1 X112.1 Y56.501 E787.45795
G1 X112.1 Y56.701 E787.4646
G1 X112.3 Y56.701 E787.47125
G1 X112.3 Y56.901 E787.4779
G1 X112.5 Y56.901 E787.48456
G1 X112.501 Y60 E787.58763
G1 X107.5 Y60 E787.75396
G1 X107.5 Y64 E787.887
G1 X112.502 Y64 E788.05337
G1 X112.502 Y68 E788.18641
G1 X107.499 Y68 E788.35281
G1 X107.499 Y72 E788.48585
G1 X112.503 Y72 E788.65229
G1 X112.504 Y76 E788.78533
G1 X107.499 Y76 E788.95179
G1 X107.498 Y80 E789.08483
G1 X112.504 Y80 E789.25133
G1 X112.505 Y84 E789.38437
G1 X107.498 Y84 E789.55091
G1 X107.498 Y88 E789.68395
G1 X112.506 Y88 E789.85052
G1 X112.506 Y92 E789.98356
G1 X107.497 Y92 E790.15016
G1 X107.497 Y96 E790.2832
G1 X112.507 Y96 E790.44983
G1 X112.508 Y100 E790.58287
G1 X107.496 Y100 E790.74957
G1 X107.496 Y104 E790.88261
G1 X112.508 Y104 E791.04931
G1 X112.509 Y108 E791.18235
G1 X107.496 Y108 E791.34908
G1 X107.495 Y112 E791.48212
G1 X112.51 Y112 E791.64892
G1 X112.51 Y116 E791.78196
G1 X107.495 Y116 E791.94876
G1 X107.493 Y120 E792.0818
G1 X112.51 Y120 E792.24867
G1 X112.511 Y124 E792.38171
G1 X107.493 Y124 E792.54861
G1 X107.493 Y128 E792.68165
G1 X112.511 Y128 E792.84855
G1 X112.512 Y132 E792.98159
G1 X107.492 Y132 E793.14856
G1 X107.492 Y136 E793.2816
G1 X112.513 Y136 E793.4486
G1 X112.514 Y140 E793.58164
G1 X107.492 Y140 E793.74867
G1 X107.491 Y144 E793.88171
G1 X112.514 Y144 E794.04878
G1 X112.515 Y148 E794.18182
G1 X107.491 Y148 E794.34892
G1 X107.49 Y152 E794.48196
G1 X112.516 Y152 E794.64912
G1 X112.516 Y156 E794.78216
G1 X107.49 Y156 E794.94933
G1 X107.49 Y160 E795.08237
G1 X112.517 Y160 E795.24957
G1 X112.518 Y164 E795.38261
G1 X107.489 Y164 E795.54987
G1 X107.489 Y168 E795.68291
G1 X112.518 Y168 E795.85018
G1 X112.519 Y172 E795.98322
G1 X107.489 Y172 E796.15052
G1 X107.488 Y176 E796.28356
G1 X112.52 Y176 E796.45092
G1 X112.52 Y180 E796.58396
G1 X107.488 Y180 E796.75133
G1 X107.487 Y184 E796.88437
G1 X112.521 Y184 E797.0518
G1 X112.522 Y188 E797.18484
G1 X107.487 Y188 E797.35231
G1 X107.487 Y192 E797.48535
G1 X112.522 Y192 E797.65281
G1 X112.522 Y193.376 E797.69858
G1 X112.546 Y193.787 E797.71227
G1 X112.603 Y194.225 E797.72696
G1 X112.717 Y194.733 E797.74428
G1 X112.899 Y195.313 E797.7645
G1 X112.899 Y196 E797.78735
G1 X107.099 Y196 E797.98025
G1 X107.099 Y199.881 E798.10934
G1 X107.136 Y200 E798.11348
G1 X112.884 Y200 E798.30466
G1 X112.737 Y200.432 E798.31984
G1 X112.63 Y200.854 E798.33432
G1 X112.545 Y201.37 E798.35171
G1 X112.502 Y202.218 E798.37995
G1 X112.499 Y207.499 E798.5556
G1 X107.498 Y207.5 E798.72193
G1 X107.485 Y204 E798.83834
G1 X112.5 Y204 E799.00514
G1 F1500 E792.50514
;MESH:Viga_Rectangular.stl
G0 F9000 X113.368 Y204
G0 X113.764 Y200.102
G0 X113.353 Y56.049
G0 X112.5 Y55.165
G0 X112.5 Y54.08
G0 X123.63 Y53.608
G0 X123.75 Y53.9
;TYPE:WALL-INNER
G1 F1500 E799.00514
G1 X124.4 Y53.25 E799.04183
G1 X124.4 Y15.75 E800.53854
G1 X123.75 Y15.1 E800.57523
G1 X96.25 Y15.1 E801.67281
G1 X95.6 Y15.75 E801.7095
G1 X95.6 Y53.25 E803.20621
G1 X96.25 Y53.9 E803.2429
G1 X123.75 Y53.9 E804.34048
G0 F9000 X123.916 Y54.3
;TYPE:WALL-OUTER
G1 F1500 X124.8 Y53.416 E804.38206
G1 X124.8 Y15.584 E805.64036
G1 X123.916 Y14.7 E805.68194
G1 X96.084 Y14.7 E806.60764
G1 X95.2 Y15.584 E806.64922
G1 X95.2 Y53.416 E807.90751
G1 X96.084 Y54.3 E807.94909
G1 X123.916 Y54.3 E808.87479
G0 F9000 X123.742 Y53.793
;TYPE:FILL
G1 F3000 X124.319 Y51.64 E808.94893
G1 X124.319 Y51.574
G1 X115.937 Y53.82 E809.23755
G0 F9000 X115.015 Y53.82
G1 F3000 X95.679 Y34.483 E810.14708
G1 X95.679 Y34.401
G1 X124.318 Y26.727 E811.13322
G0 F9000 X124.1 Y26.727
G0 X124.1 Y28.459
G0 X124.319 Y28.459
G1 F3000 X117.524 Y53.819 E812.00645
G0 F9000 X117.524 Y53.6
G0 X123.501 Y53.6
G0 X123.501 Y53.82
G1 F3000 X95.679 Y25.998 E813.31511
G0 F9000 X95.9 Y25.998
G0 X95.9 Y28.189
G0 X95.68 Y28.189
G1 F3000 X124.318 Y20.515 E814.30122
G1 X124.319 Y20.697
G1 X118.802 Y15.18 E814.56072
G0 F9000 X118.802 Y15.4
G0 X121.051 Y15.4
G0 X121.051 Y15.179
G1 F3000 X95.679 Y21.978 E815.43437
G0 F9000 X95.9 Y21.978
G0 X95.9 Y19.433
G0 X95.679 Y19.433
G1 F3000 X96.819 Y15.179 E815.58085
G0 F9000 X96.819 Y15.4
G0 X97.87 Y15.4
G0 X97.87 Y15.179
G1 F3000 X95.702 Y15.76 E815.6555
G0 F9000 X95.892 Y15.87
G0 X95.9 Y17.512
G0 X95.679 Y17.512
G1 F3000 X124.319 Y46.152 E817.00264
G0 F9000 X124.318 Y45.362
G1 F3000 X95.68 Y53.036 E817.98875
G0 F9000 X95.9 Y53.036
G0 X95.9 Y51.454
G0 X95.679 Y51.454
G1 F3000 X98.045 Y53.82 E818.10004
G0 F9000 X98.888 Y53.82
G1 F3000 X109.242 Y15.179 E819.43058
G0 F9000 X109.242 Y15.4
G0 X110.317 Y15.4
G0 X110.317 Y15.18
G1 F3000 X124.319 Y29.182 E820.08919
G0 F9000 X124.1 Y29.182
G0 X124.1 Y32.939
G0 X124.318 Y32.939
G1 F3000 X95.679 Y40.613 E821.07534
G0 F9000 X95.9 Y40.613
G0 X95.9 Y42.614
G0 X95.679 Y42.614
G1 F3000 X103.03 Y15.179 E822.02001
G0 F9000 X103.03 Y15.4
G0 X101.831 Y15.4
G0 X101.831 Y15.18
G1 F3000 X124.319 Y37.667 E823.07776
G0 F9000 X124.1 Y37.667
G0 X124.1 Y39.15
G0 X124.319 Y39.15
G1 F3000 X95.68 Y46.824 E824.0639
G0 F9000 X95.9 Y46.824
G0 X95.9 Y42.968
G0 X95.679 Y42.968
G1 F3000 X106.53 Y53.82 E824.57432
G0 F9000 X106.53 Y53.6
G0 X105.1 Y53.6
G0 X105.1 Y53.819
G1 F3000 X115.454 Y15.179 E825.90483
G0 F9000 X115.454 Y15.4
G0 X121.665 Y15.4
G0 X121.665 Y15.179
G1 F3000 X111.312 Y53.819 E827.23533
G0 F9000 X111.312 Y53.3
G1 F1500 E820.73533
;MESH:NONMESH
G0 F300 X111.312 Y53.3 Z2
G0 F9000 X108 Y54.08
G0 X107.137 Y55.153
G0 X106.737 Y55.448
G0 X106.236 Y200.014
G0 X106.649 Y208.353
G0 X108.001 Y208.364
G0 X108 Y207.5
;TIME_ELAPSED:1169.137622
;LAYER:9
;TYPE:SUPPORT
G1 F1500 E827.23533
G1 X108 Y56.101 E832.27088
G1 X107.79 Y56.101 E832.27787
G1 X107.79 Y56.301 E832.28452
G1 X107.59 Y56.301 E832.29117
G1 X107.59 Y56.501 E832.29783
G1 X107.5 Y56.501 E832.30082
G1 X107.487 Y193.369 E836.85307
G1 X107.468 Y193.727 E836.86499
G1 X107.428 Y194.088 E836.87707
G1 X107.375 Y194.358 E836.88622
G1 X107.283 Y194.701 E836.89803
G1 X107.1 Y195.263 E836.91769
G1 X107.1 Y199.88 E837.07125
G1 X107.318 Y200.578 E837.09558
G1 X107.402 Y200.953 E837.10836
G1 X107.478 Y201.509 E837.12702
G1 X107.499 Y207.5 E837.32629
G1 X112.5 Y207.499 E837.49262
G1 X112.503 Y202.149 E837.67056
G1 X112.546 Y201.378 E837.69624
G1 X112.647 Y200.759 E837.7171
G1 X112.729 Y200.46 E837.72742
G1 X112.9 Y199.959 E837.74502
G1 X112.9 Y195.314 E837.89952
G1 X112.702 Y194.683 E837.92151
G1 X112.613 Y194.286 E837.93505
G1 X112.551 Y193.86 E837.94936
G1 X112.523 Y193.444 E837.96323
G1 X112.5 Y56.902 E842.50464
G1 X112.3 Y56.902 E842.51129
G1 X112.3 Y56.702 E842.51794
G1 X112.1 Y56.702 E842.52459
G1 X112.1 Y56.502 E842.53124
G1 X112 Y56.502 E842.53457
G1 X112 Y207.5 E847.55678
G1 F1500 E841.05678
;MESH:Viga_Rectangular.stl
G0 F9000 X112.001 Y208.364
G0 X113.353 Y208.352
G0 X113.764 Y200.102
G0 X113.353 Y56.049
G0 X112.55 Y55.249
G0 X112.216 Y55.149
G0 X112 Y54.08
G0 X123.63 Y53.608
G0 X123.75 Y53.9
;TYPE:WALL-INNER
G1 F1500 E847.55678
G1 X124.4 Y53.25 E847.59347
G1 X124.4 Y15.75 E849.09018
G1 X123.75 Y15.1 E849.12687
G1 X96.25 Y15.1 E850.22445
G1 X95.6 Y15.75 E850.26114
G1 X95.6 Y53.25 E851.75785
G1 X96.25 Y53.9 E851.79454
G1 X123.75 Y53.9 E852.89212
G0 F9000 X123.916 Y54.3
;TYPE:WALL-OUTER
G1 F1500 X124.8 Y53.416 E852.9337
G1 X124.8 Y15.584 E854.192
G1 X123.916 Y14.7 E854.23358
G1 X96.084 Y14.7 E855.15928
G1 X95.2 Y15.584 E855.20086
G1 X95.2 Y53.416 E856.45915
G1 X96.084 Y54.3 E856.50073
G1 X123.916 Y54.3 E857.42643
G0 F9000 X123.701 Y53.82
;TYPE:FILL
G1 F3000 X95.679 Y25.797 E858.74452
G0 F9000 X95.9 Y25.797
G0 X95.9 Y28.336
G0 X95.68 Y28.336
G1 F3000 X124.318 Y20.663 E859.73062
G1 X124.319 Y20.496
G1 X119.003 Y15.18 E859.98067
G0 F9000 X119.003 Y15.4
G0 X121.518 Y15.4
G0 X121.518 Y15.179
G1 F3000 X111.165 Y53.819 E861.31117
G0 F9000 X111.165 Y53.6
G0 X115.216 Y53.6
G0 X115.216 Y53.82
G1 F3000 X95.679 Y34.282 E862.23016
G0 F9000 X95.68 Y34.548
G1 F3000 X124.318 Y26.874 E863.21627
G0 F9000 X124.1 Y26.874
G0 X124.1 Y27.911
G0 X124.319 Y27.911
G1 F3000 X117.376 Y53.82 E864.10841
G0 F9000 X116.485 Y53.82
G1 F3000 X124.319 Y51.721 E864.37816
G0 F9000 X124.319 Y51.092
G1 F3000 X123.588 Y53.819 E864.47206
G0 F9000 X123.588 Y53.6
G0 X124.1 Y45.952
G0 X124.319 Y45.952
G1 F3000 X95.679 Y17.312 E865.8192
G0 F9000 X95.9 Y17.312
G0 X95.9 Y15.913
G0 X95.679 Y15.913
G1 F3000 X98.419 Y15.179 E865.91354
G0 F9000 X98.419 Y15.4
G0 X96.672 Y15.4
G0 X96.672 Y15.179
G1 F3000 X95.679 Y18.885 E866.04115
G0 F9000 X95.9 Y18.885
G0 X95.9 Y22.125
G0 X95.679 Y22.125
G1 F3000 X121.6 Y15.179 E866.93371
G0 F9000 X121.6 Y15.4
G0 X115.307 Y15.4
G0 X115.307 Y15.179
G1 F3000 X104.953 Y53.819 E868.26422
G0 F9000 X104.953 Y53.6
G0 X106.731 Y53.6
G0 X106.731 Y53.82
G1 F3000 X95.679 Y42.767 E868.78409
G0 F9000 X95.679 Y42.066
G1 F3000 X102.883 Y15.179 E869.7099
G0 F9000 X102.032 Y15.18
G1 F3000 X124.319 Y37.466 E870.75819
G0 F9000 X124.1 Y37.466
G0 X124.1 Y39.297
G0 X124.319 Y39.297
G1 F3000 X95.68 Y46.971 E871.74433
G0 F9000 X95.9 Y46.971
G0 X95.9 Y51.253
G0 X95.679 Y51.253
G1 F3000 X98.246 Y53.82 E871.86508
G0 F9000 X98.741 Y53.82
G1 F3000 X109.095 Y15.18 E873.19559
G0 F9000 X109.095 Y15.4
G0 X110.517 Y15.4
G0 X110.517 Y15.18
G1 F3000 X124.319 Y28.981 E873.84477
G0 F9000 X124.1 Y28.981
G0 X124.1 Y33.086
G0 X124.318 Y33.086
G1 F3000 X95.679 Y40.76 E874.83091
G0 F9000 X95.9 Y40.76
G0 X95.892 Y53.13
G0 X95.68 Y53.183
G1 F3000 X124.318 Y45.509 E875.81702
G0 F9000 X123.8 Y45.509
G1 F1500 E869.31702
;MESH:NONMESH
G0 F300 X123.8 Y45.509 Z2.2
G0 F9000 X111.579 Y54.08
G0 X111.579 Y56
;TIME_ELAPSED:1224.437289
;LAYER:10
;TYPE:SUPPORT
G1 F1500 E875.81702
G1 X107.99 Y56 E875.93639
G1 X107.99 Y55.9 E875.93971
G1 X108.19 Y55.9 E875.94637
G1 X108.19 Y55.7 E875.95302
G1 X108.39 Y55.7 E875.95967
G1 X108.39 Y55.5 E875.96632
G1 X111.304 Y55.501 E876.06324
G1 X111.466 Y55.901 E876.0776
G1 X111.55 Y55.901 E876.08039
G1 X111.608 Y56.101 E876.08732
G1 X111.701 Y56.101 E876.09041
G1 X111.702 Y56.301 E876.09706
G1 X111.9 Y56.301 E876.10365
G1 X111.9 Y56.501 E876.1103
G1 X112.1 Y56.501 E876.11695
G1 X112.1 Y56.701 E876.1236
G1 X112.3 Y56.701 E876.13025
G1 X112.3 Y56.901 E876.13691
G1 X112.5 Y56.901 E876.14356
G1 X112.501 Y60 E876.24663
G1 X107.5 Y60 E876.41297
G1 X107.5 Y64 E876.54601
G1 X112.502 Y64 E876.71237
G1 X112.502 Y68 E876.84541
G1 X107.499 Y68 E877.01181
G1 X107.499 Y72 E877.14486
G1 X112.503 Y72 E877.31129
G1 X112.503 Y76 E877.44433
G1 X107.499 Y76 E877.61076
G1 X107.498 Y80 E877.7438
G1 X112.504 Y80 E877.9103
G1 X112.505 Y84 E878.04334
G1 X107.498 Y84 E878.20988
G1 X107.498 Y88 E878.34292
G1 X112.505 Y88 E878.50945
G1 X112.506 Y92 E878.64249
G1 X107.497 Y92 E878.80909
G1 X107.497 Y96 E878.94213
G1 X112.507 Y96 E879.10877
G1 X112.507 Y100 E879.24181
G1 X107.496 Y100 E879.40847
G1 X107.496 Y104 E879.54151
G1 X112.508 Y104 E879.70821
G1 X112.508 Y108 E879.84125
G1 X107.496 Y108 E880.00795
G1 X107.495 Y112 E880.14099
G1 X112.509 Y112 E880.30776
G1 X112.51 Y116 E880.4408
G1 X107.495 Y116 E880.6076
G1 X107.493 Y120 E880.74064
G1 X112.509 Y120 E880.90747
G1 X112.51 Y124 E881.04051
G1 X107.493 Y124 E881.20738
G1 X107.493 Y128 E881.34042
G1 X112.51 Y128 E881.50729
G1 X112.511 Y132 E881.64033
G1 X107.492 Y132 E881.80726
G1 X107.492 Y136 E881.9403
G1 X112.512 Y136 E882.10727
G1 X112.512 Y140 E882.24031
G1 X107.492 Y140 E882.40727
G1 X107.491 Y144 E882.54031
G1 X112.513 Y144 E882.70735
G1 X112.514 Y148 E882.84039
G1 X107.491 Y148 E883.00745
G1 X107.49 Y152 E883.14049
G1 X112.514 Y152 E883.30759
G1 X112.515 Y156 E883.44063
G1 X107.49 Y156 E883.60777
G1 X107.49 Y160 E883.74081
G1 X112.515 Y160 E883.90794
G1 X112.516 Y164 E884.04098
G1 X107.489 Y164 E884.20818
G1 X107.489 Y168 E884.34122
G1 X112.517 Y168 E884.50845
G1 X112.517 Y172 E884.64149
G1 X107.489 Y172 E884.80872
G1 X107.488 Y176 E884.94176
G1 X112.518 Y176 E885.10906
G1 X112.518 Y180 E885.2421
G1 X107.488 Y180 E885.4094
G1 X107.487 Y184 E885.54244
G1 X112.519 Y184 E885.70981
G1 X112.52 Y188 E885.84285
G1 X107.487 Y188 E886.01024
G1 X107.487 Y192 E886.14328
G1 X112.52 Y192 E886.31068
G1 X112.52 Y193.406 E886.35745
G1 X112.542 Y193.795 E886.37041
G1 X112.601 Y194.236 E886.3852
G1 X112.68 Y194.609 E886.39789
G1 X112.762 Y194.902 E886.40801
G1 X112.899 Y195.311 E886.42235
G1 X112.899 Y196 E886.44527
G1 X107.099 Y196 E886.63818
G1 X107.099 Y199.88 E886.76723
G1 X107.138 Y200 E886.77142
G1 X112.885 Y200 E886.96257
G1 X112.699 Y200.546 E886.98175
G1 X112.623 Y200.856 E886.99237
G1 X112.545 Y201.377 E887.00989
G1 X112.502 Y202.085 E887.03348
G1 X112.499 Y207.499 E887.21355
G1 X107.498 Y207.5 E887.37989
G1 X107.485 Y204 E887.4963
G1 X112.5 Y204 E887.6631
G1 F1500 E881.1631
;MESH:Viga_Rectangular.stl
G0 F9000 X113.368 Y204
G0 X113.764 Y200.1
G0 X113.353 Y56.049
G0 X112.5 Y55.165
G0 X112.5 Y54.08
G0 X123.63 Y53.608
G0 X123.75 Y53.9
;TYPE:WALL-INNER
G1 F1500 E887.6631
G1 X124.4 Y53.25 E887.69979
G1 X124.4 Y15.75 E889.19649
G1 X123.75 Y15.1 E889.23318
G1 X96.25 Y15.1 E890.33077
G1 X95.6 Y15.75 E890.36745
G1 X95.6 Y53.25 E891.86416
G1 X96.25 Y53.9 E891.90085
G1 X123.75 Y53.9 E892.99843
G0 F9000 X123.916 Y54.3
;TYPE:WALL-OUTER
G1 F1500 X124.8 Y53.416 E893.04001
G1 X124.8 Y15.584 E894.29831
G1 X123.916 Y14.7 E894.33989
G1 X96.084 Y14.7 E895.26559
G1 X95.2 Y15.584 E895.30717
G1 X95.2 Y53.416 E896.56547
G1 X96.084 Y54.3 E896.60705
G1 X123.916 Y54.3 E897.53274
G0 F9000 X123.808 Y53.727
;TYPE:FILL
G1 F3000 X95.679 Y25.597 E898.85587
G0 F9000 X95.9 Y25.597
G0 X95.9 Y28.482
G0 X95.68 Y28.482
G1 F3000 X124.318 Y20.808 E899.84198
G0 F9000 X124.319 Y20.296
G1 F3000 X119.202 Y15.18 E900.08264
G0 F9000 X119.202 Y15.4
G0 X121.372 Y15.4
G0 X121.372 Y15.179
G1 F3000 X111.019 Y53.819 E901.41314
G0 F9000 X111.019 Y53.6
G0 X106.93 Y53.6
G0 X106.93 Y53.82
G1 F3000 X95.679 Y42.568 E901.94238
G0 F9000 X95.9 Y42.568
G0 X95.9 Y41.52
G0 X95.679 Y41.52
G1 F3000 X102.737 Y15.179 E902.84939
G0 F9000 X102.232 Y15.18
G1 F3000 X124.319 Y37.267 E903.8883
G0 F9000 X124.1 Y37.267
G0 X124.1 Y39.443
G0 X124.318 Y39.443
G1 F3000 X95.68 Y47.117 E904.8744
G0 F9000 X95.9 Y47.117
G0 X95.9 Y51.053
G0 X95.679 Y51.053
G1 F3000 X98.445 Y53.82 E905.00453
G1 X98.595 Y53.82
G1 X108.949 Y15.179 E906.33508
G0 F9000 X108.949 Y15.4
G0 X110.717 Y15.4
G0 X110.717 Y15.18
G1 F3000 X124.319 Y28.782 E906.97487
G0 F9000 X124.1 Y28.782
G0 X124.1 Y27.366
G0 X124.319 Y27.366
G1 F3000 X117.231 Y53.819 E907.88574
G0 F9000 X117.031 Y53.819
G1 F3000 X124.319 Y51.867 E908.13668
G0 F9000 X124.1 Y51.867
G0 X124.1 Y50.547
G0 X124.319 Y50.547
G1 F3000 X123.442 Y53.82 E908.24938
G0 F9000 X123.442 Y53.6
G0 X115.416 Y53.6
G0 X115.416 Y53.82
G1 F3000 X95.679 Y34.083 E909.17775
G0 F9000 X95.679 Y34.694
G1 F3000 X124.318 Y27.02 E910.16389
G0 F9000 X124.1 Y27.02
G0 X124.1 Y33.232
G0 X124.319 Y33.232
G1 F3000 X95.68 Y40.905 E911.15002
G0 F9000 X95.9 Y40.905
G0 X95.922 Y53.15
G0 X95.767 Y53.305
G1 F3000 X124.318 Y45.655 E912.13313
G1 X124.319 Y45.752
G1 X95.679 Y17.112 E913.48027
G0 F9000 X95.9 Y17.112
G0 X95.9 Y16.059
G0 X95.679 Y16.059
G1 F3000 X98.963 Y15.179 E913.59335
G0 F9000 X98.963 Y15.4
G0 X96.526 Y15.4
G0 X96.526 Y15.18
G1 F3000 X95.679 Y18.34 E913.70216
G0 F9000 X95.9 Y18.34
G0 X95.9 Y22.271
G0 X95.679 Y22.271
G1 F3000 X122.144 Y15.179 E914.61345
G0 F9000 X122.144 Y15.4
G0 X115.161 Y15.4
G0 X115.161 Y15.18
G1 F3000 X104.807 Y53.82 E915.94396
G0 F9000 X104.807 Y53.3
G1 F1500 E909.44396
;MESH:NONMESH
G0 F300 X104.807 Y53.3 Z2.4
G0 F9000 X108 Y54.08
G0 X107.137 Y55.153
G0 X106.737 Y55.448
G0 X106.236 Y200.02
G0 X106.649 Y208.353
G0 X108.001 Y208.364
G0 X108 Y207.5
;TIME_ELAPSED:1272.742848
;LAYER:11
;TYPE:SUPPORT
G1 F1500 E915.94396
G1 X108 Y56.101 E920.97951
G1 X107.79 Y56.101 E920.98649
G1 X107.79 Y56.301 E920.99315
G1 X107.59 Y56.301 E920.9998
G1 X107.59 Y56.501 E921.00645
G1 X107.5 Y56.501 E921.00944
G1 X107.489 Y193.415 E925.56322
G1 X107.463 Y193.858 E925.57798
G1 X107.408 Y194.238 E925.59075
G1 X107.249 Y194.82 E925.61082
G1 X107.1 Y195.267 E925.62649
G1 X107.1 Y199.88 E925.77992
G1 X107.262 Y200.352 E925.79652
G1 X107.356 Y200.712 E925.80889
G1 X107.434 Y201.114 E925.82251
G1 X107.465 Y201.392 E925.83182
G1 X107.481 Y201.659 E925.84071
G1 X107.499 Y207.5 E926.03499
G1 X112.5 Y207.499 E926.20132
G1 X112.503 Y202.027 E926.38332
G1 X112.533 Y201.475 E926.40171
G1 X112.606 Y200.94 E926.41966
G1 X112.672 Y200.634 E926.43008
G1 X112.76 Y200.35 E926.43997
G1 X112.9 Y199.953 E926.45397
G1 X112.9 Y195.314 E926.60826
G1 X112.766 Y194.912 E926.62235
G1 X112.661 Y194.541 E926.63518
G1 X112.586 Y194.166 E926.6479
G1 X112.536 Y193.738 E926.66223
G1 X112.521 Y193.432 E926.67242
G1 X112.5 Y56.902 E931.21343
G1 X112.3 Y56.902 E931.22008
G1 X112.3 Y56.702 E931.22673
G1 X112.1 Y56.702 E931.23338
G1 X112.1 Y56.502 E931.24003
G1 X112 Y56.502 E931.24336
G1 X112 Y207.5 E936.26557
G1 F1500 E929.76557
;MESH:Viga_Rectangular.stl
G0 F9000 X112.001 Y208.364
G0 X113.353 Y208.352
G0 X113.764 Y200.102
G0 X113.353 Y56.049
G0 X112.55 Y55.249
G0 X112.216 Y55.149
G0 X112 Y54.08
G0 X123.63 Y53.608
G0 X123.75 Y53.9
;TYPE:WALL-INNER
G1 F1500 E936.26557
G1 X124.4 Y53.25 E936.30226
G1 X124.4 Y15.75 E937.79897
G1 X123.75 Y15.1 E937.83566
G1 X96.25 Y15.1 E938.93324
G1 X95.6 Y15.75 E938.96993
G1 X95.6 Y53.25 E940.46664
G1 X96.25 Y53.9 E940.50333
G1 X123.75 Y53.9 E941.60091
G0 F9000 X123.916 Y54.3
;TYPE:WALL-OUTER
G1 F1500 X124.8 Y53.416 E941.64249
G1 X124.8 Y15.584 E942.90079
G1 X123.916 Y14.7 E942.94237
G1 X96.084 Y14.7 E943.86807
G1 X95.2 Y15.584 E943.90965
G1 X95.2 Y53.416 E945.16794
G1 X96.084 Y54.3 E945.20952
G1 X123.916 Y54.3 E946.13522
G0 F9000 X123.909 Y53.626
;TYPE:FILL
G1 F3000 X95.679 Y25.397 E947.46305
G0 F9000 X95.9 Y25.397
G0 X95.9 Y22.418
G0 X95.679 Y22.418
G1 F3000 X122.693 Y15.179 E948.39324
G0 F9000 X122.693 Y15.4
G0 X121.225 Y15.4
G0 X121.225 Y15.179
G1 F3000 X110.872 Y53.819 E949.72374
G0 F9000 X110.872 Y53.6
G0 X107.131 Y53.6
G0 X107.131 Y53.82
G1 F3000 X95.679 Y42.367 E950.26243
G0 F9000 X95.9 Y42.367
G0 X95.9 Y41.053
G0 X95.679 Y41.053
G1 F3000 X124.319 Y33.379 E951.24861
G0 F9000 X124.1 Y33.379
G0 X124.1 Y37.066
G0 X124.319 Y37.066
G1 F3000 X102.432 Y15.18 E952.27808
G1 X102.59 Y15.179
G1 X95.679 Y40.972 E953.16622
G0 F9000 X95.9 Y40.972
G0 X95.9 Y34.841
G0 X95.679 Y34.841
G1 F3000 X124.318 Y27.167 E954.15236
G0 F9000 X124.319 Y26.817
G1 F3000 X117.084 Y53.819 E955.08213
G0 F9000 X117.58 Y53.819
G1 F3000 X124.319 Y52.014 E955.31417
G0 F9000 X124.1 Y52.014
G0 X124.1 Y49.998
G0 X124.319 Y49.998
G1 F3000 X123.295 Y53.82 E955.44577
G0 F9000 X123.295 Y53.6
G0 X115.616 Y53.6
G0 X115.616 Y53.82
G1 F3000 X95.679 Y33.882 E956.38357
G0 F9000 X95.9 Y33.882
G0 X95.9 Y28.629
G0 X95.68 Y28.629
G1 F3000 X124.318 Y20.955 E957.36968
G0 F9000 X124.319 Y20.095
G1 F3000 X119.403 Y15.18 E957.60089
G0 F9000 X119.403 Y15.4
G0 X115.014 Y15.4
G0 X115.014 Y15.18
G1 F3000 X104.66 Y53.82 E958.9314
G0 F9000 X104.66 Y53.6
G0 X98.646 Y53.6
G0 X98.646 Y53.82
G1 F3000 X95.679 Y50.852 E959.07098
G0 F9000 X95.9 Y50.852
G0 X96.038 Y53.266
G0 X95.883 Y53.421
G1 F3000 X124.318 Y45.802 E960.0501
G0 F9000 X124.319 Y45.551
G1 F3000 X95.679 Y16.911 E961.39724
G0 F9000 X95.679 Y16.206
G1 F3000 X99.512 Y15.179 E961.52922
G0 F9000 X99.512 Y15.4
G0 X96.379 Y15.4
G0 X96.379 Y15.18
G1 F3000 X95.679 Y17.791 E961.61913
G0 F9000 X95.9 Y17.791
G0 X108.802 Y15.4
G0 X108.802 Y15.179
G1 F3000 X98.448 Y53.82 E962.94967
G0 F9000 X98.448 Y53.6
G0 X95.9 Y47.264
G0 X95.68 Y47.264
G1 F3000 X124.318 Y39.59 E963.93578
G0 F9000 X124.1 Y39.59
G0 X124.1 Y28.581
G0 X124.319 Y28.581
G1 F3000 X110.918 Y15.18 E964.56612
G0 F9000 X110.918 Y15.7
G1 F1500 E958.06612
;MESH:NONMESH
G0 F300 X110.918 Y15.7 Z2.6
G0 F9000 X111.579 Y54.08
G0 X111.579 Y56
;TIME_ELAPSED:1328.759626
;LAYER:12
;TYPE:SUPPORT
G1 F1500 E964.56612
G1 X107.99 Y56 E964.68549
G1 X107.99 Y55.9 E964.68882
G1 X108.19 Y55.9 E964.69547
G1 X108.19 Y55.7 E964.70212
G1 X108.39 Y55.7 E964.70877
G1 X108.39 Y55.5 E964.71543
G1 X111.304 Y55.501 E964.81235
G1 X111.466 Y55.901 E964.8267
G1 X111.55 Y55.901 E964.82949
G1 X111.608 Y56.101 E964.83642
G1 X111.701 Y56.101 E964.83951
G1 X111.702 Y56.301 E964.84617
G1 X111.9 Y56.301 E964.85275
G1 X111.9 Y56.501 E964.8594
G1 X112.1 Y56.501 E964.86605
G1 X112.1 Y56.701 E964.87271
G1 X112.3 Y56.701 E964.87936
G1 X112.3 Y56.901 E964.88601
G1 X112.5 Y56.901 E964.89266
G1 X112.501 Y60 E964.99574
G1 X107.5 Y60 E965.16207
G1 X107.5 Y64 E965.29511
G1 X112.502 Y64 E965.46148
G1 X112.502 Y68 E965.59452
G1 X107.5 Y68 E965.76089
G1 X107.499 Y72 E965.89393
G1 X112.503 Y72 E966.06036
G1 X112.503 Y76 E966.1934
G1 X107.499 Y76 E966.35983
G1 X107.499 Y80 E966.49287
G1 X112.504 Y80 E966.65934
G1 X112.505 Y84 E966.79238
G1 X107.498 Y84 E966.95892
G1 X107.498 Y88 E967.09196
G1 X112.505 Y88 E967.25849
G1 X112.506 Y92 E967.39153
G1 X107.498 Y92 E967.5581
G1 X107.497 Y96 E967.69114
G1 X112.507 Y96 E967.85777
G1 X112.507 Y100 E967.99081
G1 X107.497 Y100 E968.15744
G1 X107.497 Y104 E968.29049
G1 X112.508 Y104 E968.45715
G1 X112.508 Y108 E968.59019
G1 X107.496 Y108 E968.75689
G1 X107.496 Y112 E968.88993
G1 X112.509 Y112 E969.05667
G1 X112.51 Y116 E969.18971
G1 X107.496 Y116 E969.35647
G1 X107.494 Y120 E969.48951
G1 X112.509 Y120 E969.65631
G1 X112.51 Y124 E969.78935
G1 X107.494 Y124 E969.95619
G1 X107.494 Y128 E970.08923
G1 X112.51 Y128 E970.25606
G1 X112.511 Y132 E970.3891
G1 X107.493 Y132 E970.556
G1 X107.493 Y136 E970.68904
G1 X112.512 Y136 E970.85597
G1 X112.512 Y140 E970.98901
G1 X107.493 Y140 E971.15595
G1 X107.492 Y144 E971.28899
G1 X112.513 Y144 E971.45599
G1 X112.514 Y148 E971.58903
G1 X107.492 Y148 E971.75606
G1 X107.492 Y152 E971.8891
G1 X112.514 Y152 E972.05613
G1 X112.515 Y156 E972.18917
G1 X107.492 Y156 E972.35624
G1 X107.491 Y160 E972.48928
G1 X112.515 Y160 E972.65638
G1 X112.516 Y164 E972.78942
G1 X107.491 Y164 E972.95655
G1 X107.491 Y168 E973.08959
G1 X112.517 Y168 E973.25676
G1 X112.517 Y172 E973.3898
G1 X107.49 Y172 E973.55699
G1 X107.49 Y176 E973.69004
G1 X112.518 Y176 E973.85727
G1 X112.518 Y180 E973.99031
G1 X107.49 Y180 E974.15754
G1 X107.489 Y184 E974.29058
G1 X112.519 Y184 E974.45788
G1 X112.52 Y188 E974.59092
G1 X107.489 Y188 E974.75825
G1 X107.489 Y192 E974.89129
G1 X112.52 Y192 E975.05862
G1 X112.52 Y193.514 E975.10898
G1 X112.538 Y193.807 E975.11874
G1 X112.594 Y194.232 E975.133
G1 X112.675 Y194.605 E975.1457
G1 X112.754 Y194.878 E975.15515
G1 X112.899 Y195.314 E975.17043
G1 X112.899 Y196 E975.19325
G1 X107.099 Y196 E975.38616
G1 X107.099 Y199.879 E975.51517
G1 X107.139 Y200 E975.51941
G1 X112.883 Y200 E975.71046
G1 X112.745 Y200.388 E975.72415
G1 X112.626 Y200.793 E975.73819
G1 X112.536 Y201.423 E975.75936
G1 X112.513 Y201.714 E975.76907
G1 X112.501 Y202.061 E975.78062
G1 X112.499 Y207.499 E975.96149
G1 X107.498 Y207.5 E976.12782
G1 X107.488 Y204 E976.24423
G1 X112.5 Y204 E976.41093
G1 F1500 E969.91093
;MESH:Viga_Rectangular.stl
G0 F9000 X113.367 Y204
G0 X113.764 Y200.103
G0 X113.353 Y56.049
G0 X112.5 Y55.165
G0 X112.5 Y54.08
G0 X123.63 Y53.608
G0 X123.75 Y53.9
;TYPE:WALL-INNER
G1 F1500 E976.41093
G1 X124.4 Y53.25 E976.44762
G1 X124.4 Y15.75 E977.94433
G1 X123.75 Y15.1 E977.98101
G1 X96.25 Y15.1 E979.0786
G1 X95.6 Y15.75 E979.11529
G1 X95.6 Y53.25 E980.61199
G1 X96.25 Y53.9 E980.64868
G1 X123.75 Y53.9 E981.74627
G0 F9000 X123.916 Y54.3
;TYPE:WALL-OUTER
G1 F1500 X124.8 Y53.416 E981.78785
G1 X124.8 Y15.584 E983.04614
G1 X123.916 Y14.7 E983.08773
G1 X96.084 Y14.7 E984.01342
G1 X95.2 Y15.584 E984.055
G1 X95.2 Y53.416 E985.3133
G1 X96.084 Y54.3 E985.35488
G1 X123.916 Y54.3 E986.28058
G0 F9000 X124.008 Y53.527
;TYPE:FILL
G1 F3000 X95.679 Y25.197 E987.61311
G0 F9000 X95.9 Y25.197
G0 X95.9 Y22.563
G0 X95.68 Y22.563
G1 F3000 X123.238 Y15.179 E988.56202
G0 F9000 X123.238 Y15.4
G0 X121.079 Y15.4
G0 X121.079 Y15.18
G1 F3000 X110.726 Y53.819 E989.89249
G0 F9000 X110.726 Y53.6
G0 X107.331 Y53.6
G0 X107.331 Y53.82
G1 F3000 X95.679 Y42.168 E990.44057
G0 F9000 X95.68 Y41.198
G1 F3000 X124.319 Y33.525 E991.4267
G0 F9000 X124.1 Y33.525
G0 X124.1 Y36.867
G0 X124.319 Y36.867
G1 F3000 X102.632 Y15.18 E992.44679
G1 X102.444 Y15.179
G1 X95.679 Y40.427 E993.31616
G0 F9000 X95.9 Y40.427
G0 X95.9 Y34.987
G0 X95.679 Y34.987
G1 F3000 X124.318 Y27.313 E994.30231
G0 F9000 X124.1 Y27.313
G0 X124.1 Y26.273
G0 X124.319 Y26.273
G1 F3000 X116.938 Y53.819 E995.25081
G0 F9000 X116.938 Y53.6
G0 X115.816 Y53.6
G0 X115.816 Y53.82
G1 F3000 X95.679 Y33.683 E996.19799
G0 F9000 X95.9 Y33.683
G0 X95.9 Y28.775
G0 X95.679 Y28.775
G1 F3000 X124.318 Y21.101 E997.18413
G0 F9000 X124.1 Y21.101
G0 X124.1 Y19.896
G0 X124.319 Y19.896
G1 F3000 X119.602 Y15.18 E997.40598
G0 F9000 X119.602 Y15.4
G0 X114.868 Y15.4
G0 X114.868 Y15.18
G1 F3000 X104.514 Y53.82 E998.73649
G0 F9000 X104.514 Y53.6
G0 X98.845 Y53.6
G0 X98.845 Y53.82
G1 F3000 X95.679 Y50.653 E998.88544
G0 F9000 X95.9 Y50.653
G0 X96.153 Y53.381
G0 X95.998 Y53.536
G1 F3000 X124.319 Y45.948 E999.86062
G0 F9000 X124.319 Y45.352
G1 F3000 X95.679 Y16.712 E1001.20776
G0 F9000 X95.679 Y16.352
G1 F3000 X100.057 Y15.179 E1001.35851
G0 F9000 X100.057 Y15.4
G0 X96.37 Y15.402
G0 X96.215 Y15.247
G1 F3000 X95.679 Y17.247 E1001.42737
G0 F9000 X95.9 Y17.247
G0 X108.656 Y15.4
G0 X108.656 Y15.179
G1 F3000 X98.303 Y53.819 E1002.75788
G0 F9000 X98.303 Y53.6
G0 X95.9 Y47.41
G0 X95.68 Y47.41
G1 F3000 X124.318 Y39.736 E1003.74399
G0 F9000 X124.1 Y39.736
G0 X124.1 Y49.454
G0 X124.319 Y49.454
G1 F3000 X123.149 Y53.819 E1003.89429
G0 F9000 X123.149 Y53.6
G0 X124.1 Y52.16
G0 X124.319 Y52.16
G1 F3000 X118.124 Y53.819 E1004.1076
G0 F9000 X118.124 Y53.6
G0 X124.1 Y28.381
G0 X124.319 Y28.381
G1 F3000 X111.117 Y15.18 E1004.72856
G0 F9000 X111.117 Y15.7
G1 F1500 E998.22856
;MESH:NONMESH
G0 F300 X111.117 Y15.7 Z2.8
G0 F9000 X108 Y54.08
G0 X107.137 Y55.153
G0 X106.737 Y55.448
G0 X106.236 Y200.019
G0 X106.649 Y208.353
G0 X108.001 Y208.364
G0 X108 Y207.5
;TIME_ELAPSED:1378.144255
;LAYER:13
;TYPE:SUPPORT
G1 F1500 E1004.72856
G1 X108 Y56.101 E1009.76411
G1 X107.79 Y56.101 E1009.77109
G1 X107.79 Y56.301 E1009.77774
G1 X107.59 Y56.301 E1009.7844
G1 X107.59 Y56.501 E1009.79105
G1 X107.5 Y56.501 E1009.79404
G1 X107.489 Y193.566 E1014.35284
G1 X107.454 Y193.983 E1014.36676
G1 X107.382 Y194.351 E1014.37923
G1 X107.293 Y194.691 E1014.39092
G1 X107.1 Y195.267 E1014.41113
G1 X107.1 Y199.88 E1014.56455
G1 X107.292 Y200.46 E1014.58488
G1 X107.41 Y200.917 E1014.60057
G1 X107.469 Y201.392 E1014.61649
G1 X107.484 Y201.687 E1014.62632
G1 X107.499 Y207.5 E1014.81966
G1 X112.5 Y207.499 E1014.98599
G1 X112.502 Y202.028 E1015.16796
G1 X112.515 Y201.679 E1015.17958
G1 X112.543 Y201.345 E1015.19072
G1 X112.625 Y200.811 E1015.20869
G1 X112.718 Y200.467 E1015.22055
G1 X112.9 Y199.956 E1015.23859
G1 X112.9 Y195.314 E1015.39298
G1 X112.746 Y194.852 E1015.40918
G1 X112.654 Y194.519 E1015.42067
G1 X112.575 Y194.135 E1015.43371
G1 X112.533 Y193.746 E1015.44672
G1 X112.519 Y193.454 E1015.45644
G1 X112.5 Y56.902 E1019.99818
G1 X112.3 Y56.902 E1020.00483
G1 X112.3 Y56.702 E1020.01149
G1 X112.1 Y56.702 E1020.01814
G1 X112.1 Y56.502 E1020.02479
G1 X112 Y56.502 E1020.02812
G1 X112 Y207.5 E1025.05033
G1 F1500 E1018.55033
;MESH:Viga_Rectangular.stl
G0 F9000 X112.001 Y208.364
G0 X113.353 Y208.352
G0 X113.764 Y200.103
G0 X113.353 Y56.049
G0 X112.55 Y55.249
G0 X112.216 Y55.149
G0 X112 Y54.08
G0 X123.63 Y53.608
G0 X123.75 Y53.9
;TYPE:WALL-INNER
G1 F1500 E1025.05033
G1 X124.4 Y53.25 E1025.08702
G1 X124.4 Y15.75 E1026.58373
G1 X123.75 Y15.1 E1026.62041
G1 X96.25 Y15.1 E1027.718
G1 X95.6 Y15.75 E1027.75469
G1 X95.6 Y53.25 E1029.25139
G1 X96.25 Y53.9 E1029.28808
G1 X123.75 Y53.9 E1030.38567
G0 F9000 X123.916 Y54.3
;TYPE:WALL-OUTER
G1 F1500 X124.8 Y53.416 E1030.42725
G1 X124.8 Y15.584 E1031.68554
G1 X123.916 Y14.7 E1031.72713
G1 X96.084 Y14.7 E1032.65282
G1 X95.2 Y15.584 E1032.6944
G1 X95.2 Y53.416 E1033.9527
G1 X96.084 Y54.3 E1033.99428
G1 X123.916 Y54.3 E1034.91998
G0 F9000 X124.108 Y53.427
;TYPE:FILL
G1 F3000 X95.679 Y24.998 E1036.25719
G0 F9000 X95.9 Y24.998
G0 X95.9 Y22.71
G0 X95.68 Y22.71
G1 F3000 X123.73 Y15.193 E1037.22306
G0 F9000 X123.63 Y15.392
G0 X120.933 Y15.4
G0 X120.933 Y15.18
G1 F3000 X110.58 Y53.82 E1038.55356
G0 F9000 X110.58 Y53.6
G0 X107.53 Y53.6
G0 X107.53 Y53.82
G1 F3000 X95.679 Y41.968 E1039.11102
G0 F9000 X95.68 Y41.344
G1 F3000 X124.318 Y33.671 E1040.09712
G0 F9000 X124.1 Y33.671
G0 X124.1 Y36.667
G0 X124.319 Y36.667
G1 F3000 X102.831 Y15.18 E1041.10782
G0 F9000 X102.298 Y15.18
G1 F3000 X95.679 Y39.882 E1041.9584
G0 F9000 X95.9 Y39.882
G0 X95.9 Y35.133
G0 X95.68 Y35.133
G1 F3000 X124.319 Y27.459 E1042.94454
G0 F9000 X124.319 Y28.182
G1 F3000 X111.316 Y15.18 E1043.55614
G0 F9000 X111.316 Y15.4
G0 X108.51 Y15.4
G0 X108.51 Y15.179
G1 F3000 X98.157 Y53.819 E1044.88664
G0 F9000 X99.045 Y53.82
G1 F3000 X95.679 Y50.454 E1045.04497
G0 F9000 X95.9 Y50.454
G0 X95.9 Y47.556
G0 X95.679 Y47.556
G1 F3000 X124.318 Y39.882 E1046.03111
G0 F9000 X124.1 Y39.882
G0 X124.1 Y45.153
G0 X124.319 Y45.153
G1 F3000 X95.679 Y16.513 E1047.37824
G1 X95.679 Y16.498
G1 X100.602 Y15.179 E1047.54776
G0 F9000 X100.602 Y15.4
G0 X96.17 Y15.602
G0 X96.015 Y15.447
G1 F3000 X95.679 Y16.702 E1047.59097
G0 F9000 X95.9 Y16.702
G0 X95.9 Y28.921
G0 X95.679 Y28.921
G1 F3000 X124.318 Y21.248 E1048.5771
G0 F9000 X124.1 Y21.248
G0 X124.1 Y19.697
G0 X124.319 Y19.697
G1 F3000 X119.802 Y15.18 E1048.78957
G0 F9000 X119.802 Y15.4
G0 X114.722 Y15.4
G0 X114.722 Y15.179
G1 F3000 X104.368 Y53.819 E1050.12008
G0 F9000 X104.368 Y53.6
G0 X96.269 Y53.497
G0 X96.114 Y53.651
G1 F3000 X124.319 Y46.094 E1051.09127
G0 F9000 X124.1 Y46.094
G0 X124.1 Y48.908
G0 X124.319 Y48.908
G1 F3000 X123.003 Y53.819 E1051.26037
G0 F9000 X123.003 Y53.6
G0 X124.1 Y52.306
G0 X124.318 Y52.306
G1 F3000 X118.669 Y53.82 E1051.45489
G0 F9000 X118.669 Y53.6
G0 X116.791 Y53.6
G0 X116.791 Y53.819
G1 F3000 X124.319 Y25.727 E1052.4222
G0 F9000 X124.1 Y25.727
G0 X116.015 Y53.6
G0 X116.015 Y53.82
G1 F3000 X95.679 Y33.483 E1053.37877
G0 F9000 X96.2 Y33.483
G1 F1500 E1046.87877
;MESH:NONMESH
G0 F300 X96.2 Y33.483 Z3
G0 F9000 X111.579 Y54.08
G0 X111.579 Y56
;TIME_ELAPSED:1434.285763
;LAYER:14
;TYPE:SUPPORT
G1 F1500 E1053.37877
G1 X107.99 Y56 E1053.49814
G1 X107.99 Y55.9 E1053.50146
G1 X108.19 Y55.9 E1053.50812
G1 X108.19 Y55.7 E1053.51477
G1 X108.39 Y55.7 E1053.52142
G1 X108.39 Y55.5 E1053.52807
G1 X111.304 Y55.501 E1053.62499
G1 X111.466 Y55.901 E1053.63935
G1 X111.55 Y55.901 E1053.64214
G1 X111.608 Y56.101 E1053.64907
G1 X111.701 Y56.101 E1053.65216
G1 X111.702 Y56.301 E1053.65881
G1 X111.9 Y56.301 E1053.6654
G1 X111.9 Y56.501 E1053.67205
G1 X112.1 Y56.501 E1053.6787
G1 X112.1 Y56.701 E1053.68535
G1 X112.3 Y56.701 E1053.69201
G1 X112.3 Y56.901 E1053.69866
G1 X112.5 Y56.901 E1053.70531
G1 X112.501 Y60 E1053.80838
G1 X107.5 Y60 E1053.97472
G1 X107.5 Y64 E1054.10776
G1 X112.501 Y64 E1054.27409
G1 X112.502 Y68 E1054.40713
G1 X107.5 Y68 E1054.5735
G1 X107.5 Y72 E1054.70654
G1 X112.502 Y72 E1054.87291
G1 X112.503 Y76 E1055.00595
G1 X107.5 Y76 E1055.17235
G1 X107.5 Y80 E1055.30539
G1 X112.503 Y80 E1055.47179
G1 X112.504 Y84 E1055.60483
G1 X107.499 Y84 E1055.7713
G1 X107.499 Y88 E1055.90434
G1 X112.504 Y88 E1056.0708
G1 X112.505 Y92 E1056.20384
G1 X107.499 Y92 E1056.37034
G1 X107.499 Y96 E1056.50338
G1 X112.505 Y96 E1056.66988
G1 X112.506 Y100 E1056.80293
G1 X107.499 Y100 E1056.96946
G1 X107.499 Y104 E1057.1025
G1 X112.506 Y104 E1057.26903
G1 X112.507 Y108 E1057.40207
G1 X107.499 Y108 E1057.56864
G1 X107.498 Y112 E1057.70168
G1 X112.507 Y112 E1057.86828
G1 X112.508 Y116 E1058.00132
G1 X107.498 Y116 E1058.16795
G1 X107.497 Y120 E1058.301
G1 X112.507 Y120 E1058.46763
G1 X112.508 Y124 E1058.60067
G1 X107.497 Y124 E1058.76734
G1 X107.497 Y128 E1058.90038
G1 X112.508 Y128 E1059.06704
G1 X112.509 Y132 E1059.20008
G1 X107.497 Y132 E1059.36678
G1 X107.497 Y136 E1059.49982
G1 X112.509 Y136 E1059.66652
G1 X112.51 Y140 E1059.79956
G1 X107.496 Y140 E1059.96633
G1 X107.496 Y144 E1060.09937
G1 X112.51 Y144 E1060.26614
G1 X112.511 Y148 E1060.39918
G1 X107.496 Y148 E1060.56598
G1 X107.496 Y152 E1060.69902
G1 X112.511 Y152 E1060.86582
G1 X112.512 Y156 E1060.99886
G1 X107.496 Y156 E1061.16569
G1 X107.496 Y160 E1061.29873
G1 X112.512 Y160 E1061.46556
G1 X112.513 Y164 E1061.5986
G1 X107.496 Y164 E1061.76547
G1 X107.495 Y168 E1061.89851
G1 X112.513 Y168 E1062.06541
G1 X112.514 Y172 E1062.19845
G1 X107.495 Y172 E1062.36538
G1 X107.495 Y176 E1062.49842
G1 X112.514 Y176 E1062.66536
G1 X112.515 Y180 E1062.7984
G1 X107.495 Y180 E1062.96536
G1 X107.495 Y184 E1063.0984
G1 X112.515 Y184 E1063.26537
G1 X112.516 Y188 E1063.39841
G1 X107.495 Y188 E1063.56541
G1 X107.495 Y192 E1063.69845
G1 X112.516 Y192 E1063.86545
G1 X112.516 Y193.42 E1063.91268
G1 X112.534 Y193.805 E1063.9255
G1 X112.562 Y194.07 E1063.93436
G1 X112.637 Y194.468 E1063.94783
G1 X112.745 Y194.856 E1063.96123
G1 X112.899 Y195.317 E1063.97739
G1 X112.899 Y196 E1064.00011
G1 X107.099 Y196 E1064.19302
G1 X107.099 Y199.876 E1064.32193
G1 X107.139 Y200 E1064.32627
G1 X112.88 Y200 E1064.51721
G1 X112.693 Y200.537 E1064.53613
G1 X112.619 Y200.833 E1064.54627
G1 X112.55 Y201.256 E1064.56053
G1 X112.515 Y201.642 E1064.57342
G1 X112.501 Y201.982 E1064.58474
G1 X112.499 Y207.499 E1064.76824
G1 X107.498 Y207.5 E1064.93457
G1 X107.489 Y204 E1065.05098
G1 X112.5 Y204 E1065.21765
G1 F1500 E1058.71765
;MESH:Viga_Rectangular.stl
G0 F9000 X113.367 Y204
G0 X113.764 Y200.105
G0 X113.353 Y56.049
G0 X112.5 Y55.165
G0 X112.5 Y54.08
G0 X123.63 Y53.608
G0 X123.75 Y53.9
;TYPE:WALL-INNER
G1 F1500 E1065.21765
G1 X124.4 Y53.25 E1065.25434
G1 X124.4 Y15.75 E1066.75104
G1 X123.75 Y15.1 E1066.78773
G1 X96.25 Y15.1 E1067.88531
G1 X95.6 Y15.75 E1067.922
G1 X95.6 Y53.25 E1069.41871
G1 X96.25 Y53.9 E1069.4554
G1 X123.75 Y53.9 E1070.55298
G0 F9000 X123.916 Y54.3
;TYPE:WALL-OUTER
G1 F1500 X124.8 Y53.416 E1070.59456
G1 X124.8 Y15.584 E1071.85286
G1 X123.916 Y14.7 E1071.89444
G1 X96.084 Y14.7 E1072.82014
G1 X95.2 Y15.584 E1072.86172
G1 X95.2 Y53.416 E1074.12002
G1 X96.084 Y54.3 E1074.1616
G1 X123.916 Y54.3 E1075.08729
G0 F9000 X123.63 Y53.608
G0 X124.055 Y53.173
G0 X124.208 Y53.327
;TYPE:FILL
G1 F3000 X95.679 Y24.797 E1076.42923
G0 F9000 X95.9 Y24.797
G0 X95.9 Y22.857
G0 X95.68 Y22.857
G1 F3000 X123.846 Y15.309 E1077.39909
G0 F9000 X123.691 Y15.463
G0 X120.786 Y15.4
G0 X120.786 Y15.18
G1 F3000 X110.433 Y53.82 E1078.7296
G0 F9000 X110.433 Y53.6
G0 X107.731 Y53.6
G0 X107.731 Y53.82
G1 F3000 X95.679 Y41.768 E1079.29648
G0 F9000 X95.68 Y41.491
G1 F3000 X124.318 Y33.818 E1080.28258
G0 F9000 X124.1 Y33.818
G0 X124.1 Y36.466
G0 X124.319 Y36.466
G1 F3000 X103.032 Y15.18 E1081.28384
G0 F9000 X102.151 Y15.18
G1 F3000 X95.679 Y39.334 E1082.11554
G0 F9000 X95.9 Y39.334
G0 X95.9 Y35.28
G0 X95.679 Y35.28
G1 F3000 X124.318 Y27.606 E1083.10168
G0 F9000 X124.319 Y27.981
G1 F3000 X111.517 Y15.18 E1083.70382
G0 F9000 X111.517 Y15.4
G0 X114.575 Y15.4
G0 X114.575 Y15.179
G1 F3000 X104.221 Y53.819 E1085.03434
G0 F9000 X104.221 Y53.6
G0 X99.245 Y53.6
G0 X99.245 Y53.82
G1 F3000 X95.679 Y50.253 E1085.20209
G0 F9000 X95.9 Y50.253
G0 X95.9 Y47.703
G0 X95.679 Y47.703
G1 F3000 X124.318 Y40.029 E1086.18823
G0 F9000 X124.1 Y40.029
G0 X124.1 Y44.952
G0 X124.319 Y44.952
G1 F3000 X95.679 Y16.312 E1087.53537
G1 X95.679 Y16.154
G1 X95.815 Y15.646 E1087.55286
G0 F9000 X95.97 Y15.802
G0 X95.9 Y16.645
G0 X95.679 Y16.645
G1 F3000 X101.15 Y15.179 E1087.74125
G0 F9000 X101.15 Y15.4
G0 X108.363 Y15.4
G0 X108.363 Y15.179
G1 F3000 X98.01 Y53.819 E1089.07175
G0 F9000 X98.01 Y53.6
G0 X96.385 Y53.613
G0 X96.23 Y53.767
G1 F3000 X124.319 Y46.241 E1090.03895
G0 F9000 X124.1 Y46.241
G0 X124.1 Y48.361
G0 X124.319 Y48.361
G1 F3000 X122.856 Y53.819 E1090.22689
G0 F9000 X122.856 Y53.6
G0 X124.1 Y52.453
G0 X124.318 Y52.453
G1 F3000 X119.217 Y53.82 E1090.40254
G0 F9000 X119.217 Y53.6
G0 X116.644 Y53.6
G0 X116.644 Y53.819
G1 F3000 X124.319 Y25.179 E1091.38872
G0 F9000 X124.1 Y25.179
G0 X124.1 Y21.395
G0 X124.318 Y21.395
G1 F3000 X95.679 Y29.068 E1092.37485
G0 F9000 X95.9 Y29.068
G0 X95.9 Y33.282
G0 X95.679 Y33.282
G1 F3000 X116.216 Y53.82 E1093.34087
G1 F1500 E1086.84087
G0 F9000 X116.216 Y53.6
G0 X124.1 Y19.496
G0 X124.319 Y19.496
G1 F1500 E1093.34087
G1 F3000 X120.003 Y15.18 E1093.54388
G0 F9000 X120.003 Y15.7
G1 F1500 E1087.04388
;MESH:NONMESH
G0 F300 X120.003 Y15.7 Z3.2
G0 F9000 X108 Y54.08
G0 X107.137 Y55.153
G0 X106.737 Y55.448
G0 X106.236 Y200.025
G0 X106.649 Y208.353
G0 X108.001 Y208.364
G0 X108 Y207.5
;TIME_ELAPSED:1484.015459
;LAYER:15
;TYPE:SUPPORT
G1 F1500 E1093.54388
G1 X108 Y56.101 E1098.57943
G1 X107.79 Y56.101 E1098.58642
G1 X107.79 Y56.301 E1098.59307
G1 X107.59 Y56.301 E1098.59972
G1 X107.59 Y56.501 E1098.60637
G1 X107.5 Y56.501 E1098.60937
G1 X107.495 Y193.606 E1103.1695
G1 X107.45 Y194.027 E1103.18358
G1 X107.392 Y194.343 E1103.19427
G1 X107.253 Y194.841 E1103.21146
G1 X107.1 Y195.268 E1103.22655
G1 X107.1 Y199.876 E1103.37981
G1 X107.213 Y200.198 E1103.39116
G1 X107.329 Y200.577 E1103.40435
G1 X107.393 Y200.834 E1103.41315
G1 X107.46 Y201.25 E1103.42717
G1 X107.484 Y201.565 E1103.43768
G1 X107.499 Y207.5 E1103.63508
G1 X112.5 Y207.499 E1103.80141
G1 X112.502 Y201.958 E1103.9857
G1 X112.511 Y201.692 E1103.99456
G1 X112.56 Y201.163 E1104.01223
G1 X112.648 Y200.679 E1104.02859
G1 X112.807 Y200.189 E1104.04572
G1 X112.9 Y199.953 E1104.05416
G1 X112.9 Y195.313 E1104.20849
G1 X112.729 Y194.806 E1104.22628
G1 X112.617 Y194.388 E1104.24068
G1 X112.572 Y194.136 E1104.24919
G1 X112.537 Y193.837 E1104.2592
G1 X112.517 Y193.488 E1104.27083
G1 X112.5 Y56.902 E1108.8137
G1 X112.3 Y56.902 E1108.82035
G1 X112.3 Y56.702 E1108.827
G1 X112.1 Y56.702 E1108.83365
G1 X112.1 Y56.502 E1108.84031
G1 X112 Y56.502 E1108.84363
G1 X112 Y207.5 E1113.86585
G1 F1500 E1107.36585
;MESH:Viga_Rectangular.stl
G0 F9000 X112.001 Y208.364
G0 X113.353 Y208.352
G0 X113.764 Y200.115
G0 X113.353 Y56.049
G0 X112.55 Y55.249
G0 X112.216 Y55.149
G0 X112 Y54.08
G0 X123.63 Y53.608
G0 X123.75 Y53.9
;TYPE:WALL-INNER
G1 F1500 E1113.86585
G1 X124.4 Y53.25 E1113.90253
G1 X124.4 Y15.75 E1115.39924
G1 X123.75 Y15.1 E1115.43593
G1 X96.25 Y15.1 E1116.53351
G1 X95.6 Y15.75 E1116.5702
G1 X95.6 Y53.25 E1118.06691
G1 X96.25 Y53.9 E1118.1036
G1 X123.75 Y53.9 E1119.20118
G0 F9000 X123.916 Y54.3
;TYPE:WALL-OUTER
G1 F1500 X124.8 Y53.416 E1119.24276
G1 X124.8 Y15.584 E1120.50106
G1 X123.916 Y14.7 E1120.54264
G1 X96.084 Y14.7 E1121.46834
G1 X95.2 Y15.584 E1121.50992
G1 X95.2 Y53.416 E1122.76821
G1 X96.084 Y54.3 E1122.8098
G1 X123.916 Y54.3 E1123.73549
G0 F9000 X123.63 Y53.608
G0 X124.108 Y53.13
G0 X124.308 Y53.227
;TYPE:FILL
G1 F3000 X95.679 Y24.598 E1125.08211
G0 F9000 X95.9 Y24.598
G0 X95.9 Y23.003
G0 X95.679 Y23.003
G1 F3000 X123.962 Y15.424 E1126.056
G0 F9000 X123.807 Y15.579
G0 X120.64 Y15.4
G0 X120.64 Y15.18
G1 F3000 X110.287 Y53.82 E1127.3865
G0 F9000 X110.287 Y53.6
G0 X107.93 Y53.6
G0 X107.93 Y53.82
G1 F3000 X95.679 Y41.568 E1127.96277
G1 X95.679 Y41.637
G1 X124.318 Y33.964 E1128.94891
G0 F9000 X124.1 Y33.964
G0 X124.1 Y36.267
G0 X124.319 Y36.267
G1 F3000 X103.231 Y15.18 E1129.9408
G0 F9000 X103.231 Y15.4
G0 X102.006 Y15.4
G0 X102.006 Y15.179
G1 F3000 X95.679 Y38.789 E1130.75378
G0 F9000 X95.9 Y38.789
G0 X95.9 Y35.426
G0 X95.68 Y35.426
G1 F3000 X124.318 Y27.752 E1131.73988
G1 X124.319 Y27.782
G1 X111.717 Y15.18 E1132.33264
G0 F9000 X111.717 Y15.4
G0 X114.429 Y15.4
G0 X114.429 Y15.179
G1 F3000 X104.075 Y53.819 E1133.66316
G0 F9000 X104.075 Y53.6
G0 X99.445 Y53.6
G0 X99.445 Y53.82
G1 F3000 X95.679 Y50.053 E1133.84032
G0 F9000 X95.9 Y50.053
G0 X95.9 Y47.849
G0 X95.679 Y47.849
G1 F3000 X124.319 Y40.175 E1134.82649
G0 F9000 X124.1 Y40.175
G0 X124.1 Y44.752
G0 X124.319 Y44.752
G1 F3000 X95.679 Y16.112 E1136.17363
G0 F9000 X95.68 Y16.791
G1 F3000 X101.695 Y15.179 E1136.38075
G0 F9000 X101.695 Y15.4
G0 X108.217 Y15.4
G0 X108.217 Y15.18
G1 F3000 X97.864 Y53.819 E1137.71122
G0 F9000 X97.864 Y53.6
G0 X96.579 Y53.6
G0 X96.579 Y53.82
G1 F3000 X124.319 Y46.387 E1138.6664
G0 F9000 X124.1 Y46.387
G0 X124.1 Y47.815
G0 X124.319 Y47.815
G1 F3000 X122.71 Y53.819 E1138.87315
G0 F9000 X122.71 Y53.6
G0 X124.1 Y52.599
G0 X124.318 Y52.599
G1 F3000 X119.762 Y53.82 E1139.03003
G0 F9000 X119.762 Y53.6
G0 X116.498 Y53.6
G0 X116.498 Y53.82
G1 F3000 X124.319 Y24.634 E1140.03501
G0 F9000 X124.1 Y24.634
G0 X124.1 Y21.541
G0 X124.318 Y21.541
G1 F3000 X95.679 Y29.214 E1141.02114
G0 F9000 X95.9 Y29.214
G0 X95.9 Y33.083
G0 X95.679 Y33.083
G1 F3000 X116.415 Y53.82 E1141.99652
G1 F1500 E1135.49652
G0 F9000 X116.415 Y53.6
G0 X124.1 Y19.296
G0 X124.319 Y19.296
G1 F1500 E1141.99652
G1 F3000 X120.202 Y15.18 E1142.19015
G0 F9000 X120.202 Y15.7
G1 F1500 E1135.69015
;MESH:NONMESH
G0 F300 X120.202 Y15.7 Z3.4
G0 F9000 X111.579 Y54.08
G0 X111.579 Y56
;TIME_ELAPSED:1540.525233
;LAYER:16
;TYPE:SUPPORT
G1 F1500 E1142.19015
G1 X107.99 Y56 E1142.30952
G1 X107.99 Y55.9 E1142.31284
G1 X108.19 Y55.9 E1142.31949
G1 X108.19 Y55.7 E1142.32615
G1 X108.39 Y55.7 E1142.3328
G1 X108.39 Y55.5 E1142.33945
G1 X111.304 Y55.501 E1142.43637
G1 X111.466 Y55.901 E1142.45072
G1 X111.55 Y55.901 E1142.45352
G1 X111.608 Y56.101 E1142.46044
G1 X111.701 Y56.101 E1142.46354
G1 X111.702 Y56.301 E1142.47019
G1 X111.9 Y56.301 E1142.47678
G1 X111.9 Y56.501 E1142.48343
G1 X112.1 Y56.501 E1142.49008
G1 X112.1 Y56.701 E1142.49673
G1 X112.3 Y56.701 E1142.50338
G1 X112.3 Y56.901 E1142.51004
G1 X112.5 Y56.901 E1142.51669
G1 X112.501 Y60 E1142.61976
G1 X107.5 Y60 E1142.78609
G1 X107.5 Y64 E1142.91914
G1 X112.501 Y64 E1143.08547
G1 X112.502 Y68 E1143.21851
G1 X107.5 Y68 E1143.38488
G1 X107.5 Y72 E1143.51792
G1 X112.502 Y72 E1143.68428
G1 X112.503 Y76 E1143.81733
G1 X107.5 Y76 E1143.98373
G1 X107.5 Y80 E1144.11677
G1 X112.503 Y80 E1144.28317
G1 X112.504 Y84 E1144.41621
G1 X107.499 Y84 E1144.58267
G1 X107.499 Y88 E1144.71571
G1 X112.504 Y88 E1144.88218
G1 X112.505 Y92 E1145.01522
G1 X107.499 Y92 E1145.18172
G1 X107.499 Y96 E1145.31476
G1 X112.505 Y96 E1145.48126
G1 X112.506 Y100 E1145.6143
G1 X107.499 Y100 E1145.78084
G1 X107.499 Y104 E1145.91388
G1 X112.506 Y104 E1146.08041
G1 X112.506 Y108 E1146.21345
G1 X107.499 Y108 E1146.37999
G1 X107.498 Y112 E1146.51303
G1 X112.507 Y112 E1146.67963
G1 X112.507 Y116 E1146.81267
G1 X107.498 Y116 E1146.97927
G1 X107.497 Y120 E1147.11231
G1 X112.507 Y120 E1147.27894
G1 X112.507 Y124 E1147.41198
G1 X107.497 Y124 E1147.57861
G1 X107.497 Y128 E1147.71165
G1 X112.508 Y128 E1147.87832
G1 X112.508 Y132 E1148.01136
G1 X107.497 Y132 E1148.17803
G1 X107.497 Y136 E1148.31107
G1 X112.509 Y136 E1148.47777
G1 X112.509 Y140 E1148.61081
G1 X107.496 Y140 E1148.77754
G1 X107.496 Y144 E1148.91058
G1 X112.51 Y144 E1149.07735
G1 X112.51 Y148 E1149.21039
G1 X107.496 Y148 E1149.37716
G1 X107.496 Y152 E1149.5102
G1 X112.511 Y152 E1149.677
G1 X112.511 Y156 E1149.81004
G1 X107.496 Y156 E1149.97684
G1 X107.496 Y160 E1150.10988
G1 X112.512 Y160 E1150.27671
G1 X112.512 Y164 E1150.40975
G1 X107.496 Y164 E1150.57658
G1 X107.495 Y168 E1150.70962
G1 X112.513 Y168 E1150.87652
G1 X112.513 Y172 E1151.00956
G1 X107.495 Y172 E1151.17646
G1 X107.495 Y176 E1151.3095
G1 X112.513 Y176 E1151.4764
G1 X112.514 Y180 E1151.60944
G1 X107.495 Y180 E1151.77638
G1 X107.495 Y184 E1151.90942
G1 X112.514 Y184 E1152.07635
G1 X112.515 Y188 E1152.20939
G1 X107.495 Y188 E1152.37636
G1 X107.495 Y192 E1152.5094
G1 X112.515 Y192 E1152.67636
G1 X112.515 Y193.45 E1152.72459
G1 X112.527 Y193.768 E1152.73517
G1 X112.585 Y194.26 E1152.75165
G1 X112.702 Y194.727 E1152.76766
G1 X112.899 Y195.316 E1152.78832
G1 X112.899 Y196 E1152.81107
G1 X107.099 Y196 E1153.00398
G1 X107.099 Y199.88 E1153.13303
G1 X107.141 Y200 E1153.13726
G1 X112.868 Y200 E1153.32774
G1 X112.633 Y200.718 E1153.35286
G1 X112.561 Y201.131 E1153.36681
G1 X112.513 Y201.626 E1153.38335
G1 X112.501 Y201.958 E1153.3944
G1 X112.499 Y207.499 E1153.57869
G1 X107.499 Y207.5 E1153.74499
G1 X107.491 Y204 E1153.8614
G1 X112.5 Y204 E1154.028
G1 F1500 E1147.528
;MESH:Viga_Rectangular.stl
G0 F9000 X113.367 Y204
G0 X113.764 Y200.114
G0 X113.353 Y56.049
G0 X112.5 Y55.165
G0 X112.5 Y54.08
G0 X123.63 Y53.608
G0 X123.75 Y53.9
;TYPE:WALL-INNER
G1 F1500 E1154.028
G1 X124.4 Y53.25 E1154.06469
G1 X124.4 Y15.75 E1155.5614
G1 X123.75 Y15.1 E1155.59809
G1 X96.25 Y15.1 E1156.69567
G1 X95.6 Y15.75 E1156.73236
G1 X95.6 Y53.25 E1158.22907
G1 X96.25 Y53.9 E1158.26576
G1 X123.75 Y53.9 E1159.36334
G0 F9000 X123.916 Y54.3
;TYPE:WALL-OUTER
G1 F1500 X124.8 Y53.416 E1159.40492
G1 X124.8 Y15.584 E1160.66322
G1 X123.916 Y14.7 E1160.7048
G1 X96.084 Y14.7 E1161.6305
G1 X95.2 Y15.584 E1161.67208
G1 X95.2 Y53.416 E1162.93037
G1 X96.084 Y54.3 E1162.97195
G1 X123.916 Y54.3 E1163.89765
G0 F9000 X123.63 Y53.608
G0 X124.1 Y53.037
G0 X124.319 Y53.037
;TYPE:FILL
G1 F3000 X95.679 Y24.397 E1165.24479
G0 F9000 X95.9 Y24.397
G0 X95.9 Y23.15
G0 X95.679 Y23.15
G1 F3000 X124.078 Y15.54 E1166.22267
G0 F9000 X123.923 Y15.695
G0 X124.1 Y19.096
G0 X124.319 Y19.096
G1 F3000 X120.403 Y15.18 E1166.40686
G1 X120.493 Y15.18
G1 X110.14 Y53.82 E1167.73737
G0 F9000 X110.14 Y53.6
G0 X108.131 Y53.6
G0 X108.131 Y53.82
G1 F3000 X95.679 Y41.367 E1168.32309
G0 F9000 X95.679 Y41.784
G1 F3000 X124.318 Y34.111 E1169.30923
G0 F9000 X124.1 Y34.111
G0 X124.1 Y36.066
G0 X124.319 Y36.066
G1 F3000 X103.432 Y15.18 E1170.29166
G0 F9000 X103.432 Y15.4
G0 X102.244 Y15.4
G0 X102.244 Y15.179
G1 F3000 X95.679 Y16.938 E1170.51772
G0 F9000 X95.9 Y16.938
G0 X95.9 Y15.912
G0 X95.679 Y15.912
G1 F3000 X124.319 Y44.551 E1171.86483
G0 F9000 X124.1 Y44.551
G0 X124.1 Y46.534
G0 X124.319 Y46.534
G1 F3000 X97.128 Y53.82 E1172.80111
G0 F9000 X97.717 Y53.819
G1 F3000 X108.07 Y15.179 E1174.13162
G0 F9000 X108.07 Y15.4
G0 X111.918 Y15.4
G0 X111.918 Y15.18
G1 F3000 X124.319 Y27.581 E1174.71492
G0 F9000 X124.318 Y27.899
G1 F3000 X95.68 Y35.573 E1175.70103
G0 F9000 X95.9 Y35.573
G0 X95.9 Y38.24
G0 X95.679 Y38.24
G1 F3000 X101.859 Y15.179 E1176.49511
G0 F9000 X101.859 Y15.4
G0 X114.282 Y15.4
G0 X114.282 Y15.179
G1 F3000 X103.928 Y53.819 E1177.82562
G0 F9000 X103.928 Y53.6
G0 X99.646 Y53.6
G0 X99.646 Y53.82
G1 F3000 X95.679 Y49.853 E1178.01221
G0 F9000 X95.9 Y49.853
G0 X95.9 Y47.996
G0 X95.679 Y47.996
G1 F3000 X124.319 Y40.322 E1178.99839
G0 F9000 X124.1 Y40.322
G0 X124.1 Y47.266
G0 X124.319 Y47.266
G1 F3000 X122.563 Y53.819 E1179.22403
G0 F9000 X122.563 Y53.6
G0 X124.1 Y52.746
G0 X124.318 Y52.746
G1 F3000 X120.311 Y53.82 E1179.36201
G0 F9000 X120.311 Y53.6
G0 X116.616 Y53.6
G0 X116.616 Y53.82
G1 F3000 X95.679 Y32.882 E1180.34684
G0 F9000 X95.9 Y32.882
G0 X95.9 Y29.361
G0 X95.679 Y29.361
G1 F3000 X124.318 Y21.688 E1181.33297
G0 F9000 X124.1 Y21.688
G0 X124.1 Y24.085
G0 X124.319 Y24.085
G1 F3000 X116.351 Y53.819 E1182.35682
G0 F9000 X116.351 Y53.3
G1 F1500 E1175.85682
;MESH:NONMESH
G0 F300 X116.351 Y53.3 Z3.6
G0 F9000 X108 Y54.08
G0 X107.137 Y55.153
G0 X106.737 Y55.448
G0 X106.236 Y200.027
G0 X106.648 Y208.353
G0 X108.001 Y208.364
G0 X108 Y207.5
;TIME_ELAPSED:1588.884459
;LAYER:17
;TYPE:SUPPORT
G1 F1500 E1182.35682
G1 X108 Y56.101 E1187.39238
G1 X107.79 Y56.101 E1187.39936
G1 X107.79 Y56.301 E1187.40601
G1 X107.59 Y56.301 E1187.41266
G1 X107.59 Y56.501 E1187.41932
G1 X107.5 Y56.501 E1187.42231
G1 X107.495 Y193.603 E1191.98234
G1 X107.436 Y194.162 E1192.00104
G1 X107.322 Y194.65 E1192.0177
G1 X107.1 Y195.266 E1192.03948
G1 X107.1 Y199.877 E1192.19285
G1 X107.251 Y200.308 E1192.20803
G1 X107.329 Y200.56 E1192.21681
G1 X107.441 Y201.044 E1192.23333
G1 X107.488 Y201.523 E1192.24934
G1 X107.5 Y207.5 E1192.44814
G1 X112.5 Y207.499 E1192.61444
G1 X112.502 Y201.957 E1192.79876
G1 X112.516 Y201.584 E1192.81118
G1 X112.576 Y200.981 E1192.83133
G1 X112.667 Y200.615 E1192.84388
G1 X112.8 Y200.207 E1192.85815
G1 X112.9 Y199.953 E1192.86723
G1 X112.9 Y195.316 E1193.02146
G1 X112.72 Y194.799 E1193.03967
G1 X112.587 Y194.268 E1193.05787
G1 X112.534 Y193.85 E1193.07189
G1 X112.516 Y193.489 E1193.08391
G1 X112.5 Y56.902 E1197.62681
G1 X112.3 Y56.902 E1197.63346
G1 X112.3 Y56.702 E1197.64011
G1 X112.1 Y56.702 E1197.64677
G1 X112.1 Y56.502 E1197.65342
G1 X112 Y56.502 E1197.65674
G1 X112 Y207.5 E1202.67896
G1 F1500 E1196.17896
;MESH:Viga_Rectangular.stl
G0 F9000 X112.001 Y208.364
G0 X113.353 Y208.352
G0 X113.764 Y200.115
G0 X113.353 Y56.049
G0 X112.55 Y55.249
G0 X112.216 Y55.149
G0 X112 Y54.08
G0 X123.63 Y53.608
G0 X123.75 Y53.9
;TYPE:WALL-INNER
G1 F1500 E1202.67896
G1 X124.4 Y53.25 E1202.71565
G1 X124.4 Y15.75 E1204.21235
G1 X123.75 Y15.1 E1204.24904
G1 X96.25 Y15.1 E1205.34663
G1 X95.6 Y15.75 E1205.38332
G1 X95.6 Y53.25 E1206.88002
G1 X96.25 Y53.9 E1206.91671
G1 X123.75 Y53.9 E1208.01429
G0 F9000 X123.916 Y54.3
;TYPE:WALL-OUTER
G1 F1500 X124.8 Y53.416 E1208.05588
G1 X124.8 Y15.584 E1209.31417
G1 X123.916 Y14.7 E1209.35575
G1 X96.084 Y14.7 E1210.28145
G1 X95.2 Y15.584 E1210.32303
G1 X95.2 Y53.416 E1211.58133
G1 X96.084 Y54.3 E1211.62291
G1 X123.916 Y54.3 E1212.5486
G0 F9000 X123.63 Y53.608
G0 X124.1 Y52.891
G0 X124.319 Y52.891
;TYPE:FILL
G1 F3000 X120.856 Y53.819 E1212.66785
G0 F9000 X120.856 Y53.6
G0 X122.417 Y53.6
G0 X122.417 Y53.819
G1 F3000 X124.319 Y46.722 E1212.91222
G1 X124.318 Y46.68
G1 X97.672 Y53.82 E1213.82974
G1 X97.57 Y53.82
G1 X107.924 Y15.18 E1215.16025
G0 F9000 X107.924 Y15.4
G0 X112.117 Y15.4
G0 X112.117 Y15.18
G1 F3000 X124.319 Y27.382 E1215.7342
G0 F9000 X124.318 Y28.045
G1 F3000 X95.68 Y35.719 E1216.7203
G0 F9000 X95.9 Y35.719
G0 X95.9 Y37.696
G0 X95.679 Y37.696
G1 F3000 X101.713 Y15.179 E1217.49565
G0 F9000 X101.713 Y15.4
G0 X102.789 Y15.4
G0 X102.789 Y15.179
G1 F3000 X95.679 Y17.084 E1217.74047
G0 F9000 X95.9 Y17.084
G0 X95.892 Y15.87
G0 X95.714 Y15.747
G1 F3000 X124.319 Y44.352 E1219.08596
G0 F9000 X124.1 Y44.352
G0 X124.1 Y40.468
G0 X124.319 Y40.468
G1 F3000 X95.68 Y48.142 E1220.0721
G0 F9000 X95.9 Y48.142
G0 X95.9 Y49.653
G0 X95.679 Y49.653
G1 F3000 X99.845 Y53.82 E1220.26808
G0 F9000 X99.845 Y53.6
G0 X103.782 Y53.6
G0 X103.782 Y53.819
G1 F3000 X114.136 Y15.179 E1221.59859
G0 F9000 X114.136 Y15.4
G0 X120.347 Y15.4
G0 X120.347 Y15.179
G1 F3000 X109.994 Y53.819 E1222.92909
G0 F9000 X109.994 Y53.6
G0 X108.33 Y53.6
G0 X108.33 Y53.82
G1 F3000 X95.679 Y41.168 E1223.52418
G0 F9000 X95.679 Y41.931
G1 F3000 X124.318 Y34.257 E1224.51032
G0 F9000 X124.1 Y34.257
G0 X124.1 Y35.867
G0 X124.319 Y35.867
G1 F3000 X103.632 Y15.18 E1225.48337
G0 F9000 X103.632 Y15.4
G0 X95.9 Y23.296
G0 X95.679 Y23.296
G1 F3000 X124.192 Y15.655 E1226.46518
G0 F9000 X124.037 Y15.809
G0 X124.1 Y18.896
G0 X124.319 Y18.896
G1 F3000 X120.602 Y15.18 E1226.64
G0 F9000 X120.602 Y15.4
G0 X124.1 Y21.834
G0 X124.318 Y21.834
G1 F3000 X95.679 Y29.507 E1227.62613
G0 F9000 X95.9 Y29.507
G0 X95.9 Y32.683
G0 X95.679 Y32.683
G1 F3000 X116.816 Y53.82 E1228.62035
G0 F9000 X116.205 Y53.82
G1 F3000 X124.319 Y23.541 E1229.66296
G0 F9000 X124.1 Y23.541
G0 X95.9 Y24.197
G0 X95.679 Y24.197
G1 F3000 X124.319 Y52.837 E1231.0101
G0 F9000 X123.8 Y52.837
G1 F1500 E1224.5101
;MESH:NONMESH
G0 F300 X123.8 Y52.837 Z3.8
G0 F9000 X111.579 Y54.08
G0 X111.579 Y56
;TIME_ELAPSED:1644.456935
;LAYER:18
;TYPE:SUPPORT
G1 F1500 E1231.0101
G1 X107.99 Y56 E1231.12947
G1 X107.99 Y55.9 E1231.1328
G1 X108.19 Y55.9 E1231.13945
G1 X108.19 Y55.7 E1231.1461
G1 X108.39 Y55.7 E1231.15275
G1 X108.39 Y55.5 E1231.15941
G1 X111.304 Y55.501 E1231.25633
G1 X111.466 Y55.901 E1231.27068
G1 X111.55 Y55.901 E1231.27347
G1 X111.608 Y56.101 E1231.2804
G1 X111.701 Y56.101 E1231.28349
G1 X111.702 Y56.301 E1231.29015
G1 X111.9 Y56.301 E1231.29673
G1 X111.9 Y56.501 E1231.30338
G1 X112.1 Y56.501 E1231.31004
G1 X112.1 Y56.701 E1231.31669
G1 X112.3 Y56.701 E1231.32334
G1 X112.3 Y56.901 E1231.32999
G1 X112.5 Y56.901 E1231.33664
G1 X112.501 Y60 E1231.43972
G1 X107.5 Y60 E1231.60605
G1 X107.5 Y64 E1231.73909
G1 X112.501 Y64 E1231.90542
G1 X112.502 Y68 E1232.03847
G1 X107.5 Y68 E1232.20483
G1 X107.5 Y72 E1232.33787
G1 X112.502 Y72 E1232.50424
G1 X112.503 Y76 E1232.63728
G1 X107.5 Y76 E1232.80368
G1 X107.5 Y80 E1232.93672
G1 X112.503 Y80 E1233.10312
G1 X112.504 Y84 E1233.23616
G1 X107.5 Y84 E1233.4026
G1 X107.5 Y88 E1233.53564
G1 X112.504 Y88 E1233.70207
G1 X112.505 Y92 E1233.83511
G1 X107.5 Y92 E1234.00158
G1 X107.5 Y96 E1234.13462
G1 X112.505 Y96 E1234.30109
G1 X112.506 Y100 E1234.43413
G1 X107.5 Y100 E1234.60063
G1 X107.499 Y104 E1234.73367
G1 X112.506 Y104 E1234.9002
G1 X112.506 Y108 E1235.03324
G1 X107.499 Y108 E1235.19977
G1 X107.499 Y112 E1235.33282
G1 X112.507 Y112 E1235.49938
G1 X112.507 Y116 E1235.63242
G1 X107.499 Y116 E1235.79899
G1 X107.498 Y120 E1235.93203
G1 X112.507 Y120 E1236.09863
G1 X112.507 Y124 E1236.23167
G1 X107.498 Y124 E1236.39827
G1 X107.498 Y128 E1236.53131
G1 X112.508 Y128 E1236.69794
G1 X112.508 Y132 E1236.83098
G1 X107.498 Y132 E1236.99762
G1 X107.498 Y136 E1237.13066
G1 X112.509 Y136 E1237.29733
G1 X112.509 Y140 E1237.43037
G1 X107.498 Y140 E1237.59703
G1 X107.498 Y144 E1237.73007
G1 X112.51 Y144 E1237.89677
G1 X112.51 Y148 E1238.02981
G1 X107.497 Y148 E1238.19655
G1 X107.497 Y152 E1238.32959
G1 X112.511 Y152 E1238.49635
G1 X112.511 Y156 E1238.62939
G1 X107.497 Y156 E1238.79616
G1 X107.497 Y160 E1238.9292
G1 X112.512 Y160 E1239.096
G1 X112.512 Y164 E1239.22904
G1 X107.497 Y164 E1239.39584
G1 X107.497 Y168 E1239.52888
G1 X112.513 Y168 E1239.69571
G1 X112.513 Y172 E1239.82875
G1 X107.497 Y172 E1239.99559
G1 X107.497 Y176 E1240.12863
G1 X112.513 Y176 E1240.29546
G1 X112.514 Y180 E1240.4285
G1 X107.497 Y180 E1240.59537
G1 X107.497 Y184 E1240.72841
G1 X112.514 Y184 E1240.89527
G1 X112.515 Y188 E1241.02831
G1 X107.497 Y188 E1241.19521
G1 X107.497 Y192 E1241.32825
G1 X112.515 Y192 E1241.49515
G1 X112.515 Y193.565 E1241.54721
G1 X112.536 Y193.922 E1241.5591
G1 X112.588 Y194.28 E1241.57113
G1 X112.693 Y194.719 E1241.58614
G1 X112.899 Y195.317 E1241.60718
G1 X112.899 Y196 E1241.6299
G1 X107.099 Y196 E1241.82281
G1 X107.099 Y199.877 E1241.95176
G1 X107.142 Y200 E1241.95609
G1 X112.88 Y200 E1242.14694
G1 X112.766 Y200.295 E1242.15746
G1 X112.593 Y200.832 E1242.17622
G1 X112.517 Y201.526 E1242.19944
G1 X112.501 Y201.917 E1242.21246
G1 X112.499 Y207.499 E1242.39811
G1 X107.499 Y207.5 E1242.56442
G1 X107.491 Y204 E1242.68083
G1 X112.5 Y204 E1242.84743
G1 F1500 E1236.34743
;MESH:Viga_Rectangular.stl
G0 F9000 X113.367 Y204
G0 X113.764 Y200.115
G0 X113.353 Y56.049
G0 X112.5 Y55.165
G0 X112.5 Y54.08
G0 X123.63 Y53.608
G0 X123.75 Y53.9
;TYPE:WALL-INNER
G1 F1500 E1242.84743
G1 X124.4 Y53.25 E1242.88412
G1 X124.4 Y15.75 E1244.38082
G1 X123.75 Y15.1 E1244.41751
G1 X96.25 Y15.1 E1245.51509
G1 X95.6 Y15.75 E1245.55178
G1 X95.6 Y53.25 E1247.04849
G1 X96.25 Y53.9 E1247.08518
G1 X123.75 Y53.9 E1248.18276
G0 F9000 X123.916 Y54.3
;TYPE:WALL-OUTER
G1 F1500 X124.8 Y53.416 E1248.22434
G1 X124.8 Y15.584 E1249.48264
G1 X123.916 Y14.7 E1249.52422
G1 X96.084 Y14.7 E1250.44992
G1 X95.2 Y15.584 E1250.4915
G1 X95.2 Y53.416 E1251.7498
G1 X96.084 Y54.3 E1251.79138
G1 X123.916 Y54.3 E1252.71707
G0 F9000 X123.63 Y53.608
G0 X124.1 Y53.038
G0 X124.319 Y53.038
;TYPE:FILL
G1 F3000 X121.405 Y53.819 E1252.81741
G0 F9000 X122.27 Y53.819
G1 F3000 X124.319 Y46.173 E1253.08069
G0 F9000 X124.318 Y46.827
G1 F3000 X98.221 Y53.82 E1253.9793
G0 F9000 X97.423 Y53.82
G1 F3000 X107.777 Y15.18 E1255.30982
G0 F9000 X107.777 Y15.4
G0 X103.832 Y15.4
G0 X103.832 Y15.18
G1 F3000 X124.319 Y35.666 E1256.27344
G0 F9000 X124.1 Y35.666
G0 X124.1 Y34.404
G0 X124.318 Y34.404
G1 F3000 X95.679 Y42.078 E1257.25958
G0 F9000 X95.9 Y42.078
G0 X95.9 Y40.967
G0 X95.679 Y40.967
G1 F3000 X108.531 Y53.82 E1257.86412
G0 F9000 X108.531 Y53.6
G0 X109.847 Y53.6
G0 X109.847 Y53.819
G1 F3000 X120.2 Y15.179 E1259.19462
G0 F9000 X120.803 Y15.18
G1 F3000 X124.319 Y18.695 E1259.35998
G0 F9000 X124.1 Y18.695
G0 X124.108 Y15.87
G0 X124.308 Y15.771
G1 F3000 X95.679 Y23.443 E1260.34578
G0 F9000 X95.679 Y23.997
G1 F3000 X124.319 Y52.637 E1261.69292
G0 F9000 X124.1 Y52.637
G0 X117.016 Y53.6
G0 X117.016 Y53.82
G1 F3000 X95.679 Y32.482 E1262.69657
G0 F9000 X95.9 Y32.482
G0 X95.9 Y29.654
G0 X95.679 Y29.654
G1 F3000 X124.318 Y21.981 E1263.6827
G0 F9000 X124.1 Y21.981
G0 X124.1 Y22.992
G0 X124.319 Y22.992
G1 F3000 X116.058 Y53.82 E1264.74422
G0 F9000 X116.058 Y53.6
G0 X103.635 Y53.6
G0 X103.635 Y53.819
G1 F3000 X113.989 Y15.179 E1266.07474
G0 F9000 X113.989 Y15.4
G0 X112.318 Y15.4
G0 X112.318 Y15.18
G1 F3000 X124.319 Y27.181 E1266.63923
G0 F9000 X124.1 Y27.181
G0 X124.1 Y28.192
G0 X124.318 Y28.192
G1 F3000 X95.68 Y35.866 E1267.62533
G0 F9000 X95.9 Y35.866
G0 X95.9 Y37.147
G0 X95.679 Y37.147
G1 F3000 X101.566 Y15.179 E1268.38177
G0 F9000 X101.566 Y15.4
G0 X103.337 Y15.4
G0 X103.337 Y15.179
G1 F3000 X95.68 Y17.231 E1268.64543
G0 F9000 X95.9 Y17.231
G0 X95.97 Y15.802
G0 X95.815 Y15.647
G1 F3000 X124.319 Y44.151 E1269.98617
G0 F9000 X124.1 Y44.151
G0 X124.1 Y40.615
G0 X124.319 Y40.615
G1 F3000 X95.68 Y48.289 E1270.97231
G0 F9000 X95.9 Y48.289
G0 X95.9 Y49.452
G0 X95.679 Y49.452
G1 F3000 X100.046 Y53.82 E1271.17775
G0 F9000 X100.046 Y53.3
G1 F1500 E1264.67775
;MESH:NONMESH
G0 F300 X100.046 Y53.3 Z4
G0 F9000 X108 Y54.08
G0 X107.137 Y55.153
G0 X106.737 Y55.448
G0 X106.236 Y200.026
G0 X106.648 Y208.353
G0 X108.001 Y208.364
G0 X108 Y207.5
;TIME_ELAPSED:1692.536615
;LAYER:19
;TYPE:SUPPORT
G1 F1500 E1271.17775
G1 X108 Y56.101 E1276.2133
G1 X107.79 Y56.101 E1276.22028
G1 X107.79 Y56.301 E1276.22694
G1 X107.59 Y56.301 E1276.23359
G1 X107.59 Y56.501 E1276.24024
G1 X107.5 Y56.501 E1276.24323
G1 X107.499 Y193.444 E1280.79798
G1 X107.475 Y193.849 E1280.81147
G1 X107.414 Y194.321 E1280.8273
G1 X107.259 Y194.848 E1280.84557
G1 X107.1 Y195.267 E1280.86048
G1 X107.1 Y199.877 E1281.01381
G1 X107.284 Y200.397 E1281.03215
G1 X107.364 Y200.68 E1281.04193
G1 X107.429 Y200.971 E1281.05185
G1 X107.47 Y201.267 E1281.06179
G1 X107.49 Y201.647 E1281.07445
G1 X107.5 Y207.5 E1281.26912
G1 X112.5 Y207.499 E1281.43542
G1 X112.502 Y201.862 E1281.62291
G1 X112.521 Y201.454 E1281.63649
G1 X112.593 Y200.847 E1281.65682
G1 X112.779 Y200.255 E1281.67746
G1 X112.9 Y199.95 E1281.68837
G1 X112.9 Y195.316 E1281.8425
G1 X112.785 Y195.001 E1281.85365
G1 X112.666 Y194.625 E1281.86677
G1 X112.567 Y194.181 E1281.8819
G1 X112.529 Y193.838 E1281.89338
G1 X112.514 Y193.508 E1281.90437
G1 X112.5 Y56.902 E1286.4479
G1 X112.3 Y56.902 E1286.45455
G1 X112.3 Y56.702 E1286.4612
G1 X112.1 Y56.702 E1286.46786
G1 X112.1 Y56.502 E1286.47451
G1 X112 Y56.502 E1286.47783
G1 X112 Y207.5 E1291.50005
G1 F1500 E1285.00005
;MESH:Viga_Rectangular.stl
G0 F9000 X112.001 Y208.364
G0 X113.353 Y208.352
G0 X113.764 Y200.116
G0 X113.353 Y56.049
G0 X112.55 Y55.249
G0 X112.216 Y55.149
G0 X112 Y54.08
G0 X123.63 Y53.608
G0 X123.75 Y53.9
;TYPE:WALL-INNER
G1 F1500 E1291.50005
G1 X124.4 Y53.25 E1291.53674
G1 X124.4 Y15.75 E1293.03344
G1 X123.75 Y15.1 E1293.07013
G1 X96.25 Y15.1 E1294.16772
G1 X95.6 Y15.75 E1294.20441
G1 X95.6 Y53.25 E1295.70111
G1 X96.25 Y53.9 E1295.7378
G1 X123.75 Y53.9 E1296.83538
G0 F9000 X123.916 Y54.3
;TYPE:WALL-OUTER
G1 F1500 X124.8 Y53.416 E1296.87697
G1 X124.8 Y15.584 E1298.13526
G1 X123.916 Y14.7 E1298.17684
G1 X96.084 Y14.7 E1299.10254
G1 X95.2 Y15.584 E1299.14412
G1 X95.2 Y53.416 E1300.40242
G1 X96.084 Y54.3 E1300.444
G1 X123.916 Y54.3 E1301.36969
G0 F9000 X123.63 Y53.608
G0 X124.108 Y53.13
G0 X124.319 Y53.185
;TYPE:FILL
G1 F3000 X121.949 Y53.819 E1301.45129
G1 X122.124 Y53.82
G1 X124.319 Y45.629 E1301.73334
G0 F9000 X124.1 Y45.629
G0 X124.1 Y46.973
G0 X124.318 Y46.973
G1 F3000 X98.766 Y53.82 E1302.61318
G0 F9000 X98.766 Y53.6
G0 X100.245 Y53.6
G0 X100.245 Y53.82
G1 F3000 X95.679 Y49.253 E1302.82798
G0 F9000 X95.68 Y48.435
G1 F3000 X124.318 Y40.761 E1303.81409
G0 F9000 X124.1 Y40.761
G0 X124.1 Y43.952
G0 X124.319 Y43.952
G1 F3000 X95.914 Y15.547 E1305.15017
G0 F9000 X96.069 Y15.703
G0 X95.9 Y17.377
G0 X95.679 Y17.377
G1 F3000 X103.882 Y15.179 E1305.43263
G1 X104.032 Y15.18
G1 X124.319 Y35.467 E1306.38687
G0 F9000 X124.319 Y34.55
G1 F3000 X95.679 Y42.224 E1307.37304
G0 F9000 X95.9 Y42.224
G0 X95.9 Y40.768
G0 X95.679 Y40.768
G1 F3000 X108.731 Y53.82 E1307.98697
G0 F9000 X109.701 Y53.819
G1 F3000 X120.054 Y15.179 E1309.31747
G0 F9000 X121.002 Y15.18
G1 F3000 X124.319 Y18.496 E1309.47347
G0 F9000 X124.1 Y18.496
G0 X124.1 Y15.915
G0 X124.318 Y15.915
G1 F3000 X95.679 Y23.589 E1310.45961
G0 F9000 X95.679 Y23.797
G1 F3000 X124.319 Y52.437 E1311.80675
G0 F9000 X124.1 Y52.437
G0 X117.216 Y53.6
G0 X117.216 Y53.82
G1 F3000 X95.679 Y32.282 E1312.8198
G0 F9000 X95.9 Y32.282
G0 X95.9 Y29.8
G0 X95.68 Y29.8
G1 F3000 X124.318 Y22.126 E1313.80591
G0 F9000 X124.319 Y22.448
G1 F3000 X115.913 Y53.819 E1314.88612
G0 F9000 X115.913 Y53.6
G0 X103.489 Y53.6
G0 X103.489 Y53.819
G1 F3000 X113.843 Y15.18 E1316.2166
G0 F9000 X113.843 Y15.4
G0 X112.517 Y15.4
G0 X112.517 Y15.18
G1 F3000 X124.319 Y26.981 E1316.77171
G0 F9000 X124.1 Y26.981
G0 X124.1 Y28.338
G0 X124.318 Y28.338
G1 F3000 X95.679 Y36.012 E1317.75785
G0 F9000 X95.679 Y36.602
G1 F3000 X101.42 Y15.179 E1318.49552
G0 F9000 X101.42 Y15.4
G0 X107.631 Y15.4
G0 X107.631 Y15.179
G1 F3000 X97.277 Y53.82 E1319.82607
G0 F9000 X97.277 Y53.3
G1 F1500 E1313.32607
;MESH:NONMESH
G0 F300 X97.277 Y53.3 Z4.2
G0 F9000 X111.579 Y54.08
G0 X111.579 Y56
;TIME_ELAPSED:1747.271408
;LAYER:20
;TYPE:SUPPORT
G1 F1500 E1319.82607
G1 X107.99 Y56 E1319.94544
G1 X107.99 Y55.9 E1319.94876
G1 X108.19 Y55.9 E1319.95542
G1 X108.19 Y55.7 E1319.96207
G1 X108.39 Y55.7 E1319.96872
G1 X108.39 Y55.5 E1319.97537
G1 X111.304 Y55.501 E1320.07229
G1 X111.466 Y55.901 E1320.08665
G1 X111.55 Y55.901 E1320.08944
G1 X111.608 Y56.101 E1320.09637
G1 X111.701 Y56.101 E1320.09946
G1 X111.702 Y56.301 E1320.10611
G1 X111.9 Y56.301 E1320.1127
G1 X111.9 Y56.501 E1320.11935
G1 X112.1 Y56.501 E1320.126
G1 X112.1 Y56.701 E1320.13265
G1 X112.3 Y56.701 E1320.1393
G1 X112.3 Y56.901 E1320.14596
G1 X112.5 Y56.901 E1320.15261
G1 X112.501 Y60 E1320.25568
G1 X107.5 Y60 E1320.42202
G1 X107.5 Y64 E1320.55506
G1 X112.501 Y64 E1320.72139
G1 X112.502 Y68 E1320.85443
G1 X107.5 Y68 E1321.0208
G1 X107.5 Y72 E1321.15384
G1 X112.502 Y72 E1321.32021
G1 X112.502 Y76 E1321.45325
G1 X107.5 Y76 E1321.61961
G1 X107.5 Y80 E1321.75265
G1 X112.503 Y80 E1321.91905
G1 X112.503 Y84 E1322.0521
G1 X107.5 Y84 E1322.2185
G1 X107.5 Y88 E1322.35154
G1 X112.504 Y88 E1322.51797
G1 X112.504 Y92 E1322.65101
G1 X107.5 Y92 E1322.81744
G1 X107.5 Y96 E1322.95048
G1 X112.505 Y96 E1323.11695
G1 X112.505 Y100 E1323.24999
G1 X107.5 Y100 E1323.41646
G1 X107.5 Y104 E1323.5495
G1 X112.505 Y104 E1323.71597
G1 X112.506 Y108 E1323.84901
G1 X107.5 Y108 E1324.01551
G1 X107.5 Y112 E1324.14855
G1 X112.506 Y112 E1324.31505
G1 X112.507 Y116 E1324.44809
G1 X107.5 Y116 E1324.61462
G1 X107.499 Y120 E1324.74766
G1 X112.506 Y120 E1324.9142
G1 X112.506 Y124 E1325.04724
G1 X107.499 Y124 E1325.21377
G1 X107.499 Y128 E1325.34681
G1 X112.507 Y128 E1325.51338
G1 X112.507 Y132 E1325.64642
G1 X107.499 Y132 E1325.81298
G1 X107.499 Y136 E1325.94603
G1 X112.508 Y136 E1326.11263
G1 X112.508 Y140 E1326.24567
G1 X107.499 Y140 E1326.41227
G1 X107.499 Y144 E1326.54531
G1 X112.508 Y144 E1326.71191
G1 X112.509 Y148 E1326.84495
G1 X107.499 Y148 E1327.01158
G1 X107.499 Y152 E1327.14462
G1 X112.509 Y152 E1327.31125
G1 X112.51 Y156 E1327.44429
G1 X107.499 Y156 E1327.61096
G1 X107.499 Y160 E1327.744
G1 X112.51 Y160 E1327.91067
G1 X112.51 Y164 E1328.04371
G1 X107.499 Y164 E1328.21038
G1 X107.499 Y168 E1328.34342
G1 X112.511 Y168 E1328.51012
G1 X112.511 Y172 E1328.64316
G1 X107.499 Y172 E1328.80986
G1 X107.499 Y176 E1328.9429
G1 X112.512 Y176 E1329.10963
G1 X112.512 Y180 E1329.24267
G1 X107.499 Y180 E1329.4094
G1 X107.499 Y184 E1329.54244
G1 X112.513 Y184 E1329.70921
G1 X112.513 Y188 E1329.84225
G1 X107.499 Y188 E1330.00902
G1 X107.499 Y192 E1330.14206
G1 X112.513 Y192 E1330.30882
G1 X112.513 Y193.581 E1330.36141
G1 X112.532 Y193.92 E1330.3727
G1 X112.581 Y194.303 E1330.38554
G1 X112.684 Y194.696 E1330.39906
G1 X112.765 Y194.949 E1330.40789
G1 X112.899 Y195.317 E1330.42092
G1 X112.899 Y196 E1330.44363
G1 X107.099 Y196 E1330.63654
G1 X107.099 Y199.874 E1330.76539
G1 X107.143 Y200 E1330.76983
G1 X112.879 Y200 E1330.96061
G1 X112.749 Y200.327 E1330.97232
G1 X112.618 Y200.765 E1330.98752
G1 X112.563 Y201.044 E1330.99698
G1 X112.522 Y201.394 E1331.0087
G1 X112.501 Y201.815 E1331.02272
G1 X112.499 Y207.499 E1331.21177
G1 X107.499 Y207.5 E1331.37807
G1 X107.493 Y204 E1331.49448
G1 X112.5 Y204 E1331.66102
G1 F1500 E1325.16102
;MESH:Viga_Rectangular.stl
G0 F9000 X113.367 Y204
G0 X113.764 Y200.117
G0 X113.353 Y56.049
G0 X112.5 Y55.165
G0 X112.5 Y54.08
G0 X123.63 Y53.608
G0 X123.75 Y53.9
;TYPE:WALL-INNER
G1 F1500 E1331.66102
G1 X124.4 Y53.25 E1331.6977
G1 X124.4 Y15.75 E1333.19441
G1 X123.75 Y15.1 E1333.2311
G1 X96.25 Y15.1 E1334.32868
G1 X95.6 Y15.75 E1334.36537
G1 X95.6 Y53.25 E1335.86208
G1 X96.25 Y53.9 E1335.89877
G1 X123.75 Y53.9 E1336.99635
G0 F9000 X123.916 Y54.3
;TYPE:WALL-OUTER
G1 F1500 X124.8 Y53.416 E1337.03793
G1 X124.8 Y15.584 E1338.29623
G1 X123.916 Y14.7 E1338.33781
G1 X96.084 Y14.7 E1339.26351
G1 X95.2 Y15.584 E1339.30509
G1 X95.2 Y53.416 E1340.56338
G1 X96.084 Y54.3 E1340.60497
G1 X123.916 Y54.3 E1341.53066
G0 F9000 X124.163 Y53.372
;TYPE:FILL
G1 F3000 X122.494 Y53.819 E1341.58813
G0 F9000 X121.978 Y53.819
G1 F3000 X124.319 Y45.084 E1341.88891
G0 F9000 X124.1 Y45.084
G0 X124.1 Y43.752
G0 X124.319 Y43.752
G1 F3000 X96.014 Y15.448 E1343.22027
G0 F9000 X96.169 Y15.603
G0 X95.9 Y17.523
G0 X95.679 Y17.523
G1 F3000 X104.427 Y15.179 E1343.52149
G1 X104.231 Y15.18
G1 X124.319 Y35.267 E1344.46634
G0 F9000 X124.319 Y34.696
G1 F3000 X95.68 Y42.369 E1345.45248
G0 F9000 X95.9 Y42.369
G0 X95.9 Y40.568
G0 X95.679 Y40.568
G1 F3000 X108.93 Y53.82 E1346.07579
G0 F9000 X109.555 Y53.819
G1 F3000 X119.908 Y15.179 E1347.40629
G0 F9000 X119.908 Y15.4
G0 X121.202 Y15.4
G0 X121.202 Y15.18
G1 F3000 X124.319 Y18.297 E1347.5529
G0 F9000 X124.1 Y18.297
G0 X124.1 Y16.061
G0 X124.318 Y16.061
G1 F3000 X95.679 Y23.735 E1348.53904
G1 X95.679 Y23.598
G1 X124.319 Y52.238 E1349.88618
G0 F9000 X124.1 Y52.238
G0 X124.1 Y47.119
G0 X124.319 Y47.119
G1 F3000 X99.311 Y53.82 E1350.74729
G0 F9000 X99.311 Y53.6
G0 X100.445 Y53.6
G0 X100.445 Y53.82
G1 F3000 X95.679 Y49.054 E1350.97147
G0 F9000 X95.68 Y48.581
G1 F3000 X124.318 Y40.907 E1351.95758
G0 F9000 X124.1 Y40.907
G0 X124.1 Y28.484
G0 X124.318 Y28.484
G1 F3000 X95.679 Y36.158 E1352.94372
G1 X95.679 Y36.058
G1 X101.273 Y15.179 E1353.66265
G0 F9000 X101.273 Y15.4
G0 X107.485 Y15.4
G0 X107.485 Y15.179
G1 F3000 X97.131 Y53.82 E1354.9932
G0 F9000 X97.131 Y53.6
G0 X103.343 Y53.6
G0 X103.343 Y53.82
G1 F3000 X113.697 Y15.18 E1356.32371
G0 F9000 X112.717 Y15.18
G1 F3000 X124.319 Y26.782 E1356.86943
G0 F9000 X124.1 Y26.782
G0 X124.1 Y22.272
G0 X124.318 Y22.272
G1 F3000 X95.679 Y29.946 E1357.85557
G0 F9000 X95.9 Y29.946
G0 X95.9 Y32.083
G0 X95.679 Y32.083
G1 F3000 X117.415 Y53.82 E1358.87799
G0 F9000 X117.415 Y53.6
G0 X115.767 Y53.6
G0 X115.767 Y53.819
G1 F3000 X124.319 Y21.903 E1359.97697
G0 F9000 X123.8 Y21.903
G1 F1500 E1353.47697
;MESH:NONMESH
G0 F300 X123.8 Y21.903 Z4.4
G0 F9000 X108 Y54.08
G0 X107.137 Y55.153
G0 X106.737 Y55.448
G0 X106.236 Y200.031
G0 X106.647 Y208.353
G0 X108.001 Y208.364
G0 X108 Y207.5
;TIME_ELAPSED:1795.285361
;LAYER:21
;TYPE:SUPPORT
G1 F1500 E1359.97697
G1 X108 Y56.101 E1365.01252
G1 X107.79 Y56.101 E1365.0195
G1 X107.79 Y56.301 E1365.02615
G1 X107.59 Y56.301 E1365.03281
G1 X107.59 Y56.501 E1365.03946
G1 X107.5 Y56.501 E1365.04245
G1 X107.499 Y193.582 E1369.60178
G1 X107.481 Y193.851 E1369.61075
G1 X107.412 Y194.316 E1369.62639
G1 X107.318 Y194.688 E1369.63915
G1 X107.1 Y195.267 E1369.65973
G1 X107.1 Y199.877 E1369.81305
G1 X107.219 Y200.195 E1369.82435
G1 X107.317 Y200.498 E1369.83494
G1 X107.401 Y200.815 E1369.84585
G1 X107.462 Y201.144 E1369.85698
G1 X107.49 Y201.483 E1369.86829
G1 X107.5 Y207.5 E1370.06842
G1 X112.5 Y207.499 E1370.23472
G1 X112.502 Y201.738 E1370.42633
G1 X112.525 Y201.349 E1370.43929
G1 X112.58 Y200.912 E1370.45394
G1 X112.705 Y200.439 E1370.47021
G1 X112.9 Y199.951 E1370.48769
G1 X112.9 Y195.317 E1370.64182
G1 X112.756 Y194.921 E1370.65583
G1 X112.667 Y194.641 E1370.6656
G1 X112.583 Y194.307 E1370.67706
G1 X112.54 Y194.01 E1370.68704
G1 X112.514 Y193.64 E1370.69938
G1 X112.5 Y56.902 E1375.2473
G1 X112.3 Y56.902 E1375.25395
G1 X112.3 Y56.702 E1375.2606
G1 X112.1 Y56.702 E1375.26726
G1 X112.1 Y56.502 E1375.27391
G1 X112 Y56.502 E1375.27724
G1 X112 Y207.5 E1380.29945
G1 F1500 E1373.79945
;MESH:Viga_Rectangular.stl
G0 F9000 X112.001 Y208.364
G0 X113.353 Y208.352
G0 X113.764 Y200.117
G0 X113.353 Y56.049
G0 X112.55 Y55.249
G0 X112.216 Y55.149
G0 X112 Y54.08
G0 X123.63 Y53.608
G0 X123.75 Y53.9
;TYPE:WALL-INNER
G1 F1500 E1380.29945
G1 X124.4 Y53.25 E1380.33614
G1 X124.4 Y15.75 E1381.83284
G1 X123.75 Y15.1 E1381.86953
G1 X96.25 Y15.1 E1382.96712
G1 X95.6 Y15.75 E1383.00381
G1 X95.6 Y53.25 E1384.50051
G1 X96.25 Y53.9 E1384.5372
G1 X123.75 Y53.9 E1385.63479
G0 F9000 X123.916 Y54.3
;TYPE:WALL-OUTER
G1 F1500 X124.8 Y53.416 E1385.67637
G1 X124.8 Y15.584 E1386.93466
G1 X123.916 Y14.7 E1386.97624
G1 X96.084 Y14.7 E1387.90194
G1 X95.2 Y15.584 E1387.94352
G1 X95.2 Y53.416 E1389.20182
G1 X96.084 Y54.3 E1389.2434
G1 X123.916 Y54.3 E1390.16909
G0 F9000 X123.961 Y53.573
;TYPE:FILL
G1 F3000 X123.043 Y53.819 E1390.2007
G0 F9000 X123.043 Y53.6
G0 X121.831 Y53.6
G0 X121.831 Y53.819
G1 F3000 X124.319 Y44.535 E1390.52039
G0 F9000 X124.319 Y43.552
G1 F3000 X96.114 Y15.347 E1391.84706
G0 F9000 X96.269 Y15.503
G0 X95.9 Y17.67
G0 X95.679 Y17.67
G1 F3000 X104.975 Y15.179 E1392.16716
G0 F9000 X104.432 Y15.18
G1 F3000 X124.319 Y35.066 E1393.10256
G0 F9000 X124.319 Y34.843
G1 F3000 X95.68 Y42.516 E1394.08869
G0 F9000 X95.9 Y42.516
G0 X95.9 Y40.368
G0 X95.679 Y40.368
G1 F3000 X109.131 Y53.82 E1394.72143
G0 F9000 X109.408 Y53.819
G1 F3000 X119.761 Y15.179 E1396.05193
G0 F9000 X119.761 Y15.4
G0 X121.403 Y15.4
G0 X121.403 Y15.18
G1 F3000 X124.319 Y18.096 E1396.18909
G0 F9000 X124.1 Y18.096
G0 X124.1 Y16.208
G0 X124.318 Y16.208
G1 F3000 X95.679 Y23.882 E1397.17523
G0 F9000 X95.679 Y23.397
G1 F3000 X124.319 Y52.037 E1398.52237
G0 F9000 X124.1 Y52.037
G0 X124.1 Y47.266
G0 X124.319 Y47.266
G1 F3000 X99.86 Y53.82 E1399.36458
G0 F9000 X100.646 Y53.82
G1 F3000 X95.679 Y48.853 E1399.59821
G1 X95.68 Y48.728
G1 X124.318 Y41.054 E1400.58432
G0 F9000 X124.1 Y41.054
G0 X124.1 Y28.631
G0 X124.318 Y28.631
G1 F3000 X95.679 Y36.305 E1401.57046
G0 F9000 X95.679 Y35.509
G1 F3000 X101.126 Y15.179 E1402.27049
G0 F9000 X101.126 Y15.4
G0 X107.338 Y15.4
G0 X107.338 Y15.179
G1 F3000 X96.984 Y53.82 E1403.60103
G0 F9000 X96.984 Y53.6
G0 X103.196 Y53.6
G0 X103.196 Y53.82
G1 F3000 X113.55 Y15.18 E1404.93155
G0 F9000 X112.917 Y15.18
G1 F3000 X124.319 Y26.581 E1405.46784
G0 F9000 X124.1 Y26.581
G0 X124.1 Y22.419
G0 X124.318 Y22.419
G1 F3000 X95.68 Y30.093 E1406.45395
G0 F9000 X95.9 Y30.093
G0 X95.9 Y31.882
G0 X95.679 Y31.882
G1 F3000 X117.616 Y53.82 E1407.48582
G0 F9000 X117.616 Y53.6
G0 X115.62 Y53.6
G0 X115.62 Y53.819
G1 F3000 X124.319 Y21.354 E1408.6037
G0 F9000 X123.8 Y21.354
G1 F1500 E1402.1037
;MESH:NONMESH
G0 F300 X123.8 Y21.354 Z4.6
G0 F9000 X111.579 Y54.08
G0 X111.579 Y56
;TIME_ELAPSED:1850.235783
;LAYER:22
;TYPE:SUPPORT
G1 F1500 E1408.6037
G1 X107.99 Y56 E1408.72307
G1 X107.99 Y55.9 E1408.7264
G1 X108.19 Y55.9 E1408.73305
G1 X108.19 Y55.7 E1408.7397
G1 X108.39 Y55.7 E1408.74635
G1 X108.39 Y55.5 E1408.75301
G1 X111.304 Y55.501 E1408.84993
G1 X111.466 Y55.901 E1408.86428
G1 X111.55 Y55.901 E1408.86707
G1 X111.608 Y56.101 E1408.874
G1 X111.701 Y56.101 E1408.87709
G1 X111.702 Y56.301 E1408.88374
G1 X111.9 Y56.301 E1408.89033
G1 X111.9 Y56.501 E1408.89698
G1 X112.1 Y56.501 E1408.90363
G1 X112.1 Y56.701 E1408.91029
G1 X112.3 Y56.701 E1408.91694
G1 X112.3 Y56.901 E1408.92359
G1 X112.5 Y56.901 E1408.93024
G1 X112.501 Y60 E1409.03332
G1 X107.5 Y60 E1409.19965
G1 X107.5 Y64 E1409.33269
G1 X112.501 Y64 E1409.49902
G1 X112.501 Y68 E1409.63206
G1 X107.5 Y68 E1409.7984
G1 X107.5 Y72 E1409.93144
G1 X112.502 Y72 E1410.09781
G1 X112.502 Y76 E1410.23085
G1 X107.5 Y76 E1410.39721
G1 X107.5 Y80 E1410.53025
G1 X112.502 Y80 E1410.69662
G1 X112.502 Y84 E1410.82966
G1 X107.5 Y84 E1410.99603
G1 X107.5 Y88 E1411.12907
G1 X112.503 Y88 E1411.29547
G1 X112.503 Y92 E1411.42851
G1 X107.5 Y92 E1411.59491
G1 X107.5 Y96 E1411.72795
G1 X112.503 Y96 E1411.89435
G1 X112.504 Y100 E1412.02739
G1 X107.5 Y100 E1412.19383
G1 X107.5 Y104 E1412.32687
G1 X112.504 Y104 E1412.4933
G1 X112.504 Y108 E1412.62634
G1 X107.5 Y108 E1412.79277
G1 X107.5 Y112 E1412.92582
G1 X112.505 Y112 E1413.09228
G1 X112.505 Y116 E1413.22532
G1 X107.5 Y116 E1413.39179
G1 X107.499 Y120 E1413.52483
G1 X112.504 Y120 E1413.6913
G1 X112.504 Y124 E1413.82434
G1 X107.499 Y124 E1413.9908
G1 X107.499 Y128 E1414.12385
G1 X112.505 Y128 E1414.29035
G1 X112.505 Y132 E1414.42339
G1 X107.499 Y132 E1414.58989
G1 X107.499 Y136 E1414.72293
G1 X112.505 Y136 E1414.88943
G1 X112.506 Y140 E1415.02247
G1 X107.499 Y140 E1415.189
G1 X107.499 Y144 E1415.32204
G1 X112.506 Y144 E1415.48858
G1 X112.506 Y148 E1415.62162
G1 X107.499 Y148 E1415.78815
G1 X107.499 Y152 E1415.92119
G1 X112.506 Y152 E1416.08772
G1 X112.507 Y156 E1416.22076
G1 X107.499 Y156 E1416.38733
G1 X107.499 Y160 E1416.52037
G1 X112.507 Y160 E1416.68694
G1 X112.507 Y164 E1416.81998
G1 X107.499 Y164 E1416.98655
G1 X107.499 Y168 E1417.11959
G1 X112.508 Y168 E1417.28619
G1 X112.508 Y172 E1417.41923
G1 X107.499 Y172 E1417.58583
G1 X107.499 Y176 E1417.71887
G1 X112.508 Y176 E1417.88547
G1 X112.509 Y180 E1418.01851
G1 X107.499 Y180 E1418.18514
G1 X107.499 Y184 E1418.31818
G1 X112.509 Y184 E1418.48481
G1 X112.509 Y188 E1418.61786
G1 X107.499 Y188 E1418.78449
G1 X107.499 Y192 E1418.91753
G1 X112.509 Y192 E1419.08416
G1 X112.509 Y193.589 E1419.13701
G1 X112.532 Y193.959 E1419.14934
G1 X112.569 Y194.245 E1419.15893
G1 X112.643 Y194.571 E1419.17005
G1 X112.734 Y194.867 E1419.18035
G1 X112.899 Y195.318 E1419.19633
G1 X112.899 Y196 E1419.21901
G1 X107.099 Y196 E1419.41192
G1 X107.099 Y199.875 E1419.5408
G1 X107.146 Y200 E1419.54524
G1 X112.878 Y200 E1419.73589
G1 X112.772 Y200.26 E1419.74523
G1 X112.635 Y200.662 E1419.75935
G1 X112.575 Y200.943 E1419.76891
G1 X112.528 Y201.296 E1419.78075
G1 X112.501 Y201.67 E1419.79323
G1 X112.499 Y207.499 E1419.9871
G1 X107.499 Y207.5 E1420.1534
G1 X107.494 Y204 E1420.26981
G1 X112.5 Y204 E1420.43631
G1 F1500 E1413.93631
;MESH:Viga_Rectangular.stl
G0 F9000 X113.367 Y204
G0 X113.764 Y200.12
G0 X113.353 Y56.049
G0 X112.5 Y55.165
G0 X112.5 Y54.08
G0 X123.63 Y53.608
G0 X123.75 Y53.9
;TYPE:WALL-INNER
G1 F1500 E1420.43631
G1 X124.4 Y53.25 E1420.473
G1 X124.4 Y15.75 E1421.96971
G1 X123.75 Y15.1 E1422.0064
G1 X96.25 Y15.1 E1423.10398
G1 X95.6 Y15.75 E1423.14067
G1 X95.6 Y53.25 E1424.63737
G1 X96.25 Y53.9 E1424.67406
G1 X123.75 Y53.9 E1425.77165
G0 F9000 X123.916 Y54.3
;TYPE:WALL-OUTER
G1 F1500 X124.8 Y53.416 E1425.81323
G1 X124.8 Y15.584 E1427.07153
G1 X123.916 Y14.7 E1427.11311
G1 X96.084 Y14.7 E1428.0388
G1 X95.2 Y15.584 E1428.08038
G1 X95.2 Y53.416 E1429.33868
G1 X96.084 Y54.3 E1429.38026
G1 X123.916 Y54.3 E1430.30596
G0 F9000 X123.762 Y53.773
;TYPE:FILL
G1 F3000 X123.587 Y53.819 E1430.31198
G0 F9000 X123.587 Y53.6
G0 X121.685 Y53.6
G0 X121.685 Y53.819
G1 F3000 X124.319 Y43.991 E1430.65039
G0 F9000 X124.319 Y43.352
G1 F3000 X96.214 Y15.248 E1431.97234
G0 F9000 X96.369 Y15.403
G0 X95.9 Y17.816
G0 X95.679 Y17.816
G1 F3000 X105.52 Y15.179 E1432.3112
G0 F9000 X104.632 Y15.18
G1 F3000 X124.319 Y34.867 E1433.23722
G1 X124.318 Y34.989
G1 X95.68 Y42.662 E1434.22332
G0 F9000 X95.9 Y42.662
G0 X95.9 Y40.168
G0 X95.679 Y40.168
G1 F3000 X109.33 Y53.82 E1434.86544
G1 X109.262 Y53.82
G1 X119.615 Y15.18 E1436.19595
G0 F9000 X119.615 Y15.4
G0 X121.602 Y15.4
G0 X121.602 Y15.18
G1 F3000 X124.319 Y17.896 E1436.32372
G0 F9000 X124.1 Y17.896
G0 X124.1 Y16.354
G0 X124.318 Y16.354
G1 F3000 X95.68 Y24.027 E1437.30982
G0 F9000 X95.679 Y23.198
G1 F3000 X124.319 Y51.837 E1438.65694
G0 F9000 X124.1 Y51.837
G0 X124.1 Y47.412
G0 X124.319 Y47.412
G1 F3000 X100.404 Y53.82 E1439.48041
G0 F9000 X100.845 Y53.82
G1 F3000 X95.679 Y48.653 E1439.72343
G0 F9000 X95.679 Y48.874
G1 F3000 X124.318 Y41.2 E1440.70957
G0 F9000 X124.1 Y41.2
G0 X124.1 Y28.777
G0 X124.318 Y28.777
G1 F3000 X95.679 Y36.451 E1441.69571
G0 F9000 X95.9 Y36.451
G0 X95.9 Y34.965
G0 X95.679 Y34.965
G1 F3000 X100.98 Y15.18 E1442.37697
G0 F9000 X100.98 Y15.4
G0 X107.192 Y15.4
G0 X107.192 Y15.179
G1 F3000 X96.839 Y53.819 E1443.70747
G0 F9000 X96.839 Y53.6
G0 X103.05 Y53.6
G0 X103.05 Y53.82
G1 F3000 X113.404 Y15.179 E1445.03802
G0 F9000 X113.117 Y15.18
G1 F3000 X124.319 Y26.382 E1445.56492
G0 F9000 X124.1 Y26.382
G0 X124.1 Y22.565
G0 X124.318 Y22.565
G1 F3000 X95.679 Y30.239 E1446.55107
G0 F9000 X95.9 Y30.239
G0 X95.9 Y31.683
G0 X95.679 Y31.683
G1 F3000 X117.816 Y53.82 E1447.59232
G0 F9000 X117.816 Y53.6
G0 X115.474 Y53.6
G0 X115.474 Y53.819
G1 F3000 X124.318 Y20.81 E1448.72893
G0 F9000 X123.8 Y20.81
G1 F1500 E1442.22893
;MESH:NONMESH
G0 F300 X123.8 Y20.81 Z4.8
G0 F9000 X108 Y54.08
G0 X107.137 Y55.153
G0 X106.737 Y55.448
G0 X106.236 Y200.034
G0 X106.647 Y208.353
G0 X108.001 Y208.364
G0 X108 Y207.5
;TIME_ELAPSED:1898.226508
;LAYER:23
;TYPE:SUPPORT
G1 F1500 E1448.72893
G1 X108 Y56.101 E1453.76448
G1 X107.79 Y56.101 E1453.77146
G1 X107.79 Y56.301 E1453.77812
G1 X107.59 Y56.301 E1453.78477
G1 X107.59 Y56.501 E1453.79142
G1 X107.5 Y56.501 E1453.79441
G1 X107.499 Y193.687 E1458.35724
G1 X107.45 Y194.143 E1458.37249
G1 X107.384 Y194.464 E1458.38339
G1 X107.294 Y194.763 E1458.39378
G1 X107.1 Y195.269 E1458.4118
G1 X107.1 Y199.874 E1458.56497
G1 X107.227 Y200.209 E1458.57688
G1 X107.368 Y200.666 E1458.59279
G1 X107.44 Y200.976 E1458.60337
G1 X107.479 Y201.266 E1458.61311
G1 X107.493 Y201.527 E1458.6218
G1 X107.5 Y207.5 E1458.82046
G1 X112.5 Y207.499 E1458.98676
G1 X112.5 Y201.731 E1459.17861
G1 X112.518 Y201.374 E1459.1905
G1 X112.576 Y200.945 E1459.20489
G1 X112.636 Y200.662 E1459.21452
G1 X112.752 Y200.315 E1459.22669
G1 X112.9 Y199.952 E1459.23972
G1 X112.9 Y195.316 E1459.39392
G1 X112.722 Y194.832 E1459.41107
G1 X112.616 Y194.471 E1459.42358
G1 X112.543 Y194.109 E1459.43587
G1 X112.507 Y193.547 E1459.4546
G1 X112.5 Y56.902 E1463.99943
G1 X112.3 Y56.902 E1464.00608
G1 X112.3 Y56.702 E1464.01273
G1 X112.1 Y56.702 E1464.01938
G1 X112.1 Y56.502 E1464.02604
G1 X112 Y56.502 E1464.02936
G1 X112 Y207.5 E1469.05158
G1 F1500 E1462.55158
;MESH:Viga_Rectangular.stl
G0 F9000 X112.001 Y208.364
G0 X113.353 Y208.352
G0 X113.764 Y200.121
G0 X113.353 Y56.049
G0 X112.55 Y55.249
G0 X112.216 Y55.149
G0 X112 Y54.08
G0 X123.63 Y53.608
G0 X123.75 Y53.9
;TYPE:WALL-INNER
G1 F1500 E1469.05158
G1 X124.4 Y53.25 E1469.08826
G1 X124.4 Y15.75 E1470.58497
G1 X123.75 Y15.1 E1470.62166
G1 X96.25 Y15.1 E1471.71924
G1 X95.6 Y15.75 E1471.75593
G1 X95.6 Y53.25 E1473.25264
G1 X96.25 Y53.9 E1473.28933
G1 X123.75 Y53.9 E1474.38691
G0 F9000 X123.916 Y54.3
;TYPE:WALL-OUTER
G1 F1500 X124.8 Y53.416 E1474.42849
G1 X124.8 Y15.584 E1475.68679
G1 X123.916 Y14.7 E1475.72837
G1 X96.084 Y14.7 E1476.65407
G1 X95.2 Y15.584 E1476.69565
G1 X95.2 Y53.416 E1477.95394
G1 X96.084 Y54.3 E1477.99553
G1 X123.916 Y54.3 E1478.92122
G0 F9000 X123.63 Y53.608
G0 X121.538 Y53.6
G0 X121.538 Y53.819
;TYPE:FILL
G1 F3000 X124.319 Y43.442 E1479.27854
G0 F9000 X124.319 Y43.151
G1 F3000 X96.347 Y15.18 E1480.59423
G0 F9000 X96.347 Y15.4
G0 X95.9 Y17.963
G0 X95.679 Y17.963
G1 F3000 X106.068 Y15.179 E1480.95197
G0 F9000 X107.045 Y15.179
G1 F3000 X96.692 Y53.819 E1482.28247
G0 F9000 X96.692 Y53.6
G0 X100.953 Y53.6
G0 X100.953 Y53.82
G1 F3000 X124.319 Y47.559 E1483.08704
G0 F9000 X124.1 Y47.559
G0 X124.1 Y51.637
G0 X124.319 Y51.637
G1 F3000 X95.679 Y22.997 E1484.43418
G0 F9000 X95.9 Y22.997
G0 X95.9 Y24.174
G0 X95.68 Y24.174
G1 F3000 X124.318 Y16.501 E1485.42028
G0 F9000 X124.1 Y16.501
G0 X124.1 Y17.696
G0 X124.319 Y17.696
G1 F3000 X121.803 Y15.18 E1485.53862
G0 F9000 X121.803 Y15.4
G0 X119.468 Y15.4
G0 X119.468 Y15.18
G1 F3000 X109.115 Y53.82 E1486.86913
G0 F9000 X109.531 Y53.82
G1 F3000 X95.679 Y39.967 E1487.52071
G0 F9000 X95.9 Y39.967
G0 X95.9 Y42.809
G0 X95.68 Y42.809
G1 F3000 X124.318 Y35.136 E1488.50681
G0 F9000 X124.319 Y34.666
G1 F3000 X104.832 Y15.18 E1489.42339
G0 F9000 X104.832 Y15.4
G0 X100.833 Y15.4
G0 X100.833 Y15.179
G1 F3000 X95.679 Y34.416 E1490.08578
G0 F9000 X95.9 Y34.416
G0 X95.9 Y36.598
G0 X95.679 Y36.598
G1 F3000 X124.318 Y28.924 E1491.07192
G0 F9000 X124.1 Y28.924
G0 X124.1 Y26.181
G0 X124.319 Y26.181
G1 F3000 X113.318 Y15.18 E1491.58938
G1 X113.257 Y15.179
G1 X102.903 Y53.82 E1492.91992
G0 F9000 X102.903 Y53.6
G0 X101.046 Y53.6
G0 X101.046 Y53.82
G1 F3000 X95.679 Y48.453 E1493.17237
G0 F9000 X95.679 Y49.021
G1 F3000 X124.318 Y41.347 E1494.15851
G0 F9000 X124.1 Y41.347
G0 X118.016 Y53.6
G0 X118.016 Y53.82
G1 F3000 X95.679 Y31.482 E1495.20919
G0 F9000 X95.9 Y31.482
G0 X95.9 Y30.386
G0 X95.679 Y30.386
G1 F3000 X124.318 Y22.712 E1496.19534
G0 F9000 X124.1 Y22.712
G0 X124.1 Y20.261
G0 X124.319 Y20.261
G1 F3000 X115.327 Y53.819 E1497.35085
G0 F9000 X115.327 Y53.3
G1 F1500 E1490.85085
;MESH:NONMESH
G0 F300 X115.327 Y53.3 Z5
G0 F9000 X111.579 Y54.08
G0 X111.579 Y56
;TIME_ELAPSED:1952.951408
;LAYER:24
;TYPE:SUPPORT
G1 F1500 E1497.35085
G1 X107.99 Y56 E1497.47022
G1 X107.99 Y55.9 E1497.47355
G1 X108.19 Y55.9 E1497.4802
G1 X108.19 Y55.7 E1497.48685
G1 X108.39 Y55.7 E1497.49351
G1 X108.39 Y55.5 E1497.50016
G1 X111.304 Y55.501 E1497.59708
G1 X111.466 Y55.901 E1497.61143
G1 X111.55 Y55.901 E1497.61423
G1 X111.608 Y56.101 E1497.62115
G1 X111.701 Y56.101 E1497.62425
G1 X111.702 Y56.301 E1497.6309
G1 X111.9 Y56.301 E1497.63748
G1 X111.9 Y56.501 E1497.64413
G1 X112.1 Y56.501 E1497.65079
G1 X112.1 Y56.701 E1497.65744
G1 X112.3 Y56.701 E1497.66409
G1 X112.3 Y56.901 E1497.67074
G1 X112.5 Y56.901 E1497.6774
G1 X112.501 Y60 E1497.78047
G1 X107.5 Y60 E1497.9468
G1 X107.5 Y64 E1498.07984
G1 X112.501 Y64 E1498.24618
G1 X112.501 Y68 E1498.37922
G1 X107.5 Y68 E1498.54555
G1 X107.5 Y72 E1498.67859
G1 X112.501 Y72 E1498.84493
G1 X112.501 Y76 E1498.97797
G1 X107.5 Y76 E1499.1443
G1 X107.5 Y80 E1499.27734
G1 X112.501 Y80 E1499.44367
G1 X112.501 Y84 E1499.57672
G1 X107.5 Y84 E1499.74305
G1 X107.5 Y88 E1499.87609
G1 X112.502 Y88 E1500.04246
G1 X112.502 Y92 E1500.1755
G1 X107.5 Y92 E1500.34186
G1 X107.5 Y96 E1500.47491
G1 X112.502 Y96 E1500.64127
G1 X112.502 Y100 E1500.77431
G1 X107.5 Y100 E1500.94068
G1 X107.5 Y104 E1501.07372
G1 X112.502 Y104 E1501.24009
G1 X112.502 Y108 E1501.37313
G1 X107.5 Y108 E1501.5395
G1 X107.5 Y112 E1501.67254
G1 X112.503 Y112 E1501.83894
G1 X112.503 Y116 E1501.97198
G1 X107.5 Y116 E1502.13838
G1 X107.499 Y120 E1502.27142
G1 X112.502 Y120 E1502.43782
G1 X112.502 Y124 E1502.57086
G1 X107.499 Y124 E1502.73726
G1 X107.499 Y128 E1502.8703
G1 X112.502 Y128 E1503.0367
G1 X112.502 Y132 E1503.16974
G1 X107.499 Y132 E1503.33614
G1 X107.499 Y136 E1503.46918
G1 X112.502 Y136 E1503.63558
G1 X112.503 Y140 E1503.76862
G1 X107.499 Y140 E1503.93506
G1 X107.499 Y144 E1504.0681
G1 X112.503 Y144 E1504.23453
G1 X112.503 Y148 E1504.36757
G1 X107.499 Y148 E1504.53401
G1 X107.499 Y152 E1504.66705
G1 X112.503 Y152 E1504.83348
G1 X112.503 Y156 E1504.96652
G1 X107.499 Y156 E1505.13295
G1 X107.499 Y160 E1505.26599
G1 X112.503 Y160 E1505.43243
G1 X112.503 Y164 E1505.56547
G1 X107.499 Y164 E1505.7319
G1 X107.499 Y168 E1505.86494
G1 X112.504 Y168 E1506.03141
G1 X112.504 Y172 E1506.16445
G1 X107.499 Y172 E1506.33092
G1 X107.499 Y176 E1506.46396
G1 X112.504 Y176 E1506.63042
G1 X112.504 Y180 E1506.76347
G1 X107.499 Y180 E1506.92993
G1 X107.499 Y184 E1507.06297
G1 X112.504 Y184 E1507.22944
G1 X112.504 Y188 E1507.36248
G1 X107.499 Y188 E1507.52895
G1 X107.499 Y192 E1507.66199
G1 X112.504 Y192 E1507.82845
G1 X112.504 Y193.515 E1507.87884
G1 X112.551 Y194.244 E1507.90314
G1 X112.691 Y194.754 E1507.92073
G1 X112.899 Y195.314 E1507.9406
G1 X112.899 Y196 E1507.96342
G1 X107.099 Y196 E1508.15633
G1 X107.099 Y199.873 E1508.28514
G1 X107.147 Y200 E1508.28966
G1 X112.879 Y200 E1508.4803
G1 X112.713 Y200.406 E1508.49489
G1 X112.595 Y200.797 E1508.50848
G1 X112.521 Y201.292 E1508.52512
G1 X112.499 Y201.642 E1508.53679
G1 X112.499 Y207.499 E1508.73159
G1 X107.499 Y207.5 E1508.89789
G1 X107.496 Y204 E1509.0143
G1 X112.499 Y204 E1509.1807
G1 F1500 E1502.6807
;MESH:Viga_Rectangular.stl
G0 F9000 X113.365 Y204
G0 X113.764 Y200.121
G0 X113.353 Y56.049
G0 X112.499 Y55.165
G0 X112.499 Y54.08
G0 X123.63 Y53.608
G0 X123.75 Y53.9
;TYPE:WALL-INNER
G1 F1500 E1509.1807
G1 X124.4 Y53.25 E1509.21739
G1 X124.4 Y15.75 E1510.7141
G1 X123.75 Y15.1 E1510.75079
G1 X96.25 Y15.1 E1511.84837
G1 X95.6 Y15.75 E1511.88506
G1 X95.6 Y53.25 E1513.38177
G1 X96.25 Y53.9 E1513.41846
G1 X123.75 Y53.9 E1514.51604
G0 F9000 X123.916 Y54.3
;TYPE:WALL-OUTER
G1 F1500 X124.8 Y53.416 E1514.55762
G1 X124.8 Y15.584 E1515.81592
G1 X123.916 Y14.7 E1515.8575
G1 X96.084 Y14.7 E1516.7832
G1 X95.2 Y15.584 E1516.82478
G1 X95.2 Y53.416 E1518.08307
G1 X96.084 Y54.3 E1518.12465
G1 X123.916 Y54.3 E1519.05035
G0 F9000 X123.63 Y53.608
G0 X121.392 Y53.6
G0 X121.392 Y53.819
;TYPE:FILL
G1 F3000 X124.319 Y42.897 E1519.42644
G1 X124.319 Y42.952
G1 X96.546 Y15.18 E1520.73277
G0 F9000 X96.546 Y15.4
G0 X95.9 Y18.109
G0 X95.679 Y18.109
G1 F3000 X106.613 Y15.179 E1521.10927
G0 F9000 X106.899 Y15.179
G1 F3000 X96.546 Y53.819 E1522.43977
G0 F9000 X96.546 Y53.6
G0 X101.245 Y53.6
G0 X101.245 Y53.82
G1 F3000 X95.679 Y48.253 E1522.7016
G0 F9000 X95.679 Y49.167
G1 F3000 X124.319 Y41.493 E1523.68777
G0 F9000 X124.1 Y41.493
G0 X124.1 Y35.282
G0 X124.318 Y35.282
G1 F3000 X95.68 Y42.955 E1524.67387
G0 F9000 X95.9 Y42.955
G0 X95.9 Y39.768
G0 X95.679 Y39.768
G1 F3000 X109.73 Y53.82 E1525.33481
G0 F9000 X108.969 Y53.82
G1 F3000 X119.322 Y15.18 E1526.66532
G0 F9000 X119.322 Y15.4
G0 X122.002 Y15.4
G0 X122.002 Y15.18
G1 F3000 X124.319 Y17.496 E1526.77428
G0 F9000 X124.318 Y16.647
G1 F3000 X95.679 Y24.32 E1527.76041
G0 F9000 X95.9 Y24.32
G0 X95.9 Y22.797
G0 X95.679 Y22.797
G1 F3000 X124.319 Y51.437 E1529.10755
G0 F9000 X124.1 Y51.437
G0 X124.1 Y47.705
G0 X124.319 Y47.705
G1 F3000 X101.498 Y53.82 E1529.89335
G0 F9000 X101.498 Y53.6
G0 X102.757 Y53.6
G0 X102.757 Y53.819
G1 F3000 X113.111 Y15.179 E1531.22386
G0 F9000 X113.517 Y15.18
G1 F3000 X124.319 Y25.981 E1531.73193
G0 F9000 X124.1 Y25.981
G0 X124.1 Y29.07
G0 X124.319 Y29.07
G1 F3000 X95.68 Y36.744 E1532.71807
G0 F9000 X95.9 Y36.744
G0 X95.9 Y33.871
G0 X95.679 Y33.871
G1 F3000 X100.688 Y15.179 E1533.36171
G0 F9000 X100.688 Y15.4
G0 X105.032 Y15.4
G0 X105.032 Y15.18
G1 F3000 X124.319 Y34.467 E1534.26891
G0 F9000 X124.1 Y34.467
G0 X124.1 Y22.858
G0 X124.318 Y22.858
G1 F3000 X95.679 Y30.532 E1535.25505
G0 F9000 X95.679 Y31.283
G1 F3000 X118.216 Y53.82 E1536.31512
G0 F9000 X118.216 Y53.6
G0 X115.181 Y53.6
G0 X115.181 Y53.819
G1 F3000 X124.318 Y19.716 E1537.4894
G0 F9000 X123.8 Y19.716
G1 F1500 E1530.9894
;MESH:NONMESH
G0 F300 X123.8 Y19.716 Z5.2
G0 F9000 X108 Y54.08
G0 X107.137 Y55.153
G0 X106.737 Y55.448
G0 X106.236 Y200.034
G0 X106.648 Y208.353
G0 X108.001 Y208.364
G0 X108 Y207.5
;TIME_ELAPSED:2001.181565
;LAYER:25
;TYPE:SUPPORT
G1 F1500 E1537.4894
G1 X108 Y56.101 E1542.52495
G1 X107.79 Y56.101 E1542.53193
G1 X107.79 Y56.301 E1542.53858
G1 X107.59 Y56.301 E1542.54524
G1 X107.59 Y56.501 E1542.55189
G1 X107.5 Y56.501 E1542.55488
G1 X107.5 Y193.593 E1547.11458
G1 X107.481 Y193.934 E1547.12594
G1 X107.422 Y194.329 E1547.13922
G1 X107.341 Y194.631 E1547.14962
G1 X107.186 Y195.071 E1547.16514
G1 X107.1 Y195.273 E1547.17244
G1 X107.1 Y199.873 E1547.32544
G1 X107.293 Y200.378 E1547.34342
G1 X107.428 Y200.883 E1547.3608
G1 X107.495 Y201.38 E1547.37748
G1 X107.5 Y207.5 E1547.58104
G1 X112.5 Y207.499 E1547.74734
G1 X112.5 Y201.576 E1547.94434
G1 X112.529 Y201.188 E1547.95728
G1 X112.602 Y200.775 E1547.97123
G1 X112.682 Y200.491 E1547.98104
G1 X112.777 Y200.233 E1547.99019
G1 X112.9 Y199.948 E1548.00051
G1 X112.9 Y195.317 E1548.15454
G1 X112.711 Y194.812 E1548.17247
G1 X112.621 Y194.522 E1548.18257
G1 X112.539 Y194.109 E1548.19658
G1 X112.502 Y193.467 E1548.21796
G1 X112.5 Y56.902 E1552.76013
G1 X112.3 Y56.902 E1552.76679
G1 X112.3 Y56.702 E1552.77344
G1 X112.1 Y56.702 E1552.78009
G1 X112.1 Y56.502 E1552.78674
G1 X112 Y56.502 E1552.79007
G1 X112 Y207.5 E1557.81228
G1 F1500 E1551.31228
;MESH:Viga_Rectangular.stl
G0 F9000 X112.001 Y208.364
G0 X113.353 Y208.352
G0 X113.764 Y200.127
G0 X113.353 Y56.049
G0 X112.55 Y55.249
G0 X112.216 Y55.149
G0 X112 Y54.08
G0 X123.63 Y53.608
G0 X123.75 Y53.9
;TYPE:WALL-INNER
G1 F1500 E1557.81228
G1 X124.4 Y53.25 E1557.84897
G1 X124.4 Y15.75 E1559.34568
G1 X123.75 Y15.1 E1559.38237
G1 X96.25 Y15.1 E1560.47995
G1 X95.6 Y15.75 E1560.51664
G1 X95.6 Y53.25 E1562.01335
G1 X96.25 Y53.9 E1562.05003
G1 X123.75 Y53.9 E1563.14762
G0 F9000 X123.916 Y54.3
;TYPE:WALL-OUTER
G1 F1500 X124.8 Y53.416 E1563.1892
G1 X124.8 Y15.584 E1564.4475
G1 X123.916 Y14.7 E1564.48908
G1 X96.084 Y14.7 E1565.41477
G1 X95.2 Y15.584 E1565.45635
G1 X95.2 Y53.416 E1566.71465
G1 X96.084 Y54.3 E1566.75623
G1 X123.916 Y54.3 E1567.68193
G0 F9000 X123.63 Y53.608
G0 X121.246 Y53.6
G0 X121.246 Y53.819
;TYPE:FILL
G1 F3000 X124.319 Y42.353 E1568.07675
G0 F9000 X124.319 Y42.753
G1 F3000 X96.746 Y15.18 E1569.3737
G0 F9000 X96.746 Y15.4
G0 X95.9 Y18.255
G0 X95.68 Y18.255
G1 F3000 X107.158 Y15.179 E1569.76893
G0 F9000 X106.753 Y15.18
G1 F3000 X96.4 Y53.82 E1571.09943
G0 F9000 X96.4 Y53.6
G0 X95.9 Y49.313
G0 X95.68 Y49.313
G1 F3000 X124.319 Y41.639 E1572.08557
G0 F9000 X124.1 Y41.639
G0 X124.1 Y35.428
G0 X124.318 Y35.428
G1 F3000 X95.679 Y43.101 E1573.0717
G0 F9000 X95.9 Y43.101
G0 X95.9 Y39.568
G0 X95.679 Y39.568
G1 F3000 X109.93 Y53.82 E1573.74205
G0 F9000 X109.93 Y53.6
G0 X108.823 Y53.6
G0 X108.823 Y53.819
G1 F3000 X119.177 Y15.179 E1575.07256
G0 F9000 X119.177 Y15.4
G0 X122.202 Y15.4
G0 X122.202 Y15.18
G1 F3000 X124.319 Y17.297 E1575.17214
G0 F9000 X124.318 Y16.793
G1 F3000 X95.679 Y24.466 E1576.15827
G0 F9000 X95.9 Y24.466
G0 X95.9 Y22.598
G0 X95.679 Y22.598
G1 F3000 X124.319 Y51.238 E1577.50541
G0 F9000 X124.1 Y51.238
G0 X124.1 Y47.851
G0 X124.318 Y47.851
G1 F3000 X102.042 Y53.82 E1578.27245
G0 F9000 X102.611 Y53.819
G1 F3000 X112.965 Y15.179 E1579.60296
G0 F9000 X113.716 Y15.18
G1 F3000 X124.319 Y25.782 E1580.10167
G0 F9000 X124.1 Y25.782
G0 X124.1 Y23.004
G0 X124.318 Y23.004
G1 F3000 X95.679 Y30.678 E1581.08781
G0 F9000 X95.679 Y31.083
G1 F3000 X118.415 Y53.82 E1582.15727
G0 F9000 X118.415 Y53.6
G0 X115.035 Y53.6
G0 X115.035 Y53.82
G1 F3000 X124.319 Y19.171 E1583.35035
G0 F9000 X124.1 Y19.171
G0 X124.1 Y29.216
G0 X124.318 Y29.216
G1 F3000 X95.68 Y36.89 E1584.33646
G0 F9000 X95.9 Y36.89
G0 X95.9 Y33.326
G0 X95.679 Y33.326
G1 F3000 X100.542 Y15.179 E1584.96132
G0 F9000 X100.542 Y15.4
G0 X105.231 Y15.4
G0 X105.231 Y15.18
G1 F3000 X124.319 Y34.267 E1585.85914
G1 F1500 E1579.35914
G0 F9000 X124.1 Y34.267
G0 X101.445 Y53.6
G0 X101.445 Y53.82
G1 F1500 E1585.85914
G1 F3000 X95.679 Y48.054 E1586.13036
G0 F9000 X96.2 Y48.054
G1 F1500 E1579.63036
;MESH:NONMESH
G0 F300 X96.2 Y48.054 Z5.4
G0 F9000 X111.579 Y54.08
G0 X111.579 Y56
;TIME_ELAPSED:2057.295304
;LAYER:26
;TYPE:SUPPORT
G1 F1500 E1586.13036
G1 X107.99 Y56 E1586.24973
G1 X107.99 Y55.9 E1586.25305
G1 X108.19 Y55.9 E1586.25971
G1 X108.19 Y55.7 E1586.26636
G1 X108.39 Y55.7 E1586.27301
G1 X108.39 Y55.5 E1586.27966
G1 X111.304 Y55.501 E1586.37658
G1 X111.466 Y55.901 E1586.39094
G1 X111.55 Y55.901 E1586.39373
G1 X111.608 Y56.101 E1586.40066
G1 X111.701 Y56.101 E1586.40375
G1 X111.702 Y56.301 E1586.4104
G1 X111.9 Y56.301 E1586.41699
G1 X111.9 Y56.501 E1586.42364
G1 X112.1 Y56.501 E1586.43029
G1 X112.1 Y56.701 E1586.43694
G1 X112.3 Y56.701 E1586.44359
G1 X112.3 Y56.901 E1586.45025
G1 X112.5 Y56.901 E1586.4569
G1 X112.501 Y60 E1586.55997
G1 X107.5 Y60 E1586.72631
G1 X107.5 Y64 E1586.85935
G1 X112.501 Y64 E1587.02568
G1 X112.501 Y68 E1587.15872
G1 X107.5 Y68 E1587.32505
G1 X107.5 Y72 E1587.45809
G1 X112.501 Y72 E1587.62443
G1 X112.501 Y76 E1587.75747
G1 X107.5 Y76 E1587.9238
G1 X107.5 Y80 E1588.05684
G1 X112.501 Y80 E1588.22318
G1 X112.501 Y84 E1588.35622
G1 X107.5 Y84 E1588.52255
G1 X107.5 Y88 E1588.65559
G1 X112.501 Y88 E1588.82193
G1 X112.501 Y92 E1588.95497
G1 X107.5 Y92 E1589.1213
G1 X107.5 Y96 E1589.25434
G1 X112.501 Y96 E1589.42068
G1 X112.501 Y100 E1589.55372
G1 X107.5 Y100 E1589.72005
G1 X107.5 Y104 E1589.85309
G1 X112.501 Y104 E1590.01942
G1 X112.501 Y108 E1590.15246
G1 X107.5 Y108 E1590.3188
G1 X107.5 Y112 E1590.45184
G1 X112.501 Y112 E1590.61817
G1 X112.501 Y116 E1590.75121
G1 X107.5 Y116 E1590.91755
G1 X107.499 Y120 E1591.05059
G1 X112.5 Y120 E1591.21692
G1 X112.5 Y124 E1591.34996
G1 X107.499 Y124 E1591.5163
G1 X107.499 Y128 E1591.64934
G1 X112.501 Y128 E1591.8157
G1 X112.501 Y132 E1591.94874
G1 X107.499 Y132 E1592.11511
G1 X107.499 Y136 E1592.24815
G1 X112.501 Y136 E1592.41452
G1 X112.501 Y140 E1592.54756
G1 X107.499 Y140 E1592.71393
G1 X107.499 Y144 E1592.84697
G1 X112.501 Y144 E1593.01334
G1 X112.501 Y148 E1593.14638
G1 X107.499 Y148 E1593.31274
G1 X107.499 Y152 E1593.44578
G1 X112.501 Y152 E1593.61215
G1 X112.501 Y156 E1593.74519
G1 X107.499 Y156 E1593.91156
G1 X107.499 Y160 E1594.0446
G1 X112.501 Y160 E1594.21097
G1 X112.501 Y164 E1594.34401
G1 X107.499 Y164 E1594.51037
G1 X107.499 Y168 E1594.64341
G1 X112.501 Y168 E1594.80978
G1 X112.501 Y172 E1594.94282
G1 X107.499 Y172 E1595.10919
G1 X107.499 Y176 E1595.24223
G1 X112.501 Y176 E1595.4086
G1 X112.501 Y180 E1595.54164
G1 X107.499 Y180 E1595.70801
G1 X107.499 Y184 E1595.84105
G1 X112.501 Y184 E1596.00741
G1 X112.501 Y188 E1596.14045
G1 X107.499 Y188 E1596.30682
G1 X107.499 Y192 E1596.43986
G1 X112.501 Y192 E1596.60623
G1 X112.501 Y193.498 E1596.65605
G1 X112.536 Y194.066 E1596.67498
G1 X112.578 Y194.374 E1596.68532
G1 X112.689 Y194.763 E1596.69877
G1 X112.899 Y195.317 E1596.71848
G1 X112.899 Y196 E1596.7412
G1 X107.099 Y196 E1596.9341
G1 X107.099 Y199.873 E1597.06292
G1 X107.147 Y200 E1597.06744
G1 X112.877 Y200 E1597.25802
G1 X112.773 Y200.239 E1597.26669
G1 X112.628 Y200.645 E1597.28102
G1 X112.54 Y201.09 E1597.29611
G1 X112.499 Y201.465 E1597.30866
G1 X112.499 Y207.499 E1597.50935
G1 X107.499 Y207.5 E1597.67565
G1 X107.496 Y204 E1597.79206
G1 X112.499 Y204 E1597.95846
G1 F1500 E1591.45846
;MESH:Viga_Rectangular.stl
G0 F9000 X113.365 Y204
G0 X113.764 Y200.129
G0 X113.353 Y56.049
G0 X112.499 Y55.165
G0 X112.499 Y54.08
G0 X123.63 Y53.608
G0 X123.75 Y53.9
;TYPE:WALL-INNER
G1 F1500 E1597.95846
G1 X124.4 Y53.25 E1597.99515
G1 X124.4 Y15.75 E1599.49186
G1 X123.75 Y15.1 E1599.52855
G1 X96.25 Y15.1 E1600.62613
G1 X95.6 Y15.75 E1600.66282
G1 X95.6 Y53.25 E1602.15953
G1 X96.25 Y53.9 E1602.19621
G1 X123.75 Y53.9 E1603.2938
G0 F9000 X123.916 Y54.3
;TYPE:WALL-OUTER
G1 F1500 X124.8 Y53.416 E1603.33538
G1 X124.8 Y15.584 E1604.59368
G1 X123.916 Y14.7 E1604.63526
G1 X96.084 Y14.7 E1605.56095
G1 X95.2 Y15.584 E1605.60253
G1 X95.2 Y53.416 E1606.86083
G1 X96.084 Y54.3 E1606.90241
G1 X123.916 Y54.3 E1607.82811
G0 F9000 X123.63 Y53.608
G0 X121.099 Y53.6
G0 X121.099 Y53.819
;TYPE:FILL
G1 F3000 X124.319 Y41.804 E1608.24183
G1 X124.319 Y41.786
G1 X95.68 Y49.46 E1609.22797
G0 F9000 X95.9 Y49.46
G0 X95.9 Y47.853
G0 X95.679 Y47.853
G1 F3000 X101.645 Y53.82 E1609.50862
G0 F9000 X102.464 Y53.819
G1 F3000 X112.818 Y15.179 E1610.83913
G0 F9000 X112.818 Y15.4
G0 X113.917 Y15.4
G0 X113.917 Y15.18
G1 F3000 X124.319 Y25.581 E1611.32838
G0 F9000 X124.1 Y25.581
G0 X124.1 Y23.151
G0 X124.318 Y23.151
G1 F3000 X95.679 Y30.825 E1612.31452
G1 X95.679 Y30.882
G1 X118.616 Y53.82 E1613.39343
G0 F9000 X118.616 Y53.6
G0 X114.888 Y53.6
G0 X114.888 Y53.82
G1 F3000 X124.319 Y18.622 E1614.60542
G0 F9000 X124.1 Y18.622
G0 X124.1 Y17.096
G0 X124.319 Y17.096
G1 F3000 X122.403 Y15.18 E1614.69554
G0 F9000 X122.403 Y15.4
G0 X124.1 Y16.94
G0 X124.318 Y16.94
G1 F3000 X95.679 Y24.613 E1615.68167
G0 F9000 X95.9 Y24.613
G0 X95.9 Y22.397
G0 X95.679 Y22.397
G1 F3000 X124.319 Y51.037 E1617.02881
G0 F9000 X124.1 Y51.037
G0 X124.1 Y47.998
G0 X124.318 Y47.998
G1 F3000 X102.591 Y53.82 E1617.77695
G0 F9000 X102.591 Y53.6
G0 X108.676 Y53.6
G0 X108.676 Y53.819
G1 F3000 X119.03 Y15.179 E1619.10746
G0 F9000 X119.03 Y15.4
G0 X107.706 Y15.4
G0 X107.706 Y15.179
G1 F3000 X95.68 Y18.402 E1619.52156
G0 F9000 X95.9 Y18.402
G0 X96.947 Y15.4
G0 X96.947 Y15.18
G1 F3000 X124.319 Y42.552 E1620.80906
G0 F9000 X124.1 Y42.552
G0 X124.1 Y35.575
G0 X124.318 Y35.575
G1 F3000 X95.679 Y43.248 E1621.79519
G0 F9000 X95.9 Y43.248
G0 X95.9 Y39.368
G0 X95.679 Y39.368
G1 F3000 X110.131 Y53.82 E1622.47497
G0 F9000 X110.131 Y53.6
G0 X96.37 Y53.608
G0 X96.259 Y53.795
G1 F3000 X106.606 Y15.18 E1623.80462
G0 F9000 X106.606 Y15.4
G0 X105.432 Y15.4
G0 X105.432 Y15.18
G1 F3000 X124.319 Y34.066 E1624.69298
G0 F9000 X124.1 Y34.066
G0 X124.1 Y29.363
G0 X124.318 Y29.363
G1 F3000 X95.68 Y37.037 E1625.67909
G0 F9000 X95.9 Y37.037
G0 X95.9 Y32.778
G0 X95.679 Y32.778
G1 F3000 X100.395 Y15.179 E1626.28508
G0 F9000 X100.395 Y15.7
G1 F1500 E1619.78508
;MESH:NONMESH
G0 F300 X100.395 Y15.7 Z5.6
G0 F9000 X108 Y54.08
G0 X107.137 Y55.153
G0 X106.737 Y55.448
G0 X106.236 Y200.034
G0 X106.647 Y208.353
G0 X108.001 Y208.364
G0 X108 Y207.5
;TIME_ELAPSED:2106.166897
;LAYER:27
;TYPE:SUPPORT
G1 F1500 E1626.28508
G1 X108 Y56.101 E1631.32063
G1 X107.79 Y56.101 E1631.32762
G1 X107.79 Y56.301 E1631.33427
G1 X107.59 Y56.301 E1631.34092
G1 X107.59 Y56.501 E1631.34758
G1 X107.5 Y56.501 E1631.35057
G1 X107.5 Y193.765 E1635.91599
G1 X107.463 Y194.136 E1635.92839
G1 X107.39 Y194.492 E1635.94048
G1 X107.241 Y194.939 E1635.95615
G1 X107.1 Y195.271 E1635.96814
G1 X107.1 Y199.873 E1636.12121
G1 X107.257 Y200.284 E1636.13584
G1 X107.363 Y200.61 E1636.14724
G1 X107.446 Y200.968 E1636.15947
G1 X107.495 Y201.337 E1636.17185
G1 X107.5 Y207.5 E1636.37683
G1 X112.5 Y207.499 E1636.54313
G1 X112.5 Y201.468 E1636.74372
G1 X112.559 Y200.926 E1636.76185
G1 X112.687 Y200.438 E1636.77863
G1 X112.9 Y199.95 E1636.79634
G1 X112.9 Y195.319 E1636.95037
G1 X112.769 Y194.99 E1636.96215
G1 X112.661 Y194.677 E1636.97316
G1 X112.586 Y194.398 E1636.98277
G1 X112.526 Y193.99 E1636.99649
G1 X112.502 Y193.571 E1637.01045
G1 X112.5 Y56.902 E1641.55608
G1 X112.3 Y56.902 E1641.56273
G1 X112.3 Y56.702 E1641.56938
G1 X112.1 Y56.702 E1641.57603
G1 X112.1 Y56.502 E1641.58268
G1 X112 Y56.502 E1641.58601
G1 X112 Y207.5 E1646.60822
G1 F1500 E1640.10822
;MESH:Viga_Rectangular.stl
G0 F9000 X112.001 Y208.364
G0 X113.353 Y208.352
G0 X113.764 Y200.129
G0 X113.353 Y56.049
G0 X112.55 Y55.249
G0 X112.216 Y55.149
G0 X112 Y54.08
G0 X123.63 Y53.608
G0 X123.75 Y53.9
;TYPE:WALL-INNER
G1 F1500 E1646.60822
G1 X124.4 Y53.25 E1646.64491
G1 X124.4 Y15.75 E1648.14162
G1 X123.75 Y15.1 E1648.17831
G1 X96.25 Y15.1 E1649.27589
G1 X95.6 Y15.75 E1649.31258
G1 X95.6 Y53.25 E1650.80929
G1 X96.25 Y53.9 E1650.84598
G1 X123.75 Y53.9 E1651.94356
G0 F9000 X123.916 Y54.3
;TYPE:WALL-OUTER
G1 F1500 X124.8 Y53.416 E1651.98514
G1 X124.8 Y15.584 E1653.24344
G1 X123.916 Y14.7 E1653.28502
G1 X96.084 Y14.7 E1654.21071
G1 X95.2 Y15.584 E1654.2523
G1 X95.2 Y53.416 E1655.51059
G1 X96.084 Y54.3 E1655.55217
G1 X123.916 Y54.3 E1656.47787
G0 F9000 X123.63 Y53.608
G0 X120.953 Y53.6
G0 X120.953 Y53.82
;TYPE:FILL
G1 F3000 X124.319 Y41.259 E1656.91039
G0 F9000 X124.319 Y41.932
G1 F3000 X95.68 Y49.606 E1657.89653
G0 F9000 X95.9 Y49.606
G0 X95.9 Y47.654
G0 X95.679 Y47.654
G1 F3000 X101.845 Y53.82 E1658.18656
G0 F9000 X102.318 Y53.819
G1 F3000 X112.672 Y15.179 E1659.51707
G0 F9000 X112.672 Y15.4
G0 X114.117 Y15.4
G0 X114.117 Y15.18
G1 F3000 X124.319 Y25.382 E1659.99694
G0 F9000 X124.1 Y25.382
G0 X124.1 Y23.297
G0 X124.318 Y23.297
G1 F3000 X95.68 Y30.971 E1660.98305
G0 F9000 X95.679 Y30.683
G1 F3000 X118.815 Y53.82 E1662.07132
G0 F9000 X118.815 Y53.6
G0 X114.742 Y53.6
G0 X114.742 Y53.819
G1 F3000 X124.319 Y18.078 E1663.30201
G0 F9000 X124.318 Y17.086
G1 F3000 X95.679 Y24.759 E1664.28814
G0 F9000 X95.9 Y24.759
G0 X95.9 Y22.198
G0 X95.679 Y22.198
G1 F3000 X124.319 Y50.838 E1665.63528
G0 F9000 X124.1 Y50.838
G0 X124.1 Y48.144
G0 X124.318 Y48.144
G1 F3000 X103.136 Y53.82 E1666.36465
G0 F9000 X103.136 Y53.6
G0 X108.53 Y53.6
G0 X108.53 Y53.819
G1 F3000 X118.884 Y15.179 E1667.69516
G0 F9000 X118.884 Y15.4
G0 X122.602 Y15.4
G0 X122.602 Y15.18
G1 F3000 X124.319 Y16.897 E1667.77592
G0 F9000 X124.1 Y16.897
G0 X124.1 Y29.509
G0 X124.318 Y29.509
G1 F3000 X95.679 Y37.183 E1668.76206
G0 F9000 X95.9 Y37.183
G0 X95.9 Y39.168
G0 X95.679 Y39.168
G1 F3000 X110.33 Y53.82 E1669.45123
G0 F9000 X110.33 Y53.6
G0 X96.299 Y53.527
G0 X96.144 Y53.681
G1 F3000 X106.46 Y15.179 E1670.77698
G0 F9000 X105.631 Y15.18
G1 F3000 X124.319 Y33.867 E1671.65598
G0 F9000 X124.1 Y33.867
G0 X124.1 Y35.721
G0 X124.318 Y35.721
G1 F3000 X95.679 Y43.394 E1672.64211
G0 F9000 X95.9 Y43.394
G0 X95.9 Y32.233
G0 X95.679 Y32.233
G1 F3000 X100.249 Y15.179 E1673.22934
G0 F9000 X100.249 Y15.4
G0 X97.146 Y15.4
G0 X97.146 Y15.18
G1 F3000 X124.319 Y42.352 E1674.50745
G1 F1500 E1668.00745
G0 F9000 X124.1 Y42.352
G0 X108.251 Y15.4
G0 X108.251 Y15.179
G1 F1500 E1674.50745
G1 F3000 X95.679 Y18.548 E1674.94035
G0 F9000 X96.2 Y18.548
G1 F1500 E1668.44035
;MESH:NONMESH
G0 F300 X96.2 Y18.548 Z5.8
G0 F9000 X111.579 Y54.08
G0 X111.579 Y56
;TIME_ELAPSED:2162.828487
;LAYER:28
;TYPE:SUPPORT
G1 F1500 E1674.94035
G1 X107.99 Y56 E1675.05972
G1 X107.99 Y55.9 E1675.06305
G1 X108.19 Y55.9 E1675.0697
G1 X108.19 Y55.7 E1675.07635
G1 X108.39 Y55.7 E1675.08301
G1 X108.39 Y55.5 E1675.08966
G1 X111.304 Y55.501 E1675.18658
G1 X111.466 Y55.901 E1675.20093
G1 X111.55 Y55.901 E1675.20373
G1 X111.608 Y56.101 E1675.21065
G1 X111.701 Y56.101 E1675.21375
G1 X111.702 Y56.301 E1675.2204
G1 X111.9 Y56.301 E1675.22698
G1 X111.9 Y56.501 E1675.23363
G1 X112.1 Y56.501 E1675.24029
G1 X112.1 Y56.701 E1675.24694
G1 X112.3 Y56.701 E1675.25359
G1 X112.3 Y56.901 E1675.26024
G1 X112.5 Y56.901 E1675.26689
G1 X112.501 Y60 E1675.36997
G1 X107.5 Y60 E1675.5363
G1 X107.5 Y64 E1675.66934
G1 X112.501 Y64 E1675.83568
G1 X112.501 Y68 E1675.96872
G1 X107.5 Y68 E1676.13505
G1 X107.5 Y72 E1676.26809
G1 X112.501 Y72 E1676.43443
G1 X112.501 Y76 E1676.56747
G1 X107.5 Y76 E1676.7338
G1 X107.5 Y80 E1676.86684
G1 X112.501 Y80 E1677.03317
G1 X112.501 Y84 E1677.16621
G1 X107.5 Y84 E1677.33255
G1 X107.5 Y88 E1677.46559
G1 X112.501 Y88 E1677.63192
G1 X112.501 Y92 E1677.76496
G1 X107.5 Y92 E1677.9313
G1 X107.5 Y96 E1678.06434
G1 X112.501 Y96 E1678.23067
G1 X112.501 Y100 E1678.36371
G1 X107.5 Y100 E1678.53005
G1 X107.5 Y104 E1678.66309
G1 X112.501 Y104 E1678.82942
G1 X112.501 Y108 E1678.96246
G1 X107.5 Y108 E1679.1288
G1 X107.5 Y112 E1679.26184
G1 X112.501 Y112 E1679.42817
G1 X112.501 Y116 E1679.56121
G1 X107.5 Y116 E1679.72754
G1 X107.499 Y120 E1679.86059
G1 X112.5 Y120 E1680.02692
G1 X112.5 Y124 E1680.15996
G1 X107.499 Y124 E1680.32629
G1 X107.499 Y128 E1680.45933
G1 X112.501 Y128 E1680.6257
G1 X112.501 Y132 E1680.75874
G1 X107.499 Y132 E1680.92511
G1 X107.499 Y136 E1681.05815
G1 X112.501 Y136 E1681.22452
G1 X112.501 Y140 E1681.35756
G1 X107.499 Y140 E1681.52392
G1 X107.499 Y144 E1681.65697
G1 X112.501 Y144 E1681.82333
G1 X112.501 Y148 E1681.95637
G1 X107.499 Y148 E1682.12274
G1 X107.499 Y152 E1682.25578
G1 X112.501 Y152 E1682.42215
G1 X112.501 Y156 E1682.55519
G1 X107.499 Y156 E1682.72156
G1 X107.499 Y160 E1682.8546
G1 X112.501 Y160 E1683.02096
G1 X112.501 Y164 E1683.154
G1 X107.499 Y164 E1683.32037
G1 X107.499 Y168 E1683.45341
G1 X112.501 Y168 E1683.61978
G1 X112.501 Y172 E1683.75282
G1 X107.499 Y172 E1683.91919
G1 X107.499 Y176 E1684.05223
G1 X112.501 Y176 E1684.21859
G1 X112.501 Y180 E1684.35163
G1 X107.499 Y180 E1684.518
G1 X107.499 Y184 E1684.65104
G1 X112.501 Y184 E1684.81741
G1 X112.501 Y188 E1684.95045
G1 X107.499 Y188 E1685.11682
G1 X107.499 Y192 E1685.24986
G1 X112.501 Y192 E1685.41623
G1 X112.501 Y193.633 E1685.47054
G1 X112.534 Y194.111 E1685.48648
G1 X112.607 Y194.519 E1685.50026
G1 X112.752 Y194.95 E1685.51539
G1 X112.899 Y195.319 E1685.5286
G1 X112.899 Y196 E1685.55125
G1 X107.099 Y196 E1685.74416
G1 X107.099 Y199.876 E1685.87307
G1 X107.147 Y200 E1685.87749
G1 X112.876 Y200 E1686.06804
G1 X112.683 Y200.449 E1686.0843
G1 X112.567 Y200.893 E1686.09956
G1 X112.499 Y201.398 E1686.11651
G1 X112.499 Y207.499 E1686.31943
G1 X107.499 Y207.5 E1686.48573
G1 X107.496 Y204 E1686.60214
G1 X112.499 Y204 E1686.76854
G1 F1500 E1680.26854
;MESH:Viga_Rectangular.stl
G0 F9000 X113.365 Y204
G0 X113.764 Y200.131
G0 X113.353 Y56.049
G0 X112.499 Y55.165
G0 X112.499 Y54.08
G0 X123.63 Y53.608
G0 X123.75 Y53.9
;TYPE:WALL-INNER
G1 F1500 E1686.76854
G1 X124.4 Y53.25 E1686.80523
G1 X124.4 Y15.75 E1688.30193
G1 X123.75 Y15.1 E1688.33862
G1 X96.25 Y15.1 E1689.43621
G1 X95.6 Y15.75 E1689.4729
G1 X95.6 Y53.25 E1690.9696
G1 X96.25 Y53.9 E1691.00629
G1 X123.75 Y53.9 E1692.10388
G0 F9000 X123.916 Y54.3
;TYPE:WALL-OUTER
G1 F1500 X124.8 Y53.416 E1692.14546
G1 X124.8 Y15.584 E1693.40375
G1 X123.916 Y14.7 E1693.44533
G1 X96.084 Y14.7 E1694.37103
G1 X95.2 Y15.584 E1694.41261
G1 X95.2 Y53.416 E1695.67091
G1 X96.084 Y54.3 E1695.71249
G1 X123.916 Y54.3 E1696.63819
G0 F9000 X123.63 Y53.608
G0 X120.806 Y53.6
G0 X120.806 Y53.819
;TYPE:FILL
G1 F3000 X124.319 Y40.71 E1697.08958
G0 F9000 X124.1 Y40.71
G0 X124.1 Y42.079
G0 X124.319 Y42.079
G1 F3000 X95.68 Y49.753 E1698.07572
G0 F9000 X95.9 Y49.753
G0 X95.9 Y47.453
G0 X95.679 Y47.453
G1 F3000 X102.046 Y53.82 E1698.3752
G1 X102.171 Y53.819
G1 X112.525 Y15.179 E1699.70571
G0 F9000 X112.525 Y15.4
G0 X114.317 Y15.4
G0 X114.317 Y15.18
G1 F3000 X124.319 Y25.181 E1700.17615
G0 F9000 X124.1 Y25.181
G0 X124.1 Y23.444
G0 X124.319 Y23.444
G1 F3000 X95.68 Y31.118 E1701.16229
G0 F9000 X95.679 Y31.684
G1 F3000 X100.102 Y15.179 E1701.73062
G0 F9000 X100.102 Y15.4
G0 X97.347 Y15.4
G0 X97.347 Y15.18
G1 F3000 X124.319 Y42.152 E1702.9993
G0 F9000 X124.1 Y42.152
G0 X124.1 Y48.291
G0 X124.318 Y48.291
G1 F3000 X103.684 Y53.82 E1703.7098
G0 F9000 X103.684 Y53.6
G0 X108.383 Y53.6
G0 X108.383 Y53.819
G1 F3000 X118.737 Y15.179 E1705.04031
G0 F9000 X118.737 Y15.4
G0 X122.803 Y15.4
G0 X122.803 Y15.18
G1 F3000 X124.319 Y16.696 E1705.11162
G0 F9000 X124.318 Y17.233
G1 F3000 X95.679 Y24.906 E1706.09775
G0 F9000 X95.9 Y24.906
G0 X95.9 Y21.997
G0 X95.679 Y21.997
G1 F3000 X124.319 Y50.637 E1707.44489
G0 F9000 X124.1 Y50.637
G0 X119.016 Y53.6
G0 X119.016 Y53.82
G1 F3000 X95.679 Y30.482 E1708.54262
G0 F9000 X95.9 Y30.482
G0 X95.9 Y37.33
G0 X95.679 Y37.33
G1 F3000 X124.318 Y29.656 E1709.52876
G0 F9000 X124.1 Y29.656
G0 X124.1 Y33.666
G0 X124.319 Y33.666
G1 F3000 X105.832 Y15.18 E1710.3983
G0 F9000 X106.313 Y15.179
G1 F3000 X96.028 Y53.565 E1711.72006
G0 F9000 X96.183 Y53.411
G0 X95.9 Y43.541
G0 X95.679 Y43.541
G1 F3000 X124.318 Y35.868 E1712.70619
G0 F9000 X124.1 Y35.868
G0 X124.1 Y17.529
G0 X124.319 Y17.529
G1 F3000 X114.595 Y53.82 E1713.95582
G0 F9000 X114.595 Y53.6
G0 X110.531 Y53.6
G0 X110.531 Y53.82
G1 F3000 X95.679 Y38.967 E1714.65443
G0 F9000 X95.9 Y38.967
G0 X95.9 Y18.695
G0 X95.679 Y18.695
G1 F3000 X108.8 Y15.179 E1715.10624
G0 F9000 X108.8 Y15.7
G1 F1500 E1708.60624
;MESH:NONMESH
G0 F300 X108.8 Y15.7 Z6
G0 F9000 X108 Y54.08
G0 X107.137 Y55.153
G0 X106.737 Y55.448
G0 X106.236 Y200.038
G0 X106.647 Y208.353
G0 X108.001 Y208.364
G0 X108 Y207.5
;TIME_ELAPSED:2212.051590
;LAYER:29
;TYPE:SUPPORT
G1 F1500 E1715.10624
G1 X108 Y56.101 E1720.14179
G1 X107.79 Y56.101 E1720.14877
G1 X107.79 Y56.301 E1720.15542
G1 X107.59 Y56.301 E1720.16208
G1 X107.59 Y56.501 E1720.16873
G1 X107.5 Y56.501 E1720.17172
G1 X107.5 Y193.721 E1724.73568
G1 X107.483 Y194.02 E1724.74564
G1 X107.425 Y194.41 E1724.75875
G1 X107.257 Y194.923 E1724.77671
G1 X107.1 Y195.273 E1724.78946
G1 X107.1 Y199.875 E1724.94253
G1 X107.314 Y200.427 E1724.96222
G1 X107.437 Y200.861 E1724.97722
G1 X107.498 Y201.259 E1724.99061
G1 X107.5 Y207.5 E1725.19819
G1 X112.5 Y207.499 E1725.36449
G1 X112.5 Y201.507 E1725.56379
G1 X112.518 Y201.213 E1725.57358
G1 X112.594 Y200.731 E1725.58981
G1 X112.744 Y200.303 E1725.6049
G1 X112.9 Y199.949 E1725.61776
G1 X112.9 Y195.319 E1725.77176
G1 X112.727 Y194.884 E1725.78733
G1 X112.605 Y194.502 E1725.80067
G1 X112.546 Y194.2 E1725.8109
G1 X112.515 Y193.918 E1725.82034
G1 X112.5 Y193.586 E1725.83139
G1 X112.5 Y56.902 E1730.37752
G1 X112.3 Y56.902 E1730.38417
G1 X112.3 Y56.702 E1730.39082
G1 X112.1 Y56.702 E1730.39747
G1 X112.1 Y56.502 E1730.40413
G1 X112 Y56.502 E1730.40745
G1 X112 Y207.5 E1735.42967
G1 F1500 E1728.92967
;MESH:Viga_Rectangular.stl
G0 F9000 X112.001 Y208.364
G0 X113.353 Y208.352
G0 X113.764 Y200.131
G0 X113.353 Y56.049
G0 X112.55 Y55.249
G0 X112.216 Y55.149
G0 X112 Y54.08
G0 X123.63 Y53.608
G0 X123.75 Y53.9
;TYPE:WALL-INNER
G1 F1500 E1735.42967
G1 X124.4 Y53.25 E1735.46635
G1 X124.4 Y15.75 E1736.96306
G1 X123.75 Y15.1 E1736.99975
G1 X96.25 Y15.1 E1738.09733
G1 X95.6 Y15.75 E1738.13402
G1 X95.6 Y53.25 E1739.63073
G1 X96.25 Y53.9 E1739.66742
G1 X123.75 Y53.9 E1740.765
G0 F9000 X123.916 Y54.3
;TYPE:WALL-OUTER
G1 F1500 X124.8 Y53.416 E1740.80658
G1 X124.8 Y15.584 E1742.06488
G1 X123.916 Y14.7 E1742.10646
G1 X96.084 Y14.7 E1743.03216
G1 X95.2 Y15.584 E1743.07374
G1 X95.2 Y53.416 E1744.33203
G1 X96.084 Y54.3 E1744.37362
G1 X123.916 Y54.3 E1745.29931
G0 F9000 X123.63 Y53.608
G0 X120.66 Y53.6
G0 X120.66 Y53.82
;TYPE:FILL
G1 F3000 X124.319 Y40.165 E1745.7695
G0 F9000 X124.1 Y40.165
G0 X124.1 Y41.952
G0 X124.319 Y41.952
G1 F3000 X97.546 Y15.18 E1747.0288
G0 F9000 X97.546 Y15.4
G0 X99.956 Y15.4
G0 X99.956 Y15.179
G1 F3000 X95.679 Y31.139 E1747.57836
G1 X95.68 Y31.264
G1 X124.318 Y23.59 E1748.56447
G0 F9000 X124.1 Y23.59
G0 X124.1 Y24.982
G0 X124.319 Y24.982
G1 F3000 X114.517 Y15.18 E1749.02552
G0 F9000 X114.517 Y15.4
G0 X112.379 Y15.4
G0 X112.379 Y15.18
G1 F3000 X102.025 Y53.82 E1750.35604
G0 F9000 X102.245 Y53.82
G1 F3000 X95.679 Y47.253 E1750.6649
G0 F9000 X95.9 Y47.253
G0 X95.9 Y49.899
G0 X95.68 Y49.899
G1 F3000 X124.318 Y42.225 E1751.65101
G0 F9000 X124.1 Y42.225
G0 X124.1 Y36.013
G0 X124.319 Y36.013
G1 F3000 X95.68 Y43.687 E1752.63715
G0 F9000 X95.9 Y43.687
G0 X95.9 Y38.768
G0 X95.679 Y38.768
G1 F3000 X110.73 Y53.82 E1753.34513
G0 F9000 X110.73 Y53.6
G0 X108.237 Y53.6
G0 X108.237 Y53.819
G1 F3000 X118.591 Y15.179 E1754.67564
G0 F9000 X118.591 Y15.4
G0 X123.002 Y15.4
G0 X123.002 Y15.18
G1 F3000 X124.319 Y16.496 E1754.73756
G0 F9000 X124.319 Y16.984
G1 F3000 X114.449 Y53.819 E1756.00592
G0 F9000 X114.449 Y53.6
G0 X119.216 Y53.6
G0 X119.216 Y53.82
G1 F3000 X95.679 Y30.283 E1757.11303
G0 F9000 X95.9 Y30.283
G0 X95.9 Y25.053
G0 X95.679 Y25.053
G1 F3000 X124.318 Y17.379 E1758.09917
G0 F9000 X124.1 Y17.379
G0 X124.1 Y29.802
G0 X124.318 Y29.802
G1 F3000 X95.679 Y37.476 E1759.08531
G0 F9000 X95.9 Y37.476
G0 X95.9 Y21.797
G0 X95.679 Y21.797
G1 F3000 X124.319 Y50.437 E1760.43245
G0 F9000 X124.1 Y50.437
G0 X124.1 Y48.437
G0 X124.319 Y48.437
G1 F3000 X104.23 Y53.82 E1761.12418
G0 F9000 X104.23 Y53.6
G0 X96.067 Y53.295
G0 X95.913 Y53.449
G1 F3000 X106.167 Y15.179 E1762.44195
G1 X106.032 Y15.18
G1 X124.319 Y33.467 E1763.30211
G0 F9000 X124.1 Y33.467
G0 X109.344 Y15.4
G0 X109.344 Y15.179
G1 F3000 X95.679 Y18.841 E1763.77265
G0 F9000 X96.2 Y18.841
G1 F1500 E1757.27265
;MESH:NONMESH
G0 F300 X96.2 Y18.841 Z6.2
G0 F9000 X111.579 Y54.08
G0 X111.579 Y56
;TIME_ELAPSED:2268.211585
;LAYER:30
;TYPE:SUPPORT
G1 F1500 E1763.77265
G1 X107.99 Y56 E1763.89202
G1 X107.99 Y55.9 E1763.89534
G1 X108.19 Y55.9 E1763.902
G1 X108.19 Y55.7 E1763.90865
G1 X108.39 Y55.7 E1763.9153
G1 X108.39 Y55.5 E1763.92195
G1 X111.304 Y55.501 E1764.01887
G1 X111.466 Y55.901 E1764.03323
G1 X111.55 Y55.901 E1764.03602
G1 X111.608 Y56.101 E1764.04295
G1 X111.701 Y56.101 E1764.04604
G1 X111.702 Y56.301 E1764.05269
G1 X111.9 Y56.301 E1764.05928
G1 X111.9 Y56.501 E1764.06593
G1 X112.1 Y56.501 E1764.07258
G1 X112.1 Y56.701 E1764.07923
G1 X112.3 Y56.701 E1764.08588
G1 X112.3 Y56.901 E1764.09254
G1 X112.5 Y56.901 E1764.09919
G1 X112.5 Y60 E1764.20226
G1 X107.5 Y60 E1764.36856
G1 X107.5 Y64 E1764.5016
G1 X112.5 Y64 E1764.6679
G1 X112.5 Y68 E1764.80094
G1 X107.5 Y68 E1764.96724
G1 X107.5 Y72 E1765.10029
G1 X112.5 Y72 E1765.26659
G1 X112.5 Y76 E1765.39963
G1 X107.5 Y76 E1765.56593
G1 X107.5 Y80 E1765.69897
G1 X112.5 Y80 E1765.86527
G1 X112.5 Y84 E1765.99831
G1 X107.5 Y84 E1766.16461
G1 X107.5 Y88 E1766.29765
G1 X112.5 Y88 E1766.46395
G1 X112.5 Y92 E1766.59699
G1 X107.5 Y92 E1766.76329
G1 X107.5 Y96 E1766.89633
G1 X112.5 Y96 E1767.06263
G1 X112.5 Y100 E1767.19567
G1 X107.5 Y100 E1767.36197
G1 X107.5 Y104 E1767.49502
G1 X112.5 Y104 E1767.66132
G1 X112.5 Y108 E1767.79436
G1 X107.5 Y108 E1767.96066
G1 X107.5 Y112 E1768.0937
G1 X112.5 Y112 E1768.26
G1 X112.5 Y116 E1768.39304
G1 X107.5 Y116 E1768.55934
G1 X107.499 Y120 E1768.69238
G1 X112.499 Y120 E1768.85868
G1 X112.499 Y124 E1768.99172
G1 X107.499 Y124 E1769.15802
G1 X107.499 Y128 E1769.29106
G1 X112.499 Y128 E1769.45736
G1 X112.499 Y132 E1769.5904
G1 X107.499 Y132 E1769.7567
G1 X107.499 Y136 E1769.88974
G1 X112.499 Y136 E1770.05605
G1 X112.499 Y140 E1770.18909
G1 X107.499 Y140 E1770.35539
G1 X107.499 Y144 E1770.48843
G1 X112.499 Y144 E1770.65473
G1 X112.499 Y148 E1770.78777
G1 X107.499 Y148 E1770.95407
G1 X107.499 Y152 E1771.08711
G1 X112.499 Y152 E1771.25341
G1 X112.499 Y156 E1771.38645
G1 X107.499 Y156 E1771.55275
G1 X107.499 Y160 E1771.68579
G1 X112.499 Y160 E1771.85209
G1 X112.499 Y164 E1771.98513
G1 X107.499 Y164 E1772.15143
G1 X107.499 Y168 E1772.28447
G1 X112.499 Y168 E1772.45078
G1 X112.499 Y172 E1772.58382
G1 X107.499 Y172 E1772.75012
G1 X107.499 Y176 E1772.88316
G1 X112.499 Y176 E1773.04946
G1 X112.499 Y180 E1773.1825
G1 X107.499 Y180 E1773.3488
G1 X107.499 Y184 E1773.48184
G1 X112.499 Y184 E1773.64814
G1 X112.499 Y188 E1773.78118
G1 X107.499 Y188 E1773.94748
G1 X107.499 Y192 E1774.08052
G1 X112.499 Y192 E1774.24682
G1 X112.499 Y193.664 E1774.30217
G1 X112.516 Y193.978 E1774.31263
G1 X112.567 Y194.379 E1774.32607
G1 X112.695 Y194.807 E1774.34093
G1 X112.899 Y195.319 E1774.35926
G1 X112.899 Y196 E1774.38191
G1 X107.099 Y196 E1774.57482
G1 X107.099 Y199.873 E1774.70364
G1 X107.149 Y200 E1774.70818
G1 X112.875 Y200 E1774.89862
G1 X112.673 Y200.456 E1774.91521
G1 X112.593 Y200.731 E1774.92474
G1 X112.531 Y201.029 E1774.93486
G1 X112.499 Y201.443 E1774.94867
G1 X112.499 Y207.499 E1775.15009
G1 X107.499 Y207.5 E1775.3164
G1 X107.497 Y204 E1775.43281
G1 X112.499 Y204 E1775.59917
G1 F1500 E1769.09917
;MESH:Viga_Rectangular.stl
G0 F9000 X113.365 Y204
G0 X113.764 Y200.131
G0 X113.353 Y56.049
G0 X112.499 Y55.165
G0 X112.499 Y54.08
G0 X123.63 Y53.608
G0 X123.75 Y53.9
;TYPE:WALL-INNER
G1 F1500 E1775.59917
G1 X124.4 Y53.25 E1775.63586
G1 X124.4 Y15.75 E1777.13257
G1 X123.75 Y15.1 E1777.16926
G1 X96.25 Y15.1 E1778.26684
G1 X95.6 Y15.75 E1778.30353
G1 X95.6 Y53.25 E1779.80024
G1 X96.25 Y53.9 E1779.83693
G1 X123.75 Y53.9 E1780.93451
G0 F9000 X123.916 Y54.3
;TYPE:WALL-OUTER
G1 F1500 X124.8 Y53.416 E1780.97609
G1 X124.8 Y15.584 E1782.23439
G1 X123.916 Y14.7 E1782.27597
G1 X96.084 Y14.7 E1783.20166
G1 X95.2 Y15.584 E1783.24324
G1 X95.2 Y53.416 E1784.50154
G1 X96.084 Y54.3 E1784.54312
G1 X123.916 Y54.3 E1785.46882
G0 F9000 X123.63 Y53.608
G0 X120.513 Y53.6
G0 X120.513 Y53.82
;TYPE:FILL
G1 F3000 X124.319 Y39.617 E1785.95788
G0 F9000 X124.1 Y39.617
G0 X124.1 Y41.751
G0 X124.319 Y41.751
G1 F3000 X97.747 Y15.18 E1787.20772
G0 F9000 X97.747 Y15.4
G0 X99.809 Y15.4
G0 X99.809 Y15.179
G1 F3000 X95.679 Y30.591 E1787.73841
G0 F9000 X95.679 Y30.082
G1 F3000 X119.416 Y53.82 E1788.85495
G0 F9000 X119.416 Y53.6
G0 X114.302 Y53.6
G0 X114.302 Y53.819
G1 F3000 X124.319 Y16.436 E1790.14218
G1 X124.319 Y16.295
G1 X123.203 Y15.18 E1790.19465
G0 F9000 X123.203 Y15.4
G0 X124.1 Y17.526
G0 X124.318 Y17.526
G1 F3000 X95.679 Y25.2 E1791.18079
G0 F9000 X95.9 Y25.2
G0 X95.9 Y21.597
G0 X95.679 Y21.597
G1 F3000 X124.319 Y50.237 E1792.52793
G0 F9000 X124.1 Y50.237
G0 X124.1 Y48.584
G0 X124.318 Y48.584
G1 F3000 X104.778 Y53.82 E1793.20076
G0 F9000 X104.778 Y53.6
G0 X102.446 Y53.6
G0 X102.446 Y53.82
G1 F3000 X95.679 Y47.053 E1793.51906
G0 F9000 X95.9 Y47.053
G0 X95.9 Y50.046
G0 X95.68 Y50.046
G1 F3000 X124.318 Y42.372 E1794.50517
G0 F9000 X124.1 Y42.372
G0 X124.1 Y36.16
G0 X124.319 Y36.16
G1 F3000 X95.68 Y43.834 E1795.49131
G0 F9000 X95.9 Y43.834
G0 X95.9 Y38.567
G0 X95.679 Y38.567
G1 F3000 X110.931 Y53.82 E1796.20874
G0 F9000 X110.931 Y53.6
G0 X108.09 Y53.6
G0 X108.09 Y53.819
G1 F3000 X118.444 Y15.179 E1797.53925
G0 F9000 X118.444 Y15.4
G0 X114.718 Y15.4
G0 X114.718 Y15.18
G1 F3000 X124.319 Y24.781 E1797.99085
G0 F9000 X124.1 Y24.781
G0 X124.1 Y23.737
G0 X124.318 Y23.737
G1 F3000 X95.68 Y31.411 E1798.97696
G0 F9000 X95.9 Y31.411
G0 X95.9 Y37.623
G0 X95.679 Y37.623
G1 F3000 X124.318 Y29.949 E1799.9631
G0 F9000 X124.1 Y29.949
G0 X124.1 Y33.266
G0 X124.319 Y33.266
G1 F3000 X106.232 Y15.18 E1800.81383
G0 F9000 X106.02 Y15.179
G1 F3000 X95.797 Y53.333 E1802.1276
G0 F9000 X95.951 Y53.179
G0 X101.878 Y53.6
G0 X101.878 Y53.82
G1 F3000 X112.232 Y15.18 E1803.45811
G0 F9000 X112.232 Y15.4
G0 X109.893 Y15.4
G0 X109.893 Y15.179
G1 F3000 X95.679 Y18.988 E1803.94755
G0 F9000 X96.2 Y18.988
G1 F1500 E1797.44755
;MESH:NONMESH
G0 F300 X96.2 Y18.988 Z6.4
G0 F9000 X108 Y54.08
G0 X107.137 Y55.153
G0 X106.737 Y55.448
G0 X106.236 Y200.039
G0 X106.647 Y208.353
G0 X108.001 Y208.364
G0 X108 Y207.5
;TIME_ELAPSED:2316.912788
;LAYER:31
;TYPE:SUPPORT
G1 F1500 E1803.94755
G1 X108 Y56.101 E1808.98311
G1 X107.79 Y56.101 E1808.99009
G1 X107.79 Y56.301 E1808.99674
G1 X107.59 Y56.301 E1809.00339
G1 X107.59 Y56.501 E1809.01005
G1 X107.5 Y56.501 E1809.01304
G1 X107.5 Y193.938 E1813.58421
G1 X107.434 Y194.386 E1813.59927
G1 X107.34 Y194.725 E1813.61097
G1 X107.197 Y195.084 E1813.62383
G1 X107.1 Y195.277 E1813.63101
G1 X107.1 Y199.87 E1813.78378
G1 X107.323 Y200.438 E1813.80407
G1 X107.425 Y200.801 E1813.81661
G1 X107.475 Y201.09 E1813.82637
G1 X107.5 Y201.461 E1813.83873
G1 X107.5 Y207.5 E1814.03959
G1 X112.5 Y207.499 E1814.20589
G1 X112.5 Y201.281 E1814.41271
G1 X112.532 Y201.03 E1814.42112
G1 X112.583 Y200.743 E1814.43082
G1 X112.701 Y200.371 E1814.4438
G1 X112.9 Y199.945 E1814.45943
G1 X112.9 Y195.322 E1814.6132
G1 X112.669 Y194.735 E1814.63418
G1 X112.563 Y194.344 E1814.64765
G1 X112.523 Y194.076 E1814.65666
G1 X112.5 Y193.729 E1814.66823
G1 X112.5 Y56.902 E1819.21912
G1 X112.3 Y56.902 E1819.22577
G1 X112.3 Y56.702 E1819.23242
G1 X112.1 Y56.702 E1819.23907
G1 X112.1 Y56.502 E1819.24572
G1 X112 Y56.502 E1819.24905
G1 X112 Y207.5 E1824.27126
G1 F1500 E1817.77126
;MESH:Viga_Rectangular.stl
G0 F9000 X112.001 Y208.364
G0 X113.353 Y208.352
G0 X113.764 Y200.136
G0 X113.353 Y56.049
G0 X112.55 Y55.249
G0 X112.216 Y55.149
G0 X112 Y54.08
G0 X123.63 Y53.608
G0 X123.75 Y53.9
;TYPE:WALL-INNER
G1 F1500 E1824.27126
G1 X124.4 Y53.25 E1824.30795
G1 X124.4 Y15.75 E1825.80466
G1 X123.75 Y15.1 E1825.84135
G1 X96.25 Y15.1 E1826.93893
G1 X95.6 Y15.75 E1826.97562
G1 X95.6 Y53.25 E1828.47233
G1 X96.25 Y53.9 E1828.50902
G1 X123.75 Y53.9 E1829.6066
G0 F9000 X123.916 Y54.3
;TYPE:WALL-OUTER
G1 F1500 X124.8 Y53.416 E1829.64818
G1 X124.8 Y15.584 E1830.90648
G1 X123.916 Y14.7 E1830.94806
G1 X96.084 Y14.7 E1831.87375
G1 X95.2 Y15.584 E1831.91534
G1 X95.2 Y53.416 E1833.17363
G1 X96.084 Y54.3 E1833.21521
G1 X123.916 Y54.3 E1834.14091
G0 F9000 X123.63 Y53.608
G0 X120.367 Y53.6
G0 X120.367 Y53.819
;TYPE:FILL
G1 F3000 X124.319 Y39.072 E1834.6487
G0 F9000 X124.1 Y39.072
G0 X124.1 Y41.552
G0 X124.319 Y41.552
G1 F3000 X97.947 Y15.18 E1835.88916
G0 F9000 X97.947 Y15.4
G0 X99.663 Y15.4
G0 X99.663 Y15.179
G1 F3000 X95.679 Y30.046 E1836.40109
G1 X95.679 Y29.883
G1 X119.616 Y53.82 E1837.52701
G0 F9000 X119.616 Y53.6
G0 X114.156 Y53.6
G0 X114.156 Y53.819
G1 F3000 X124.319 Y15.891 E1838.833
G0 F9000 X124.319 Y16.096
G1 F3000 X123.402 Y15.18 E1838.87611
G0 F9000 X123.402 Y15.4
G0 X124.1 Y17.672
G0 X124.318 Y17.672
G1 F3000 X95.68 Y25.345 E1839.86221
G0 F9000 X95.9 Y25.345
G0 X95.9 Y21.397
G0 X95.679 Y21.397
G1 F3000 X124.319 Y50.037 E1841.20935
G0 F9000 X124.1 Y50.037
G0 X124.1 Y48.73
G0 X124.319 Y48.73
G1 F3000 X105.323 Y53.82 E1841.86345
G0 F9000 X105.323 Y53.6
G0 X107.944 Y53.6
G0 X107.944 Y53.819
G1 F3000 X118.298 Y15.18 E1843.19393
G0 F9000 X118.298 Y15.4
G0 X114.917 Y15.4
G0 X114.917 Y15.18
G1 F3000 X124.319 Y24.581 E1843.63614
G0 F9000 X124.318 Y23.883
G1 F3000 X95.679 Y31.557 E1844.62229
G0 F9000 X95.9 Y31.557
G0 X95.9 Y37.769
G0 X95.679 Y37.769
G1 F3000 X124.318 Y30.095 E1845.60843
G0 F9000 X124.1 Y30.095
G0 X124.1 Y33.067
G0 X124.319 Y33.067
G1 F3000 X106.432 Y15.18 E1846.44978
G0 F9000 X105.874 Y15.179
G1 F3000 X95.682 Y53.217 E1847.75955
G0 F9000 X95.892 Y53.13
G0 X95.9 Y50.192
G0 X95.679 Y50.192
G1 F3000 X124.318 Y42.518 E1848.74569
G0 F9000 X124.1 Y42.518
G0 X124.1 Y36.307
G0 X124.319 Y36.307
G1 F3000 X95.68 Y43.98 E1849.73182
G0 F9000 X95.9 Y43.98
G0 X95.9 Y46.853
G0 X95.679 Y46.853
G1 F3000 X102.645 Y53.82 E1850.05951
G0 F9000 X101.732 Y53.82
G1 F3000 X112.086 Y15.179 E1851.39005
G0 F9000 X112.086 Y15.4
G0 X110.438 Y15.4
G0 X110.438 Y15.179
G1 F3000 X95.679 Y19.134 E1851.89826
G0 F9000 X95.9 Y19.134
G0 X95.9 Y38.368
G0 X95.679 Y38.368
G1 F3000 X111.131 Y53.82 E1852.62507
G0 F9000 X111.131 Y53.3
G1 F1500 E1846.12507
;MESH:NONMESH
G0 F300 X111.131 Y53.3 Z6.6
G0 F9000 X108.9 Y54.08
G0 X108.9 Y56
;TIME_ELAPSED:2372.176493
;LAYER:32
;TYPE:SUPPORT
G1 F1500 E1852.62507
G1 X107.99 Y56 E1852.65534
G1 X107.99 Y55.9 E1852.65866
G1 X108.19 Y55.9 E1852.66532
G1 X108.19 Y55.7 E1852.67197
G1 X108.39 Y55.7 E1852.67862
G1 X108.39 Y55.5 E1852.68527
G1 X108.9 Y55.499 E1852.70223
G1 X108.9 Y60 E1852.85194
G1 X107.5 Y60 E1852.8985
G1 X107.5 Y64 E1853.03154
G1 X108.9 Y64 E1853.07811
G1 X108.9 Y68 E1853.21115
G1 X107.5 Y68 E1853.25771
G1 X107.5 Y72 E1853.39075
G1 X108.9 Y72 E1853.43732
G1 X108.9 Y76 E1853.57036
G1 X107.5 Y76 E1853.61692
G1 X107.5 Y80 E1853.74996
G1 X108.9 Y80 E1853.79653
G1 X108.9 Y84 E1853.92957
G1 X107.5 Y84 E1853.97613
G1 X107.5 Y88 E1854.10917
G1 X108.9 Y88 E1854.15574
G1 X108.9 Y92 E1854.28878
G1 X107.5 Y92 E1854.33534
G1 X107.5 Y96 E1854.46838
G1 X108.9 Y96 E1854.51495
G1 X108.9 Y100 E1854.64799
G1 X107.5 Y100 E1854.69455
G1 X107.5 Y104 E1854.82759
G1 X108.9 Y104 E1854.87416
G1 X108.9 Y108 E1855.0072
G1 X107.5 Y108 E1855.05376
G1 X107.5 Y112 E1855.1868
G1 X108.9 Y112 E1855.23336
G1 X108.9 Y116 E1855.36641
G1 X107.5 Y116 E1855.41297
G1 X107.499 Y120 E1855.54601
G1 X108.899 Y120 E1855.59257
G1 X108.899 Y124 E1855.72561
G1 X107.499 Y124 E1855.77218
G1 X107.499 Y128 E1855.90522
G1 X108.899 Y128 E1855.95178
G1 X108.899 Y132 E1856.08482
G1 X107.499 Y132 E1856.13139
G1 X107.499 Y136 E1856.26443
G1 X108.899 Y136 E1856.31099
G1 X108.899 Y140 E1856.44403
G1 X107.499 Y140 E1856.4906
G1 X107.499 Y144 E1856.62364
G1 X108.899 Y144 E1856.6702
G1 X108.899 Y148 E1856.80324
G1 X107.499 Y148 E1856.84981
G1 X107.499 Y152 E1856.98285
G1 X108.899 Y152 E1857.02941
G1 X108.899 Y156 E1857.16245
G1 X107.499 Y156 E1857.20902
G1 X107.499 Y160 E1857.34206
G1 X108.899 Y160 E1857.38862
G1 X108.899 Y164 E1857.52166
G1 X107.499 Y164 E1857.56823
G1 X107.499 Y168 E1857.70127
G1 X108.899 Y168 E1857.74783
G1 X108.899 Y172 E1857.88087
G1 X107.499 Y172 E1857.92744
G1 X107.499 Y176 E1858.06048
G1 X108.899 Y176 E1858.10704
G1 X108.899 Y180 E1858.24008
G1 X107.499 Y180 E1858.28664
G1 X107.499 Y184 E1858.41969
G1 X108.899 Y184 E1858.46625
G1 X108.899 Y188 E1858.59929
G1 X107.499 Y188 E1858.64585
G1 X107.499 Y192 E1858.77889
G1 X108.899 Y192 E1858.82546
G1 X108.899 Y196 E1858.9585
G1 X107.099 Y196 E1859.01837
G1 X107.099 Y199.871 E1859.14712
G1 X107.152 Y200 E1859.15176
G1 X108.899 Y200 E1859.20986
G1 X108.899 Y204 E1859.3429
G1 X107.499 Y204 E1859.38947
G1 X107.499 Y207.5 E1859.50588
G1 X112.499 Y207.499 E1859.67218
G1 X112.499 Y201.147 E1859.88345
G1 X112.582 Y200.743 E1859.89716
G1 X112.664 Y200.442 E1859.90754
G1 X112.872 Y200 E1859.92379
G1 X111.099 Y200 E1859.98276
G1 X111.099 Y196 E1860.1158
G1 X112.899 Y196 E1860.17567
G1 X112.899 Y195.322 E1860.19822
G1 X112.751 Y194.966 E1860.21104
G1 X112.634 Y194.641 E1860.22253
G1 X112.536 Y194.236 E1860.23639
G1 X112.499 Y193.819 E1860.25031
G1 X112.499 Y192 E1860.31081
G1 X111.099 Y192 E1860.35738
G1 X111.099 Y188 E1860.49042
G1 X112.499 Y188 E1860.53698
G1 X112.499 Y184 E1860.67002
G1 X111.099 Y184 E1860.71659
G1 X111.099 Y180 E1860.84963
G1 X112.499 Y180 E1860.89619
G1 X112.499 Y176 E1861.02923
G1 X111.099 Y176 E1861.07579
G1 X111.099 Y172 E1861.20884
G1 X112.499 Y172 E1861.2554
G1 X112.499 Y168 E1861.38844
G1 X111.099 Y168 E1861.435
G1 X111.099 Y164 E1861.56804
G1 X112.499 Y164 E1861.61461
G1 X112.499 Y160 E1861.74765
G1 X111.099 Y160 E1861.79421
G1 X111.099 Y156 E1861.92725
G1 X112.499 Y156 E1861.97382
G1 X112.499 Y152 E1862.10686
G1 X111.099 Y152 E1862.15342
G1 X111.099 Y148 E1862.28646
G1 X112.499 Y148 E1862.33303
G1 X112.499 Y144 E1862.46607
G1 X111.099 Y144 E1862.51263
G1 X111.099 Y140 E1862.64567
G1 X112.499 Y140 E1862.69224
G1 X112.499 Y136 E1862.82528
G1 X111.099 Y136 E1862.87184
G1 X111.099 Y132 E1863.00488
G1 X112.499 Y132 E1863.05145
G1 X112.499 Y128 E1863.18449
G1 X111.099 Y128 E1863.23105
G1 X111.099 Y124 E1863.36409
G1 X112.499 Y124 E1863.41066
G1 X112.499 Y120 E1863.5437
G1 X111.099 Y120 E1863.59026
G1 X111.1 Y116 E1863.7233
G1 X112.5 Y116 E1863.76987
G1 X112.5 Y112 E1863.90291
G1 X111.1 Y112 E1863.94947
G1 X111.1 Y108 E1864.08251
G1 X112.5 Y108 E1864.12908
G1 X112.5 Y104 E1864.26212
G1 X111.1 Y104 E1864.30868
G1 X111.1 Y100 E1864.44172
G1 X112.5 Y100 E1864.48828
G1 X112.5 Y96 E1864.62133
G1 X111.1 Y96 E1864.66789
G1 X111.1 Y92 E1864.80093
G1 X112.5 Y92 E1864.84749
G1 X112.5 Y88 E1864.98053
G1 X111.1 Y88 E1865.0271
G1 X111.1 Y84 E1865.16014
G1 X112.5 Y84 E1865.2067
G1 X112.5 Y80 E1865.33974
G1 X111.1 Y80 E1865.38631
G1 X111.1 Y76 E1865.51935
G1 X112.5 Y76 E1865.56591
G1 X112.5 Y72 E1865.69895
G1 X111.1 Y72 E1865.74552
G1 X111.1 Y68 E1865.87856
G1 X112.5 Y68 E1865.92512
G1 X112.5 Y64 E1866.05816
G1 X111.1 Y64 E1866.10473
G1 X111.1 Y60 E1866.23777
G1 X112.5 Y60 E1866.28433
G1 X112.5 Y56.901 E1866.38741
G1 X112.3 Y56.901 E1866.39406
G1 X112.3 Y56.701 E1866.40071
G1 X112.1 Y56.701 E1866.40736
G1 X112.1 Y56.501 E1866.41401
G1 X111.9 Y56.501 E1866.42067
G1 X111.9 Y56.301 E1866.42732
G1 X111.702 Y56.301 E1866.4339
G1 X111.701 Y56.101 E1866.44055
G1 X111.608 Y56.101 E1866.44365
G1 X111.55 Y55.901 E1866.45057
G1 X111.401 Y55.901 E1866.45553
G1 X111.401 Y55.738 E1866.46095
G1 X111.305 Y55.501 E1866.46946
G1 X111.1 Y55.499 E1866.47627
G1 X111.1 Y56 E1866.49294
G1 X111.579 Y56 E1866.50887
G1 F1500 E1860.00887
G0 F9000 X112.252 Y55.246
G0 X112.55 Y55.249
G0 X113.353 Y56.049
G0 X113.764 Y200.136
G0 X113.365 Y204
G0 X112.499 Y204
G1 F1500 E1866.50887
G1 X111.099 Y204 E1866.55543
G1 X111.099 Y206.099 E1866.62525
G1 X108.899 Y206.1 E1866.69842
G1 X108.899 Y204 E1866.76827
G0 F9000 X109.099 Y204.134
;TYPE:SUPPORT-INTERFACE
G1 F1500 X110.863 Y205.898 E1866.85124
G1 F1500 E1860.35124
G0 F9000 X109.1 Y205.42
G1 F1500 E1866.85124
G1 X110.899 Y203.622 E1866.93583
G1 X110.899 Y203.672
G1 X109.099 Y201.871 E1867.02052
G0 F9000 X109.1 Y200.895
G1 F1500 X110.899 Y199.096 E1867.10514
G1 X110.899 Y199.146
G1 X109.099 Y197.346 E1867.18981
G0 F9000 X109.1 Y196.369
G1 F1500 X110.899 Y194.571 E1867.27441
G1 X110.899 Y194.621
G1 X109.099 Y192.82 E1867.3591
G0 F9000 X109.1 Y191.844
G1 F1500 X110.899 Y190.045 E1867.44372
G1 X110.899 Y190.095
G1 X109.099 Y188.295 E1867.52838
G0 F9000 X109.1 Y187.318
G1 F1500 X110.899 Y185.52 E1867.61298
G1 X110.899 Y185.57
G1 X109.099 Y183.769 E1867.69767
G0 F9000 X109.1 Y182.793
G1 F1500 X110.899 Y180.994 E1867.78229
G1 X110.899 Y181.044
G1 X109.099 Y179.244 E1867.86695
G0 F9000 X109.1 Y178.267
G1 F1500 X110.899 Y176.469 E1867.95155
G1 X110.899 Y176.519
G1 X109.099 Y174.719 E1868.03622
G0 F9000 X109.1 Y173.742
G1 F1500 X110.899 Y171.943 E1868.12084
G1 X110.899 Y171.993
G1 X109.099 Y170.193 E1868.2055
G0 F9000 X109.1 Y169.217
G1 F1500 X110.899 Y167.418 E1868.29012
G1 X110.899 Y167.468
G1 X109.099 Y165.668 E1868.37479
G0 F9000 X109.1 Y164.691
G1 F1500 X110.899 Y162.892 E1868.45941
G1 X110.899 Y162.942
G1 X109.099 Y161.142 E1868.54407
G0 F9000 X109.1 Y160.166
G1 F1500 X110.899 Y158.367 E1868.62869
G1 X110.899 Y158.417
G1 X109.099 Y156.617 E1868.71336
G0 F9000 X109.1 Y155.64
G1 F1500 X110.899 Y153.841 E1868.79798
G1 X110.899 Y153.891
G1 X109.099 Y152.091 E1868.88265
G0 F9000 X109.1 Y151.115
G1 F1500 X110.899 Y149.316 E1868.96727
G1 X110.899 Y149.366
G1 X109.099 Y147.566 E1869.05193
G0 F9000 X109.1 Y146.589
G1 F1500 X110.899 Y144.79 E1869.13655
G1 X110.899 Y144.84
G1 X109.099 Y143.04 E1869.22122
G0 F9000 X109.1 Y142.064
G1 F1500 X110.899 Y140.265 E1869.30584
G1 X110.899 Y140.315
G1 X109.099 Y138.515 E1869.3905
G0 F9000 X109.1 Y137.538
G1 F1500 X110.899 Y135.739 E1869.47512
G1 X110.899 Y135.789
G1 X109.099 Y133.989 E1869.55979
G0 F9000 X109.1 Y133.013
G1 F1500 X110.899 Y131.214 E1869.64441
G1 X110.899 Y131.264
G1 X109.099 Y129.464 E1869.72908
G0 F9000 X109.1 Y128.487
G1 F1500 X110.899 Y126.688 E1869.8137
G1 X110.899 Y126.738
G1 X109.099 Y124.938 E1869.89836
G0 F9000 X109.1 Y123.962
G1 F1500 X110.899 Y122.163 E1869.98298
G1 X110.899 Y122.213
G1 X109.099 Y120.413 E1870.06765
G0 F9000 X109.1 Y119.436
G1 F1500 X110.899 Y117.637 E1870.15227
G1 X110.899 Y117.688
G1 X109.099 Y115.887 E1870.23696
G0 F9000 X109.1 Y114.911
G1 F1500 X110.899 Y113.112 E1870.32158
G1 X110.899 Y113.162
G1 X109.099 Y111.362 E1870.40624
G0 F9000 X109.1 Y110.385
G1 F1500 X110.899 Y108.586 E1870.49086
G1 X110.899 Y108.637
G1 X109.099 Y106.836 E1870.57555
G0 F9000 X109.1 Y105.86
G1 F1500 X110.899 Y104.061 E1870.66017
G1 X110.899 Y104.111
G1 X109.099 Y102.311 E1870.74484
G0 F9000 X109.1 Y101.334
G1 F1500 X110.899 Y99.535 E1870.82946
G1 X110.899 Y99.586
G1 X109.099 Y97.785 E1870.91415
G0 F9000 X109.1 Y96.809
G1 F1500 X110.899 Y95.01 E1870.99877
G1 X110.899 Y95.06
G1 X109.099 Y93.26 E1871.08343
G0 F9000 X109.1 Y92.283
G1 F1500 X110.899 Y90.484 E1871.16805
G1 X110.899 Y90.535
G1 X109.099 Y88.734 E1871.25274
G0 F9000 X109.1 Y87.758
G1 F1500 X110.899 Y85.959 E1871.33736
G1 X110.899 Y86.009
G1 X109.099 Y84.209 E1871.42203
G0 F9000 X109.1 Y83.232
G1 F1500 X110.899 Y81.433 E1871.50665
G1 X110.899 Y81.484
G1 X109.099 Y79.683 E1871.59134
G0 F9000 X109.1 Y78.707
G1 F1500 X110.899 Y76.908 E1871.67596
G1 X110.899 Y76.958
G1 X109.099 Y75.158 E1871.76062
G0 F9000 X109.1 Y74.181
G1 F1500 X110.899 Y72.382 E1871.84524
G1 X110.899 Y72.433
G1 X109.099 Y70.632 E1871.92993
G0 F9000 X109.1 Y69.656
G1 F1500 X110.899 Y67.857 E1872.01455
G1 X110.899 Y67.907
G1 X109.099 Y66.107 E1872.09922
G0 F9000 X109.1 Y65.13
G1 F1500 X110.899 Y63.332 E1872.18382
G1 X110.899 Y63.382
G1 X109.099 Y61.581 E1872.26851
G0 F9000 X109.1 Y60.605
G1 F1500 X110.899 Y58.806 E1872.35313
G1 X110.899 Y58.856
G1 X109.099 Y57.056 E1872.43779
G0 F9000 X109.1 Y56.079
G1 F1500 X109.88 Y55.299 E1872.47448
G0 F9000 X109.605 Y55.299
G1 F1500 X110.899 Y56.593 E1872.53535
G1 X110.899 Y56.543
G1 X109.1 Y58.342 E1872.61997
G0 F9000 X109.099 Y59.319
G1 F1500 X110.899 Y61.119 E1872.70463
G1 X110.899 Y61.069
G1 X109.1 Y62.868 E1872.78925
G0 F9000 X109.099 Y63.844
G1 F1500 X110.899 Y65.644 E1872.87392
G1 X110.899 Y65.594
G1 X109.1 Y67.393 E1872.95854
G0 F9000 X109.099 Y68.37
G1 F1500 X110.899 Y70.17 E1873.0432
G1 X110.899 Y70.12
G1 X109.1 Y71.919 E1873.12782
G0 F9000 X109.099 Y72.895
G1 F1500 X110.899 Y74.695 E1873.21249
G1 X110.899 Y74.645
G1 X109.1 Y76.444 E1873.29711
G0 F9000 X109.099 Y77.421
G1 F1500 X110.899 Y79.221 E1873.38178
G1 X110.899 Y79.171
G1 X109.1 Y80.97 E1873.4664
G0 F9000 X109.099 Y81.946
G1 F1500 X110.899 Y83.746 E1873.55106
G1 X110.899 Y83.696
G1 X109.1 Y85.495 E1873.63568
G0 F9000 X109.099 Y86.472
G1 F1500 X110.899 Y88.272 E1873.72035
G1 X110.899 Y88.222
G1 X109.1 Y90.021 E1873.80497
G0 F9000 X109.099 Y90.997
G1 F1500 X110.899 Y92.797 E1873.88963
G1 X110.899 Y92.747
G1 X109.1 Y94.546 E1873.97425
G0 F9000 X109.099 Y95.523
G1 F1500 X110.899 Y97.323 E1874.05892
G1 X110.899 Y97.273
G1 X109.1 Y99.072 E1874.14354
G0 F9000 X109.099 Y100.048
G1 F1500 X110.899 Y101.848 E1874.22821
G1 X110.899 Y101.798
G1 X109.1 Y103.597 E1874.31283
G0 F9000 X109.099 Y104.574
G1 F1500 X110.899 Y106.374 E1874.39749
G1 X110.899 Y106.324
G1 X109.1 Y108.122 E1874.48209
G0 F9000 X109.099 Y109.099
G1 F1500 X110.899 Y110.899 E1874.56675
G1 X110.899 Y110.849
G1 X109.1 Y112.648 E1874.65137
G0 F9000 X109.099 Y113.624
G1 F1500 X110.899 Y115.425 E1874.73606
G1 X110.899 Y115.375
G1 X109.1 Y117.173 E1874.82066
G0 F9000 X109.099 Y118.15
G1 F1500 X110.899 Y119.95 E1874.90533
G1 X110.899 Y119.9
G1 X109.1 Y121.699 E1874.98995
G0 F9000 X109.099 Y122.675
G1 F1500 X110.899 Y124.476 E1875.07464
G1 X110.899 Y124.426
G1 X109.1 Y126.224 E1875.15923
G0 F9000 X109.099 Y127.201
G1 F1500 X110.899 Y129.001 E1875.2439
G1 X110.899 Y128.951
G1 X109.1 Y130.75 E1875.32852
G0 F9000 X109.099 Y131.726
G1 F1500 X110.899 Y133.527 E1875.41321
G1 X110.899 Y133.477
G1 X109.1 Y135.275 E1875.4978
G0 F9000 X109.099 Y136.252
G1 F1500 X110.899 Y138.052 E1875.58247
G1 X110.899 Y138.002
G1 X109.1 Y139.801 E1875.66709
G0 F9000 X109.099 Y140.777
G1 F1500 X110.899 Y142.578 E1875.75178
G1 X110.899 Y142.527
G1 X109.1 Y144.326 E1875.8364
G0 F9000 X109.099 Y145.303
G1 F1500 X110.899 Y147.103 E1875.92107
G1 X110.899 Y147.053
G1 X109.1 Y148.852 E1876.00568
G0 F9000 X109.099 Y149.828
G1 F1500 X110.899 Y151.629 E1876.09037
G1 X110.899 Y151.578
G1 X109.1 Y153.377 E1876.17499
G0 F9000 X109.099 Y154.354
G1 F1500 X110.899 Y156.154 E1876.25966
G1 X110.899 Y156.104
G1 X109.1 Y157.903 E1876.34428
G0 F9000 X109.099 Y158.879
G1 F1500 X110.899 Y160.68 E1876.42897
G1 X110.899 Y160.629
G1 X109.1 Y162.428 E1876.51359
G0 F9000 X109.099 Y163.405
G1 F1500 X110.899 Y165.205 E1876.59826
G1 X110.899 Y165.155
G1 X109.1 Y166.954 E1876.68288
G0 F9000 X109.099 Y167.93
G1 F1500 X110.899 Y169.731 E1876.76757
G1 X110.899 Y169.68
G1 X109.1 Y171.479 E1876.85218
G0 F9000 X109.099 Y172.456
G1 F1500 X110.899 Y174.256 E1876.93685
G1 X110.899 Y174.206
G1 X109.1 Y176.005 E1877.02147
G0 F9000 X109.099 Y176.981
G1 F1500 X110.899 Y178.782 E1877.10616
G1 X110.899 Y178.731
G1 X109.1 Y180.53 E1877.19078
G0 F9000 X109.099 Y181.507
G1 F1500 X110.899 Y183.307 E1877.27545
G1 X110.899 Y183.257
G1 X109.1 Y185.056 E1877.36007
G0 F9000 X109.099 Y186.032
G1 F1500 X110.899 Y187.833 E1877.44476
G1 X110.899 Y187.782
G1 X109.1 Y189.581 E1877.52938
G0 F9000 X109.099 Y190.558
G1 F1500 X110.899 Y192.358 E1877.61404
G1 X110.899 Y192.308
G1 X109.1 Y194.107 E1877.69866
G0 F9000 X109.099 Y195.083
G1 F1500 X110.899 Y196.883 E1877.78333
G1 X110.899 Y196.833
G1 X109.1 Y198.632 E1877.86795
G0 F9000 X109.099 Y199.609
G1 F1500 X110.899 Y201.409 E1877.95261
G1 X110.899 Y201.359
G1 X109.1 Y203.158 E1878.03723
G1 F1500 E1871.53723
;MESH:Viga_Rectangular.stl
G0 F9000 X106.635 Y203.158
G0 X106.647 Y208.353
G0 X113.353 Y208.352
G0 X123.834 Y55.165
G0 X123.819 Y54.064
G0 X123.63 Y53.608
G0 X123.75 Y53.9
;TYPE:WALL-INNER
G1 F1500 E1878.03723
G1 X124.4 Y53.25 E1878.07392
G1 X124.4 Y15.75 E1879.57063
G1 X123.75 Y15.1 E1879.60732
G1 X96.25 Y15.1 E1880.7049
G1 X95.6 Y15.75 E1880.74159
G1 X95.6 Y53.25 E1882.2383
G1 X96.25 Y53.9 E1882.27499
G1 X123.75 Y53.9 E1883.37257
G0 F9000 X123.916 Y54.3
;TYPE:WALL-OUTER
G1 F1500 X124.8 Y53.416 E1883.41415
G1 X124.8 Y15.584 E1884.67245
G1 X123.916 Y14.7 E1884.71403
G1 X96.084 Y14.7 E1885.63972
G1 X95.2 Y15.584 E1885.68131
G1 X95.2 Y53.416 E1886.9396
G1 X96.084 Y54.3 E1886.98118
G1 X123.916 Y54.3 E1887.90688
G0 F9000 X123.63 Y53.608
G0 X120.221 Y53.6
G0 X120.221 Y53.819
;TYPE:FILL
G1 F3000 X124.319 Y38.528 E1888.43341
G0 F9000 X124.1 Y38.528
G0 X124.1 Y36.453
G0 X124.318 Y36.453
G1 F3000 X95.68 Y44.126 E1889.41951
G0 F9000 X95.9 Y44.126
G0 X95.9 Y46.654
G0 X95.679 Y46.654
G1 F3000 X102.845 Y53.82 E1889.75657
G0 F9000 X102.845 Y53.6
G0 X101.586 Y53.6
G0 X101.586 Y53.819
G1 F3000 X111.94 Y15.179 E1891.08709
G0 F9000 X110.983 Y15.179
G1 F3000 X95.679 Y19.28 E1891.61406
G0 F9000 X95.9 Y19.28
G0 X95.9 Y21.198
G0 X95.679 Y21.198
G1 F3000 X124.319 Y49.838 E1892.96119
G0 F9000 X124.319 Y48.876
G1 F3000 X105.868 Y53.82 E1893.59653
G0 F9000 X105.868 Y53.6
G0 X107.798 Y53.6
G0 X107.798 Y53.82
G1 F3000 X118.151 Y15.18 E1894.92703
G0 F9000 X118.151 Y15.4
G0 X115.116 Y15.4
G0 X115.116 Y15.18
G1 F3000 X124.319 Y24.382 E1895.35989
G0 F9000 X124.318 Y24.029
G1 F3000 X95.679 Y31.703 E1896.34603
G0 F9000 X95.9 Y31.703
G0 X95.9 Y29.683
G0 X95.679 Y29.683
G1 F3000 X119.815 Y53.82 E1897.48133
G0 F9000 X119.815 Y53.6
G0 X114.01 Y53.6
G0 X114.01 Y53.819
G1 F3000 X124.226 Y15.69 E1898.79424
G0 F9000 X124.319 Y15.897
G1 F3000 X123.602 Y15.18 E1898.82797
G0 F9000 X123.602 Y15.4
G0 X124.1 Y17.818
G0 X124.318 Y17.818
G1 F3000 X95.679 Y25.491 E1899.8141
G0 F9000 X95.9 Y25.491
G0 X95.9 Y29.501
G0 X95.679 Y29.501
G1 F3000 X99.517 Y15.179 E1900.30726
G0 F9000 X99.517 Y15.4
G0 X98.146 Y15.4
G0 X98.146 Y15.18
G1 F3000 X124.319 Y41.353 E1901.53836
G0 F9000 X124.1 Y41.353
G0 X124.1 Y42.664
G0 X124.318 Y42.664
G1 F3000 X95.679 Y50.338 E1902.5245
G0 F9000 X95.9 Y50.338
G0 X95.9 Y52.682
G0 X95.679 Y52.682
G1 F3000 X105.728 Y15.179 E1903.81585
G0 F9000 X106.631 Y15.18
G1 F3000 X124.319 Y32.867 E1904.64782
G0 F9000 X124.1 Y32.867
G0 X124.1 Y30.241
G0 X124.319 Y30.241
G1 F3000 X95.68 Y37.915 E1905.63396
G0 F9000 X95.679 Y38.168
G1 F3000 X111.33 Y53.82 E1906.37016
G0 F9000 X111.33 Y53.3
G1 F1500 E1899.87016
;MESH:NONMESH
G0 F300 X111.33 Y53.3 Z6.8
G0 F9000 X108 Y54.08
G0 X107.137 Y55.153
G0 X106.737 Y55.448
G0 X106.236 Y200.044
G0 X106.647 Y208.353
G0 X108.001 Y208.364
G0 X108 Y207.5
;TIME_ELAPSED:2450.019797
;LAYER:33
;TYPE:SUPPORT
G1 F1500 E1906.37016
G1 X108 Y56.101 E1911.40571
G1 X107.79 Y56.101 E1911.41269
G1 X107.79 Y56.301 E1911.41935
G1 X107.59 Y56.301 E1911.426
G1 X107.59 Y56.501 E1911.43265
G1 X107.5 Y56.501 E1911.43564
G1 X107.5 Y193.911 E1916.00592
G1 X107.464 Y194.309 E1916.01921
G1 X107.34 Y194.798 E1916.03599
G1 X107.1 Y195.278 E1916.05384
G1 X107.1 Y199.87 E1916.20657
G1 X107.263 Y200.26 E1916.22063
G1 X107.434 Y200.748 E1916.23783
G1 X107.5 Y201.223 E1916.25378
G1 X107.5 Y207.5 E1916.46255
G1 X112.5 Y207.499 E1916.62885
G1 X112.5 Y201.274 E1916.8359
G1 X112.536 Y200.878 E1916.84912
G1 X112.634 Y200.492 E1916.86237
G1 X112.9 Y199.943 E1916.88266
G1 X112.9 Y195.323 E1917.03632
G1 X112.737 Y194.933 E1917.05038
G1 X112.566 Y194.445 E1917.06758
G1 X112.5 Y193.97 E1917.08353
G1 X112.5 Y56.902 E1921.64243
G1 X112.3 Y56.902 E1921.64908
G1 X112.3 Y56.702 E1921.65573
G1 X112.1 Y56.702 E1921.66238
G1 X112.1 Y56.502 E1921.66904
G1 X112 Y56.502 E1921.67236
G1 X112 Y207.5 E1926.69458
G1 F1500 E1920.19458
G0 F9000 X110.863 Y205.898
;TYPE:SUPPORT-INTERFACE
G1 F1500 E1926.69458
G1 X109.099 Y204.134 E1926.77755
G0 F9000 X109.1 Y203.158
G1 F1500 X110.899 Y201.359 E1926.86217
G1 X110.899 Y201.409
G1 X109.099 Y199.609 E1926.94683
G0 F9000 X109.1 Y198.632
G1 F1500 X110.899 Y196.833 E1927.03145
G1 X110.899 Y196.883
G1 X109.099 Y195.083 E1927.11612
G0 F9000 X109.1 Y194.107
G1 F1500 X110.899 Y192.308 E1927.20074
G1 X110.899 Y192.358
G1 X109.099 Y190.558 E1927.28541
G0 F9000 X109.1 Y189.581
G1 F1500 X110.899 Y187.782 E1927.37003
G1 X110.899 Y187.833
G1 X109.099 Y186.032 E1927.45472
G0 F9000 X109.1 Y185.056
G1 F1500 X110.899 Y183.257 E1927.53933
G1 X110.899 Y183.307
G1 X109.099 Y181.507 E1927.624
G0 F9000 X109.1 Y180.53
G1 F1500 X110.899 Y178.731 E1927.70862
G1 X110.899 Y178.782
G1 X109.099 Y176.981 E1927.79331
G0 F9000 X109.1 Y176.005
G1 F1500 X110.899 Y174.206 E1927.87793
G1 X110.899 Y174.256
G1 X109.099 Y172.456 E1927.9626
G0 F9000 X109.1 Y171.479
G1 F1500 X110.899 Y169.68 E1928.04722
G1 X110.899 Y169.731
G1 X109.099 Y167.93 E1928.13191
G0 F9000 X109.1 Y166.954
G1 F1500 X110.899 Y165.155 E1928.21653
G1 X110.899 Y165.205
G1 X109.099 Y163.405 E1928.30119
G0 F9000 X109.1 Y162.428
G1 F1500 X110.899 Y160.629 E1928.38581
G1 X110.899 Y160.68
G1 X109.099 Y158.879 E1928.4705
G0 F9000 X109.1 Y157.903
G1 F1500 X110.899 Y156.104 E1928.55512
G1 X110.899 Y156.154
G1 X109.098 Y154.353 E1928.63983
G0 F9000 X109.099 Y153.378
G1 F1500 X110.899 Y151.578 E1928.7245
G1 X110.899 Y151.629
G1 X109.098 Y149.828 E1928.80921
G0 F9000 X109.099 Y148.853
G1 F1500 X110.899 Y147.053 E1928.89388
G1 X110.899 Y147.103
G1 X109.098 Y145.302 E1928.97859
G0 F9000 X109.099 Y144.327
G1 F1500 X110.899 Y142.527 E1929.06326
G1 X110.899 Y142.578
G1 X109.098 Y140.777 E1929.14797
G0 F9000 X109.099 Y139.802
G1 F1500 X110.899 Y138.002 E1929.23264
G1 X110.899 Y138.052
G1 X109.098 Y136.251 E1929.31735
G0 F9000 X109.099 Y135.276
G1 F1500 X110.899 Y133.477 E1929.402
G1 X110.899 Y133.527
G1 X109.098 Y131.726 E1929.48671
G0 F9000 X109.099 Y130.751
G1 F1500 X110.899 Y128.951 E1929.57138
G1 X110.899 Y129.001
G1 X109.098 Y127.2 E1929.65609
G0 F9000 X109.099 Y126.225
G1 F1500 X110.899 Y124.426 E1929.74073
G1 X110.899 Y124.476
G1 X109.098 Y122.675 E1929.82545
G0 F9000 X109.099 Y121.7
G1 F1500 X110.899 Y119.9 E1929.91011
G1 X110.899 Y119.95
G1 X109.098 Y118.149 E1929.99483
G0 F9000 X109.099 Y117.174
G1 F1500 X110.899 Y115.375 E1930.07947
G1 X110.899 Y115.425
G1 X109.098 Y113.624 E1930.16418
G0 F9000 X109.099 Y112.649
G1 F1500 X110.899 Y110.849 E1930.24885
G1 X110.899 Y110.899
G1 X109.098 Y109.098 E1930.33356
G0 F9000 X109.099 Y108.123
G1 F1500 X110.899 Y106.324 E1930.41821
G1 X110.899 Y106.374
G1 X109.098 Y104.572 E1930.50294
G0 F9000 X109.098 Y103.598
G1 F1500 X110.899 Y101.798 E1930.58763
G1 X110.899 Y101.848
G1 X109.098 Y100.047 E1930.67235
G0 F9000 X109.098 Y99.073
G1 F1500 X110.899 Y97.273 E1930.75704
G1 X110.899 Y97.323
G1 X109.098 Y95.521 E1930.84177
G0 F9000 X109.098 Y94.547
G1 F1500 X110.899 Y92.747 E1930.92646
G1 X110.899 Y92.797
G1 X109.098 Y90.996 E1931.01118
G0 F9000 X109.098 Y90.022
G1 F1500 X110.899 Y88.222 E1931.09587
G1 X110.899 Y88.272
G1 X109.098 Y86.47 E1931.18061
G0 F9000 X109.098 Y85.496
G1 F1500 X110.899 Y83.696 E1931.2653
G1 X110.899 Y83.746
G1 X109.098 Y81.945 E1931.35001
G0 F9000 X109.098 Y80.971
G1 F1500 X110.899 Y79.171 E1931.4347
G1 X110.899 Y79.221
G1 X109.098 Y77.419 E1931.51944
G0 F9000 X109.098 Y76.446
G1 F1500 X110.899 Y74.645 E1931.60415
G1 X110.899 Y74.695
G1 X109.098 Y72.894 E1931.68886
G0 F9000 X109.098 Y71.92
G1 F1500 X110.899 Y70.12 E1931.77355
G1 X110.899 Y70.17
G1 X109.098 Y68.368 E1931.85829
G0 F9000 X109.098 Y67.395
G1 F1500 X110.899 Y65.594 E1931.943
G1 X110.899 Y65.644
G1 X109.098 Y63.843 E1932.02772
G0 F9000 X109.098 Y62.869
G1 F1500 X110.899 Y61.069 E1932.11241
G1 X110.899 Y61.119
G1 X109.098 Y59.317 E1932.19714
G0 F9000 X109.098 Y58.344
G1 F1500 X110.899 Y56.543 E1932.28186
G1 X110.899 Y56.593
G1 X109.625 Y55.319 E1932.34178
G0 F9000 X109.861 Y55.319
G1 F1500 X109.098 Y56.081 E1932.37765
G0 F9000 X109.098 Y57.055
G1 F1500 X110.899 Y58.856 E1932.46236
G1 X110.899 Y58.806
G1 X109.098 Y60.606 E1932.54705
G0 F9000 X109.098 Y61.58
G1 F1500 X110.899 Y63.382 E1932.63179
G1 X110.899 Y63.332
G1 X109.098 Y65.132 E1932.71648
G0 F9000 X109.098 Y66.105
G1 F1500 X110.899 Y67.907 E1932.80122
G1 X110.899 Y67.857
G1 X109.098 Y69.657 E1932.88591
G0 F9000 X109.098 Y70.631
G1 F1500 X110.899 Y72.433 E1932.97064
G1 X110.899 Y72.382
G1 X109.098 Y74.183 E1933.05536
G0 F9000 X109.098 Y75.156
G1 F1500 X110.899 Y76.958 E1933.14009
G1 X110.899 Y76.908
G1 X109.098 Y78.708 E1933.22478
G0 F9000 X109.098 Y79.682
G1 F1500 X110.899 Y81.484 E1933.30952
G1 X110.899 Y81.433
G1 X109.098 Y83.234 E1933.39423
G0 F9000 X109.098 Y84.207
G1 F1500 X110.899 Y86.009 E1933.47897
G1 X110.899 Y85.959
G1 X109.098 Y87.759 E1933.56366
G0 F9000 X109.098 Y88.733
G1 F1500 X110.899 Y90.535 E1933.6484
G1 X110.899 Y90.484
G1 X109.098 Y92.285 E1933.73311
G0 F9000 X109.098 Y93.258
G1 F1500 X110.899 Y95.06 E1933.81785
G1 X110.899 Y95.01
G1 X109.098 Y96.81 E1933.90254
G0 F9000 X109.098 Y97.784
G1 F1500 X110.899 Y99.586 E1933.98728
G1 X110.899 Y99.535
G1 X109.098 Y101.336 E1934.07199
G0 F9000 X109.098 Y102.309
G1 F1500 X110.899 Y104.111 E1934.15673
G1 X110.899 Y104.061
G1 X109.099 Y105.86 E1934.24137
G0 F9000 X109.098 Y106.836
G1 F1500 X110.899 Y108.637 E1934.32608
G1 X110.899 Y108.586
G1 X109.099 Y110.386 E1934.41075
G0 F9000 X109.098 Y111.361
G1 F1500 X110.899 Y113.162 E1934.49546
G1 X110.899 Y113.112
G1 X109.099 Y114.911 E1934.58011
G0 F9000 X109.098 Y115.887
G1 F1500 X110.899 Y117.688 E1934.66482
G1 X110.899 Y117.637
G1 X109.099 Y119.437 E1934.74949
G0 F9000 X109.098 Y120.412
G1 F1500 X110.899 Y122.213 E1934.8342
G1 X110.899 Y122.163
G1 X109.099 Y123.962 E1934.91884
G0 F9000 X109.098 Y124.937
G1 F1500 X110.899 Y126.738 E1935.00356
G1 X110.899 Y126.688
G1 X109.099 Y128.488 E1935.08822
G0 F9000 X109.098 Y129.463
G1 F1500 X110.899 Y131.264 E1935.17294
G1 X110.899 Y131.214
G1 X109.099 Y133.013 E1935.25758
G0 F9000 X109.098 Y133.988
G1 F1500 X110.899 Y135.789 E1935.34229
G1 X110.899 Y135.739
G1 X109.099 Y137.539 E1935.42696
G0 F9000 X109.098 Y138.514
G1 F1500 X110.899 Y140.315 E1935.51167
G1 X110.899 Y140.265
G1 X109.099 Y142.064 E1935.59632
G0 F9000 X109.098 Y143.039
G1 F1500 X110.899 Y144.84 E1935.68103
G1 X110.899 Y144.79
G1 X109.099 Y146.59 E1935.7657
G0 F9000 X109.098 Y147.565
G1 F1500 X110.899 Y149.366 E1935.85041
G1 X110.899 Y149.316
G1 X109.099 Y151.115 E1935.93505
G0 F9000 X109.098 Y152.09
G1 F1500 X110.899 Y153.891 E1936.01977
G1 X110.899 Y153.841
G1 X109.099 Y155.641 E1936.10443
G0 F9000 X109.099 Y156.617
G1 F1500 X110.899 Y158.417 E1936.1891
G1 X110.899 Y158.367
G1 X109.1 Y160.166 E1936.27372
G0 F9000 X109.099 Y161.142
G1 F1500 X110.899 Y162.942 E1936.35838
G1 X110.899 Y162.892
G1 X109.1 Y164.691 E1936.443
G0 F9000 X109.099 Y165.668
G1 F1500 X110.899 Y167.468 E1936.52767
G1 X110.899 Y167.418
G1 X109.1 Y169.217 E1936.61229
G0 F9000 X109.099 Y170.193
G1 F1500 X110.899 Y171.993 E1936.69696
G1 X110.899 Y171.943
G1 X109.1 Y173.742 E1936.78158
G0 F9000 X109.099 Y174.719
G1 F1500 X110.899 Y176.519 E1936.86624
G1 X110.899 Y176.469
G1 X109.1 Y178.267 E1936.95084
G0 F9000 X109.099 Y179.244
G1 F1500 X110.899 Y181.044 E1937.0355
G1 X110.899 Y180.994
G1 X109.1 Y182.793 E1937.12012
G0 F9000 X109.099 Y183.769
G1 F1500 X110.899 Y185.57 E1937.20481
G1 X110.899 Y185.52
G1 X109.1 Y187.318 E1937.28941
G0 F9000 X109.099 Y188.295
G1 F1500 X110.899 Y190.095 E1937.37408
G1 X110.899 Y190.045
G1 X109.1 Y191.844 E1937.4587
G0 F9000 X109.099 Y192.82
G1 F1500 X110.899 Y194.621 E1937.54339
G1 X110.899 Y194.571
G1 X109.1 Y196.369 E1937.62798
G0 F9000 X109.099 Y197.346
G1 F1500 X110.899 Y199.146 E1937.71265
G1 X110.899 Y199.096
G1 X109.1 Y200.895 E1937.79727
G0 F9000 X109.099 Y201.871
G1 F1500 X110.899 Y203.672 E1937.88196
G1 X110.899 Y203.622
G1 X109.1 Y205.42 E1937.96655
G1 F1500 E1931.46655
;MESH:Viga_Rectangular.stl
G0 F9000 X109.101 Y208.364
G0 X106.647 Y208.353
G0 X106.236 Y200.043
G0 X106.647 Y55.648
G0 X106.793 Y55.392
G0 X107.137 Y55.153
G0 X108.525 Y54.081
G0 X96.37 Y53.608
G0 X96.25 Y53.9
;TYPE:WALL-INNER
G1 F1500 E1937.96655
G1 X108.539 Y53.9 E1938.45703
G1 X108.722 Y53.919 E1938.46438
G1 X111.273 Y53.919 E1938.56619
G1 X111.457 Y53.901 E1938.57357
G1 X123.75 Y53.9 E1939.06421
G1 X124.4 Y53.25 E1939.1009
G1 X124.4 Y15.75 E1940.59761
G1 X123.75 Y15.1 E1940.6343
G1 X96.25 Y15.1 E1941.73188
G1 X95.6 Y15.75 E1941.76857
G1 X95.6 Y53.25 E1943.26528
G1 X96.25 Y53.9 E1943.30196
G1 F1500 E1936.80196
G0 F9000 X96.37 Y53.608
G0 X123.63 Y53.608
G0 X123.916 Y54.3
;TYPE:WALL-OUTER
G1 F1500 E1943.30196
G1 X124.8 Y53.416 E1943.34354
G1 X124.8 Y15.584 E1944.60184
G1 X123.916 Y14.7 E1944.64342
G1 X96.084 Y14.7 E1945.56912
G1 X95.2 Y15.584 E1945.6107
G1 X95.2 Y53.416 E1946.869
G1 X96.084 Y54.3 E1946.91058
G1 X108.528 Y54.301 E1947.32447
G1 X108.702 Y54.319 E1947.33028
G1 X111.293 Y54.319 E1947.41646
G1 X111.487 Y54.301 E1947.42294
G1 X123.916 Y54.3 E1947.83633
G0 F9000 X123.63 Y53.608
G0 X120.074 Y53.6
G0 X120.074 Y53.82
;TYPE:FILL
G1 F3000 X124.319 Y37.979 E1948.3818
G0 F9000 X124.1 Y37.979
G0 X124.1 Y36.6
G0 X124.318 Y36.6
G1 F3000 X95.68 Y44.273 E1949.3679
G0 F9000 X95.9 Y44.273
G0 X95.9 Y46.453
G0 X95.679 Y46.453
G1 F3000 X103.045 Y53.82 E1949.71439
G0 F9000 X103.045 Y53.6
G0 X101.439 Y53.6
G0 X101.439 Y53.82
G1 F3000 X111.793 Y15.179 E1951.04494
G0 F9000 X111.532 Y15.179
G1 F3000 X95.679 Y19.427 E1951.59081
G0 F9000 X95.9 Y19.427
G0 X95.9 Y20.997
G0 X95.679 Y20.997
G1 F3000 X124.319 Y49.637 E1952.93795
G0 F9000 X124.319 Y49.023
G1 F3000 X106.413 Y53.82 E1953.55451
G0 F9000 X106.413 Y53.6
G0 X107.651 Y53.6
G0 X107.651 Y53.821
G1 F3000 X118.004 Y15.18 E1954.88504
G0 F9000 X118.004 Y15.4
G0 X115.317 Y15.4
G0 X115.317 Y15.18
G1 F3000 X124.319 Y24.181 E1955.30844
G1 X124.318 Y24.176
G1 X95.679 Y31.85 E1956.29458
G0 F9000 X95.9 Y31.85
G0 X95.9 Y29.482
G0 X95.679 Y29.482
G1 F3000 X120.016 Y53.82 E1957.43935
G0 F9000 X120.016 Y53.6
G0 X113.862 Y53.6
G0 X113.862 Y53.821
G1 F3000 X124.11 Y15.574 E1958.75632
G0 F9000 X123.956 Y15.728
G0 X124.1 Y17.965
G0 X124.318 Y17.965
G1 F3000 X95.68 Y25.638 E1959.74242
G0 F9000 X95.9 Y25.638
G0 X95.9 Y28.953
G0 X95.679 Y28.953
G1 F3000 X99.37 Y15.18 E1960.21668
G0 F9000 X99.37 Y15.4
G0 X98.347 Y15.4
G0 X98.347 Y15.18
G1 F3000 X124.319 Y41.152 E1961.43832
G0 F9000 X124.1 Y41.152
G0 X124.1 Y42.811
G0 X124.318 Y42.811
G1 F3000 X95.679 Y50.485 E1962.42446
G0 F9000 X95.9 Y50.485
G0 X95.9 Y52.134
G0 X95.679 Y52.134
G1 F3000 X105.581 Y15.179 E1963.69695
G0 F9000 X105.581 Y15.4
G0 X106.832 Y15.4
G0 X106.832 Y15.18
G1 F3000 X124.319 Y32.666 E1964.51946
G0 F9000 X124.1 Y32.666
G0 X124.1 Y30.388
G0 X124.319 Y30.388
G1 F3000 X95.68 Y38.062 E1965.5056
G1 X95.679 Y37.968
G1 X111.531 Y53.82 E1966.25123
G0 F9000 X111.531 Y53.3
G1 F1500 E1959.75123
;MESH:NONMESH
G0 F300 X111.531 Y53.3 Z7
G0 F9000 X108.901 Y54.1
G0 X108.899 Y56
;TIME_ELAPSED:2528.815314
;LAYER:34
;TYPE:SUPPORT
G1 F1500 E1966.25123
G1 X107.99 Y56 E1966.28146
G1 X107.99 Y55.9 E1966.28479
G1 X108.19 Y55.9 E1966.29144
G1 X108.19 Y55.7 E1966.29809
G1 X108.39 Y55.7 E1966.30474
G1 X108.39 Y55.471 E1966.31236
G1 X108.743 Y55.585 E1966.3247
G1 X108.898 Y55.585 E1966.32985
G1 X108.899 Y60 E1966.4767
G1 X107.5 Y60 E1966.52323
G1 X107.5 Y64 E1966.65627
G1 X108.899 Y64 E1966.7028
G1 X108.899 Y68 E1966.83584
G1 X107.5 Y68 E1966.88237
G1 X107.5 Y72 E1967.01541
G1 X108.899 Y72 E1967.06194
G1 X108.899 Y76 E1967.19498
G1 X107.5 Y76 E1967.24151
G1 X107.5 Y80 E1967.37455
G1 X108.899 Y80 E1967.42108
G1 X108.899 Y84 E1967.55413
G1 X107.5 Y84 E1967.60066
G1 X107.5 Y88 E1967.7337
G1 X108.899 Y88 E1967.78023
G1 X108.899 Y92 E1967.91327
G1 X107.5 Y92 E1967.9598
G1 X107.5 Y96 E1968.09284
G1 X108.899 Y96 E1968.13937
G1 X108.899 Y100 E1968.27241
G1 X107.5 Y100 E1968.31894
G1 X107.5 Y104 E1968.45198
G1 X108.899 Y104 E1968.49851
G1 X108.899 Y108 E1968.63155
G1 X107.5 Y108 E1968.67808
G1 X107.5 Y112 E1968.81113
G1 X108.899 Y112 E1968.85766
G1 X108.899 Y116 E1968.9907
G1 X107.5 Y116 E1969.03723
G1 X107.499 Y120 E1969.17027
G1 X108.898 Y120 E1969.2168
G1 X108.898 Y124 E1969.34984
G1 X107.499 Y124 E1969.39637
G1 X107.499 Y128 E1969.52941
G1 X108.898 Y128 E1969.57594
G1 X108.899 Y132 E1969.70898
G1 X107.499 Y132 E1969.75555
G1 X107.499 Y136 E1969.88859
G1 X108.899 Y136 E1969.93515
G1 X108.899 Y140 E1970.06819
G1 X107.499 Y140 E1970.11476
G1 X107.499 Y144 E1970.2478
G1 X108.899 Y144 E1970.29436
G1 X108.899 Y148 E1970.4274
G1 X107.499 Y148 E1970.47397
G1 X107.499 Y152 E1970.60701
G1 X108.899 Y152 E1970.65357
G1 X108.899 Y156 E1970.78661
G1 X107.499 Y156 E1970.83318
G1 X107.499 Y160 E1970.96622
G1 X108.899 Y160 E1971.01278
G1 X108.899 Y164 E1971.14582
G1 X107.499 Y164 E1971.19238
G1 X107.499 Y168 E1971.32543
G1 X108.899 Y168 E1971.37199
G1 X108.899 Y172 E1971.50503
G1 X107.499 Y172 E1971.55159
G1 X107.499 Y176 E1971.68463
G1 X108.899 Y176 E1971.7312
G1 X108.899 Y180 E1971.86424
G1 X107.499 Y180 E1971.9108
G1 X107.499 Y184 E1972.04384
G1 X108.899 Y184 E1972.09041
G1 X108.899 Y188 E1972.22345
G1 X107.499 Y188 E1972.27001
G1 X107.499 Y192 E1972.40305
G1 X108.899 Y192 E1972.44962
G1 X108.899 Y196 E1972.58266
G1 X107.099 Y196 E1972.64253
G1 X107.099 Y199.874 E1972.77138
G1 X107.152 Y200 E1972.77592
G1 X108.899 Y200 E1972.83403
G1 X108.899 Y206.1 E1973.03692
G1 X111.099 Y206.1 E1973.11009
G1 X111.099 Y204 E1973.17993
G1 X112.499 Y204 E1973.2265
G1 X112.499 Y201.123 E1973.32219
G1 X112.567 Y200.683 E1973.337
G1 X112.721 Y200.246 E1973.35241
G1 X112.87 Y200 E1973.36197
G1 X111.099 Y200 E1973.42088
G1 X111.099 Y196 E1973.55392
G1 X112.899 Y196 E1973.61378
G1 X112.899 Y195.319 E1973.63643
G1 X112.76 Y194.99 E1973.64831
G1 X112.642 Y194.754 E1973.65709
G1 X112.565 Y194.446 E1973.66765
G1 X112.499 Y194.105 E1973.6792
G1 X112.499 Y192 E1973.74921
G1 X111.099 Y192 E1973.79578
G1 X111.099 Y188 E1973.92882
G1 X112.499 Y188 E1973.97538
G1 X112.499 Y184 E1974.10842
G1 X111.099 Y184 E1974.15499
G1 X111.099 Y180 E1974.28803
G1 X112.499 Y180 E1974.33459
G1 X112.499 Y176 E1974.46763
G1 X111.099 Y176 E1974.5142
G1 X111.099 Y172 E1974.64724
G1 X112.499 Y172 E1974.6938
G1 X112.499 Y168 E1974.82684
G1 X111.099 Y168 E1974.87341
G1 X111.099 Y164 E1975.00645
G1 X112.499 Y164 E1975.05301
G1 X112.499 Y160 E1975.18605
G1 X111.099 Y160 E1975.23262
G1 X111.099 Y156 E1975.36566
G1 X112.499 Y156 E1975.41222
G1 X112.499 Y152 E1975.54526
G1 X111.099 Y152 E1975.59183
G1 X111.099 Y148 E1975.72487
G1 X112.499 Y148 E1975.77143
G1 X112.499 Y144 E1975.90447
G1 X111.099 Y144 E1975.95103
G1 X111.099 Y140 E1976.08408
G1 X112.499 Y140 E1976.13064
G1 X112.499 Y136 E1976.26368
G1 X111.099 Y136 E1976.31024
G1 X111.099 Y132 E1976.44328
G1 X112.499 Y132 E1976.48985
G1 X112.499 Y128 E1976.62289
G1 X111.099 Y128 E1976.66945
G1 X111.099 Y124 E1976.80249
G1 X112.499 Y124 E1976.84906
G1 X112.499 Y120 E1976.9821
G1 X111.099 Y120 E1977.02866
G1 X111.1 Y116 E1977.1617
G1 X112.5 Y116 E1977.20827
G1 X112.5 Y112 E1977.34131
G1 X111.1 Y112 E1977.38787
G1 X111.1 Y108 E1977.52091
G1 X112.5 Y108 E1977.56748
G1 X112.5 Y104 E1977.70052
G1 X111.1 Y104 E1977.74708
G1 X111.1 Y100 E1977.88012
G1 X112.5 Y100 E1977.92669
G1 X112.5 Y96 E1978.05973
G1 X111.1 Y96 E1978.10629
G1 X111.1 Y92 E1978.23933
G1 X112.5 Y92 E1978.2859
G1 X112.5 Y88 E1978.41894
G1 X111.1 Y88 E1978.4655
G1 X111.1 Y84 E1978.59854
G1 X112.5 Y84 E1978.64511
G1 X112.5 Y80 E1978.77815
G1 X111.1 Y80 E1978.82471
G1 X111.1 Y76 E1978.95775
G1 X112.5 Y76 E1979.00432
G1 X112.5 Y72 E1979.13736
G1 X111.1 Y72 E1979.18392
G1 X111.1 Y68 E1979.31696
G1 X112.5 Y68 E1979.36352
G1 X112.5 Y64 E1979.49657
G1 X111.1 Y64 E1979.54313
G1 X111.1 Y60 E1979.67617
G1 X112.5 Y60 E1979.72273
G1 X112.5 Y56.901 E1979.82581
G1 X112.3 Y56.901 E1979.83246
G1 X112.3 Y56.701 E1979.83911
G1 X112.1 Y56.701 E1979.84576
G1 X112.1 Y56.501 E1979.85242
G1 X111.9 Y56.501 E1979.85907
G1 X111.9 Y56.301 E1979.86572
G1 X111.7 Y56.301 E1979.87237
G1 X111.7 Y56.101 E1979.87902
G1 X111.569 Y56.101 E1979.88338
G1 X111.533 Y55.901 E1979.89014
G1 X111.461 Y55.901 E1979.89253
G1 X111.336 Y55.584 E1979.90387
G1 X111.1 Y55.584 E1979.91172
G1 X111.1 Y56 E1979.92555
G1 X111.551 Y56 E1979.94055
G1 F1500 E1973.44055
G0 F9000 X112.284 Y55.247
G0 X112.553 Y55.249
G0 X113.353 Y56.049
G0 X113.764 Y199.998
G0 X113.365 Y204
G0 X112.499 Y204
G1 F1500 E1979.94055
G1 X112.499 Y207.499 E1980.05693
G1 X107.499 Y207.5 E1980.22323
G1 X107.499 Y204 E1980.33964
G1 X108.899 Y204 E1980.38621
G0 F9000 X109.099 Y204.134
;TYPE:SUPPORT-INTERFACE
G1 F1500 X110.863 Y205.898 E1980.46918
G1 F1500 E1973.96918
G0 F9000 X109.1 Y205.42
G1 F1500 E1980.46918
G1 X110.899 Y203.621 E1980.5538
G1 X110.899 Y203.672
G1 X109.099 Y201.871 E1980.63849
G0 F9000 X109.1 Y200.895
G1 F1500 X110.899 Y199.095 E1980.72313
G1 X110.899 Y199.146
G1 X109.099 Y197.346 E1980.8078
G0 F9000 X109.1 Y196.369
G1 F1500 X110.899 Y194.57 E1980.89242
G1 X110.899 Y194.621
G1 X109.099 Y192.82 E1980.97711
G0 F9000 X109.1 Y191.844
G1 F1500 X110.899 Y190.044 E1981.06175
G1 X110.899 Y190.095
G1 X109.099 Y188.295 E1981.14642
G0 F9000 X109.1 Y187.318
G1 F1500 X110.899 Y185.519 E1981.23104
G1 X110.899 Y185.57
G1 X109.099 Y183.769 E1981.31573
G0 F9000 X109.1 Y182.793
G1 F1500 X110.899 Y180.993 E1981.40037
G1 X110.899 Y181.044
G1 X109.099 Y179.244 E1981.48504
G0 F9000 X109.1 Y178.267
G1 F1500 X110.899 Y176.468 E1981.56966
G1 X110.899 Y176.519
G1 X109.099 Y174.719 E1981.65432
G0 F9000 X109.1 Y173.742
G1 F1500 X110.899 Y171.942 E1981.73896
G1 X110.899 Y171.993
G1 X109.099 Y170.193 E1981.82363
G0 F9000 X109.1 Y169.217
G1 F1500 X110.899 Y167.417 E1981.90827
G1 X110.899 Y167.468
G1 X109.098 Y165.667 E1981.99299
G0 F9000 X109.099 Y164.692
G1 F1500 X110.899 Y162.891 E1982.07768
G1 X110.899 Y162.942
G1 X109.098 Y161.141 E1982.16239
G0 F9000 X109.099 Y160.166
G1 F1500 X110.899 Y158.366 E1982.24706
G1 X110.899 Y158.417
G1 X109.098 Y156.616 E1982.33177
G0 F9000 X109.099 Y155.641
G1 F1500 X110.899 Y153.84 E1982.41646
G1 X110.899 Y153.891
G1 X109.098 Y152.09 E1982.50117
G0 F9000 X109.099 Y151.115
G1 F1500 X110.899 Y149.315 E1982.58584
G1 X110.899 Y149.366
G1 X109.098 Y147.565 E1982.67055
G0 F9000 X109.099 Y146.59
G1 F1500 X110.899 Y144.79 E1982.75522
G1 X110.899 Y144.84
G1 X109.098 Y143.039 E1982.83993
G0 F9000 X109.099 Y142.064
G1 F1500 X110.899 Y140.264 E1982.9246
G1 X110.899 Y140.315
G1 X109.098 Y138.514 E1983.00931
G0 F9000 X109.099 Y137.539
G1 F1500 X110.899 Y135.739 E1983.09398
G1 X110.899 Y135.789
G1 X109.098 Y133.988 E1983.17869
G0 F9000 X109.099 Y133.013
G1 F1500 X110.899 Y131.213 E1983.26336
G1 X110.899 Y131.264
G1 X109.098 Y129.462 E1983.3481
G0 F9000 X109.098 Y128.489
G1 F1500 X110.899 Y126.688 E1983.43281
G1 X110.899 Y126.738
G1 X109.098 Y124.937 E1983.51753
G0 F9000 X109.098 Y123.963
G1 F1500 X110.899 Y122.162 E1983.60224
G1 X110.899 Y122.213
G1 X109.098 Y120.411 E1983.68698
G0 F9000 X109.098 Y119.438
G1 F1500 X110.899 Y117.637 E1983.77169
G1 X110.899 Y117.688
G1 X109.098 Y115.886 E1983.85643
G0 F9000 X109.098 Y114.912
G1 F1500 X110.899 Y113.111 E1983.94114
G1 X110.899 Y113.162
G1 X109.098 Y111.36 E1984.02588
G0 F9000 X109.098 Y110.387
G1 F1500 X110.899 Y108.586 E1984.11059
G1 X110.899 Y108.637
G1 X109.098 Y106.835 E1984.19533
G0 F9000 X109.098 Y105.861
G1 F1500 X110.899 Y104.06 E1984.28004
G1 X110.899 Y104.111
G1 X109.098 Y102.309 E1984.36478
G0 F9000 X109.098 Y101.336
G1 F1500 X110.899 Y99.535 E1984.44949
G1 X110.899 Y99.586
G1 X109.098 Y97.784 E1984.53423
G0 F9000 X109.098 Y96.81
G1 F1500 X110.899 Y95.009 E1984.61894
G1 X110.899 Y95.06
G1 X109.098 Y93.258 E1984.70368
G0 F9000 X109.098 Y92.285
G1 F1500 X110.899 Y90.484 E1984.78839
G1 X110.899 Y90.535
G1 X109.097 Y88.732 E1984.87318
G0 F9000 X109.098 Y87.76
G1 F1500 X110.899 Y85.958 E1984.95791
G1 X110.899 Y86.009
G1 X109.097 Y84.207 E1985.04267
G0 F9000 X109.098 Y83.234
G1 F1500 X110.899 Y81.433 E1985.12739
G1 X110.899 Y81.484
G1 X109.097 Y79.681 E1985.21217
G0 F9000 X109.098 Y78.709
G1 F1500 X110.899 Y76.907 E1985.29691
G1 X110.899 Y76.958
G1 X109.097 Y75.156 E1985.38167
G0 F9000 X109.098 Y74.183
G1 F1500 X110.899 Y72.382 E1985.46638
G1 X110.899 Y72.433
G1 X109.097 Y70.63 E1985.55117
G0 F9000 X109.098 Y69.658
G1 F1500 X110.899 Y67.856 E1985.6359
G1 X110.899 Y67.907
G1 X109.097 Y66.105 E1985.72067
G0 F9000 X109.098 Y65.133
G1 F1500 X110.899 Y63.331 E1985.8054
G1 X110.899 Y63.382
G1 X109.097 Y61.579 E1985.89019
G0 F9000 X109.098 Y60.607
G1 F1500 X110.899 Y58.805 E1985.97492
G1 X110.899 Y58.856
G1 X109.097 Y57.054 E1986.05968
G0 F9000 X109.098 Y56.082
G1 F1500 X109.795 Y55.384 E1986.09249
G1 X109.691 Y55.385
G1 X110.899 Y56.593 E1986.14931
G1 X110.899 Y56.543
G1 X109.098 Y58.344 E1986.23403
G0 F9000 X109.097 Y59.317
G1 F1500 X110.899 Y61.119 E1986.31879
G1 X110.899 Y61.068
G1 X109.098 Y62.87 E1986.40352
G0 F9000 X109.097 Y63.842
G1 F1500 X110.899 Y65.644 E1986.48828
G1 X110.899 Y65.594
G1 X109.098 Y67.395 E1986.573
G0 F9000 X109.097 Y68.368
G1 F1500 X110.899 Y70.17 E1986.65776
G1 X110.899 Y70.119
G1 X109.098 Y71.921 E1986.7425
G0 F9000 X109.097 Y72.893
G1 F1500 X110.899 Y74.695 E1986.82726
G1 X110.899 Y74.645
G1 X109.098 Y76.446 E1986.91197
G0 F9000 X109.097 Y77.419
G1 F1500 X110.899 Y79.221 E1986.99673
G1 X110.899 Y79.17
G1 X109.098 Y80.972 E1987.08147
G0 F9000 X109.097 Y81.944
G1 F1500 X110.899 Y83.746 E1987.16623
G1 X110.899 Y83.695
G1 X109.098 Y85.497 E1987.25096
G0 F9000 X109.097 Y86.469
G1 F1500 X110.899 Y88.272 E1987.33575
G1 X110.899 Y88.221
G1 X109.098 Y90.023 E1987.42049
G0 F9000 X109.097 Y90.995
G1 F1500 X110.899 Y92.797 E1987.50525
G1 X110.899 Y92.746
G1 X109.098 Y94.547 E1987.58996
G0 F9000 X109.098 Y95.521
G1 F1500 X110.899 Y97.323 E1987.6747
G1 X110.899 Y97.272
G1 X109.098 Y99.073 E1987.75941
G0 F9000 X109.098 Y100.047
G1 F1500 X110.899 Y101.848 E1987.84412
G1 X110.899 Y101.797
G1 X109.098 Y103.598 E1987.92884
G0 F9000 X109.098 Y104.572
G1 F1500 X110.899 Y106.374 E1988.01357
G1 X110.899 Y106.323
G1 X109.098 Y108.124 E1988.09829
G0 F9000 X109.098 Y109.098
G1 F1500 X110.899 Y110.899 E1988.183
G1 X110.899 Y110.848
G1 X109.098 Y112.649 E1988.26772
G0 F9000 X109.098 Y113.623
G1 F1500 X110.899 Y115.425 E1988.35245
G1 X110.899 Y115.374
G1 X109.098 Y117.175 E1988.43717
G0 F9000 X109.098 Y118.149
G1 F1500 X110.899 Y119.95 E1988.52188
G1 X110.899 Y119.899
G1 X109.098 Y121.7 E1988.60659
G0 F9000 X109.098 Y122.674
G1 F1500 X110.899 Y124.476 E1988.69133
G1 X110.899 Y124.425
G1 X109.098 Y126.226 E1988.77604
G0 F9000 X109.098 Y127.2
G1 F1500 X110.899 Y129.001 E1988.86076
G1 X110.899 Y128.95
G1 X109.099 Y130.751 E1988.94545
G0 F9000 X109.098 Y131.726
G1 F1500 X110.899 Y133.527 E1989.03016
G1 X110.899 Y133.476
G1 X109.099 Y135.276 E1989.11483
G0 F9000 X109.098 Y136.251
G1 F1500 X110.899 Y138.052 E1989.19954
G1 X110.899 Y138.001
G1 X109.099 Y139.802 E1989.28423
G0 F9000 X109.098 Y140.777
G1 F1500 X110.899 Y142.578 E1989.36894
G1 X110.899 Y142.527
G1 X109.099 Y144.327 E1989.45361
G0 F9000 X109.098 Y145.302
G1 F1500 X110.899 Y147.103 E1989.53832
G1 X110.899 Y147.052
G1 X109.099 Y148.853 E1989.62301
G0 F9000 X109.098 Y149.828
G1 F1500 X110.899 Y151.629 E1989.70773
G1 X110.899 Y151.578
G1 X109.099 Y153.378 E1989.79239
G0 F9000 X109.098 Y154.353
G1 F1500 X110.899 Y156.154 E1989.87711
G1 X110.899 Y156.103
G1 X109.099 Y157.904 E1989.9618
G0 F9000 X109.098 Y158.879
G1 F1500 X110.899 Y160.68 E1990.04651
G1 X110.899 Y160.629
G1 X109.099 Y162.429 E1990.13118
G0 F9000 X109.098 Y163.404
G1 F1500 X110.899 Y165.205 E1990.21589
G1 X110.899 Y165.154
G1 X109.099 Y166.954 E1990.30056
G0 F9000 X109.098 Y167.93
G1 F1500 X110.899 Y169.731 E1990.38527
G1 X110.899 Y169.68
G1 X109.1 Y171.479 E1990.46989
G0 F9000 X109.099 Y172.456
G1 F1500 X110.899 Y174.256 E1990.55456
G1 X110.899 Y174.205
G1 X109.1 Y176.005 E1990.6392
G0 F9000 X109.099 Y176.981
G1 F1500 X110.899 Y178.782 E1990.72389
G1 X110.899 Y178.731
G1 X109.1 Y180.53 E1990.80851
G0 F9000 X109.099 Y181.507
G1 F1500 X110.899 Y183.307 E1990.89318
G1 X110.899 Y183.256
G1 X109.1 Y185.056 E1990.97782
G0 F9000 X109.099 Y186.032
G1 F1500 X110.899 Y187.833 E1991.06251
G1 X110.899 Y187.782
G1 X109.1 Y189.581 E1991.14713
G0 F9000 X109.099 Y190.558
G1 F1500 X110.899 Y192.358 E1991.23179
G1 X110.899 Y192.307
G1 X109.1 Y194.107 E1991.31644
G0 F9000 X109.099 Y195.083
G1 F1500 X110.899 Y196.883 E1991.4011
G1 X110.899 Y196.833
G1 X109.1 Y198.632 E1991.48572
G0 F9000 X109.099 Y199.609
G1 F1500 X110.899 Y201.409 E1991.57039
G1 X110.899 Y201.358
G1 X109.1 Y203.158 E1991.65503
G1 F1500 E1985.15503
;MESH:Viga_Rectangular.stl
G0 F9000 X106.635 Y203.158
G0 X106.647 Y208.353
G0 X113.353 Y208.352
G0 X113.764 Y199.998
G0 X113.353 Y56.049
G0 X112.553 Y55.249
G0 X112.262 Y55.152
G0 X111.29 Y54.083
G0 X123.63 Y53.608
G0 X123.75 Y53.9
;TYPE:WALL-INNER
G1 F1500 E1991.65503
G1 X124.4 Y53.25 E1991.69172
G1 X124.4 Y15.75 E1993.18843
G1 X123.75 Y15.1 E1993.22512
G1 X96.25 Y15.1 E1994.3227
G1 X95.6 Y15.75 E1994.35939
G1 X95.6 Y53.25 E1995.8561
G1 X96.25 Y53.9 E1995.89278
G1 X108.713 Y53.905 E1996.39021
G1 X108.996 Y53.986 E1996.40196
G1 X111.005 Y53.985 E1996.48214
G1 X111.302 Y53.904 E1996.49443
G1 X123.75 Y53.9 E1996.99126
G1 F1500 E1990.49126
G0 F9000 X123.63 Y53.608
G0 X108.664 Y53.601
G0 X108.663 Y54.302
;TYPE:WALL-OUTER
G1 F1500 E1996.99126
G1 X108.933 Y54.386 E1997.00066
G1 X111.068 Y54.385 E1997.07167
G1 X111.338 Y54.302 E1997.08107
G1 X123.916 Y54.3 E1997.49941
G1 X124.8 Y53.416 E1997.54099
G1 X124.8 Y15.584 E1998.79929
G1 X123.916 Y14.7 E1998.84087
G1 X96.084 Y14.7 E1999.76657
G1 X95.2 Y15.584 E1999.80815
G1 X95.2 Y53.416 E2001.06644
G1 X96.084 Y54.3 E2001.10803
G1 X108.663 Y54.302 E2001.5264
G0 F9000 X108.664 Y53.601
G0 X107.504 Y53.601
G0 X107.503 Y53.826
;TYPE:FILL
G1 F3000 X117.859 Y15.179 E2002.85716
G0 F9000 X117.859 Y15.4
G0 X115.517 Y15.4
G0 X115.517 Y15.18
G1 F3000 X124.319 Y23.982 E2003.27118
G0 F9000 X124.318 Y24.322
G1 F3000 X95.679 Y31.996 E2004.25732
G0 F9000 X95.9 Y31.996
G0 X95.9 Y29.283
G0 X95.679 Y29.283
G1 F3000 X120.216 Y53.82 E2005.41146
G0 F9000 X119.928 Y53.82
G1 F3000 X124.319 Y37.434 E2005.97569
G0 F9000 X124.318 Y36.746
G1 F3000 X95.679 Y44.419 E2006.96182
G0 F9000 X95.9 Y44.419
G0 X95.9 Y46.253
G0 X95.679 Y46.253
G1 F3000 X103.248 Y53.823 E2007.31787
G0 F9000 X103.249 Y53.601
G0 X101.294 Y53.601
G0 X101.293 Y53.822
G1 F3000 X111.647 Y15.179 E2008.64848
G0 F9000 X112.076 Y15.179
G1 F3000 X95.68 Y19.573 E2009.21305
G0 F9000 X95.9 Y19.573
G0 X95.9 Y20.798
G0 X95.679 Y20.798
G1 F3000 X124.319 Y49.438 E2010.56019
G0 F9000 X124.319 Y49.169
G1 F3000 X106.941 Y53.825 E2011.15857
G0 F9000 X106.942 Y53.601
G0 X111.734 Y53.601
G0 X111.734 Y53.824
G1 F3000 X95.679 Y37.768 E2011.91377
G0 F9000 X95.68 Y38.208
G1 F3000 X124.318 Y30.534 E2012.89988
G0 F9000 X124.1 Y30.534
G0 X124.1 Y32.467
G0 X124.319 Y32.467
G1 F3000 X107.031 Y15.18 E2013.71303
G0 F9000 X107.031 Y15.4
G0 X105.435 Y15.4
G0 X105.435 Y15.18
G1 F3000 X95.68 Y51.588 E2014.96668
G0 F9000 X95.68 Y50.631
G1 F3000 X124.319 Y42.957 E2015.95282
G0 F9000 X124.1 Y42.957
G0 X124.1 Y40.952
G0 X124.319 Y40.952
G1 F3000 X98.546 Y15.18 E2017.16508
G0 F9000 X99.224 Y15.179
G1 F3000 X95.679 Y28.408 E2017.6206
G0 F9000 X95.9 Y28.408
G0 X95.9 Y25.784
G0 X95.679 Y25.784
G1 F3000 X124.318 Y18.111 E2018.60674
G0 F9000 X124.1 Y18.111
G0 X123.841 Y15.613
G0 X123.995 Y15.46
G1 F3000 X113.716 Y53.823 E2019.9277
G0 F9000 X113.716 Y53.301
G1 F1500 E2013.4277
;MESH:NONMESH
G0 F300 X113.716 Y53.301 Z7.2
G0 F9000 X111.29 Y54.083
G0 X112.262 Y55.152
G0 X112.553 Y55.249
G0 X113.353 Y56.049
G0 X113.764 Y199.998
G0 X113.353 Y208.352
G0 X108.001 Y208.364
G0 X108 Y207.5
;TIME_ELAPSED:2607.494606
;LAYER:35
;TYPE:SUPPORT
G1 F1500 E2019.9277
G1 X108 Y56.101 E2024.96325
G1 X107.79 Y56.101 E2024.97024
G1 X107.79 Y56.301 E2024.97689
G1 X107.59 Y56.301 E2024.98354
G1 X107.59 Y56.501 E2024.99019
G1 X107.5 Y56.501 E2024.99319
G1 X107.5 Y194.076 E2029.56895
G1 X107.476 Y194.33 E2029.57744
G1 X107.371 Y194.746 E2029.59171
G1 X107.197 Y195.14 E2029.60603
G1 X107.131 Y195.195 E2029.60889
G1 X107.1 Y195.309 E2029.61282
G1 X107.1 Y199.873 E2029.76462
G1 X107.226 Y200.091 E2029.77299
G1 X107.328 Y200.383 E2029.78328
G1 X107.356 Y200.438 E2029.78533
G1 X107.457 Y200.748 E2029.79618
G1 X107.5 Y201.177 E2029.81052
G1 X107.5 Y207.5 E2030.02082
G1 X112.5 Y207.499 E2030.18712
G1 X112.5 Y201.123 E2030.39919
G1 X112.523 Y200.873 E2030.40754
G1 X112.628 Y200.448 E2030.4221
G1 X112.9 Y199.882 E2030.44299
G1 X112.9 Y195.321 E2030.59469
G1 X112.775 Y195.104 E2030.60301
G1 X112.672 Y194.81 E2030.61338
G1 X112.644 Y194.755 E2030.61543
G1 X112.543 Y194.445 E2030.62627
G1 X112.5 Y194.016 E2030.64061
G1 X112.5 Y56.902 E2035.20104
G1 X112.3 Y56.902 E2035.20769
G1 X112.3 Y56.702 E2035.21435
G1 X112.1 Y56.702 E2035.221
G1 X112.1 Y56.502 E2035.22765
G1 X112 Y56.502 E2035.23098
G1 X112 Y207.5 E2040.25319
G1 F1500 E2033.75319
G0 F9000 X110.863 Y205.898
;TYPE:SUPPORT-INTERFACE
G1 F1500 E2040.25319
G1 X109.099 Y204.134 E2040.33616
G0 F9000 X109.1 Y203.158
G1 F1500 X110.899 Y201.358 E2040.42081
G1 X110.899 Y201.409
G1 X109.099 Y199.609 E2040.50547
G0 F9000 X109.1 Y198.632
G1 F1500 X110.899 Y196.833 E2040.59009
G1 X110.899 Y196.883
G1 X109.099 Y195.083 E2040.67476
G0 F9000 X109.1 Y194.107
G1 F1500 X110.899 Y192.307 E2040.7594
G1 X110.899 Y192.358
G1 X109.099 Y190.558 E2040.84407
G0 F9000 X109.1 Y189.581
G1 F1500 X110.899 Y187.782 E2040.92869
G1 X110.899 Y187.833
G1 X109.099 Y186.032 E2041.01338
G0 F9000 X109.1 Y185.056
G1 F1500 X110.899 Y183.256 E2041.09802
G1 X110.899 Y183.307
G1 X109.099 Y181.507 E2041.18269
G0 F9000 X109.1 Y180.53
G1 F1500 X110.899 Y178.731 E2041.26731
G1 X110.899 Y178.782
G1 X109.099 Y176.981 E2041.352
G0 F9000 X109.1 Y176.005
G1 F1500 X110.899 Y174.205 E2041.43664
G1 X110.899 Y174.256
G1 X109.099 Y172.456 E2041.52131
G0 F9000 X109.1 Y171.479
G1 F1500 X110.899 Y169.68 E2041.60593
G1 X110.899 Y169.731
G1 X109.098 Y167.93 E2041.69064
G0 F9000 X109.099 Y166.954
G1 F1500 X110.899 Y165.154 E2041.77531
G1 X110.899 Y165.205
G1 X109.098 Y163.404 E2041.86002
G0 F9000 X109.099 Y162.429
G1 F1500 X110.899 Y160.629 E2041.94469
G1 X110.899 Y160.68
G1 X109.098 Y158.879 E2042.0294
G0 F9000 X109.099 Y157.904
G1 F1500 X110.899 Y156.103 E2042.11409
G1 X110.899 Y156.154
G1 X109.098 Y154.353 E2042.1988
G0 F9000 X109.099 Y153.378
G1 F1500 X110.899 Y151.578 E2042.28347
G1 X110.899 Y151.629
G1 X109.098 Y149.828 E2042.36818
G0 F9000 X109.099 Y148.853
G1 F1500 X110.899 Y147.052 E2042.45287
G1 X110.899 Y147.103
G1 X109.098 Y145.302 E2042.53759
G0 F9000 X109.099 Y144.327
G1 F1500 X110.899 Y142.527 E2042.62225
G1 X110.899 Y142.578
G1 X109.098 Y140.777 E2042.70697
G0 F9000 X109.099 Y139.802
G1 F1500 X110.899 Y138.001 E2042.79166
G1 X110.899 Y138.052
G1 X109.098 Y136.251 E2042.87637
G0 F9000 X109.099 Y135.276
G1 F1500 X110.899 Y133.476 E2042.96104
G1 X110.899 Y133.527
G1 X109.098 Y131.726 E2043.04575
G0 F9000 X109.099 Y130.751
G1 F1500 X110.899 Y128.95 E2043.13044
G1 X110.899 Y129.001
G1 X109.098 Y127.2 E2043.21515
G0 F9000 X109.098 Y126.226
G1 F1500 X110.899 Y124.425 E2043.29987
G1 X110.899 Y124.476
G1 X109.098 Y122.674 E2043.3846
G0 F9000 X109.098 Y121.7
G1 F1500 X110.899 Y119.899 E2043.46932
G1 X110.899 Y119.95
G1 X109.098 Y118.149 E2043.55403
G0 F9000 X109.098 Y117.175
G1 F1500 X110.899 Y115.374 E2043.63874
G1 X110.899 Y115.425
G1 X109.098 Y113.623 E2043.72348
G0 F9000 X109.098 Y112.649
G1 F1500 X110.899 Y110.848 E2043.8082
G1 X110.899 Y110.899
G1 X109.098 Y109.098 E2043.89291
G0 F9000 X109.098 Y108.124
G1 F1500 X110.899 Y106.323 E2043.97762
G1 X110.899 Y106.374
G1 X109.098 Y104.572 E2044.06236
G0 F9000 X109.098 Y103.598
G1 F1500 X110.899 Y101.797 E2044.14707
G1 X110.899 Y101.848
G1 X109.098 Y100.047 E2044.23179
G0 F9000 X109.098 Y99.073
G1 F1500 X110.899 Y97.272 E2044.3165
G1 X110.899 Y97.323
G1 X109.098 Y95.521 E2044.40124
G0 F9000 X109.098 Y94.547
G1 F1500 X110.899 Y92.746 E2044.48595
G1 X110.899 Y92.797
G1 X109.097 Y90.995 E2044.57071
G0 F9000 X109.098 Y90.023
G1 F1500 X110.899 Y88.221 E2044.65545
G1 X110.899 Y88.272
G1 X109.097 Y86.469 E2044.74023
G0 F9000 X109.098 Y85.497
G1 F1500 X110.899 Y83.695 E2044.82497
G1 X110.899 Y83.746
G1 X109.097 Y81.944 E2044.90973
G0 F9000 X109.098 Y80.972
G1 F1500 X110.899 Y79.17 E2044.99447
G1 X110.899 Y79.221
G1 X109.097 Y77.419 E2045.07923
G0 F9000 X109.098 Y76.446
G1 F1500 X110.899 Y74.645 E2045.16394
G1 X110.899 Y74.695
G1 X109.097 Y72.893 E2045.2487
G0 F9000 X109.098 Y71.921
G1 F1500 X110.899 Y70.119 E2045.33344
G1 X110.899 Y70.17
G1 X109.097 Y68.368 E2045.4182
G0 F9000 X109.098 Y67.395
G1 F1500 X110.899 Y65.594 E2045.50291
G1 X110.899 Y65.644
G1 X109.097 Y63.842 E2045.58767
G0 F9000 X109.098 Y62.87
G1 F1500 X110.899 Y61.068 E2045.67241
G1 X110.899 Y61.119
G1 X109.097 Y59.317 E2045.75717
G0 F9000 X109.098 Y58.344
G1 F1500 X110.899 Y56.543 E2045.84188
G1 X110.899 Y56.593
G1 X109.811 Y55.505 E2045.89306
G1 X109.675 Y55.505
G1 X109.098 Y56.082 E2045.9202
G0 F9000 X109.097 Y57.054
G1 F1500 X110.899 Y58.856 E2046.00496
G1 X110.899 Y58.805
G1 X109.098 Y60.607 E2046.0897
G0 F9000 X109.097 Y61.579
G1 F1500 X110.899 Y63.382 E2046.17448
G1 X110.899 Y63.331
G1 X109.098 Y65.133 E2046.25922
G0 F9000 X109.097 Y66.105
G1 F1500 X110.899 Y67.907 E2046.34398
G1 X110.899 Y67.856
G1 X109.098 Y69.658 E2046.42872
G0 F9000 X109.097 Y70.63
G1 F1500 X110.899 Y72.433 E2046.5135
G1 X110.899 Y72.382
G1 X109.098 Y74.183 E2046.59821
G0 F9000 X109.097 Y75.156
G1 F1500 X110.899 Y76.958 E2046.68298
G1 X110.899 Y76.907
G1 X109.098 Y78.709 E2046.76771
G0 F9000 X109.097 Y79.681
G1 F1500 X110.899 Y81.484 E2046.8525
G1 X110.899 Y81.433
G1 X109.098 Y83.234 E2046.93721
G0 F9000 X109.097 Y84.207
G1 F1500 X110.899 Y86.009 E2047.02197
G1 X110.899 Y85.958
G1 X109.098 Y87.76 E2047.10671
G0 F9000 X109.097 Y88.732
G1 F1500 X110.899 Y90.535 E2047.19149
G1 X110.899 Y90.484
G1 X109.098 Y92.285 E2047.27621
G0 F9000 X109.098 Y93.258
G1 F1500 X110.899 Y95.06 E2047.36094
G1 X110.899 Y95.009
G1 X109.098 Y96.81 E2047.44566
G0 F9000 X109.098 Y97.784
G1 F1500 X110.899 Y99.586 E2047.53039
G1 X110.899 Y99.535
G1 X109.098 Y101.336 E2047.61511
G0 F9000 X109.098 Y102.309
G1 F1500 X110.899 Y104.111 E2047.69984
G1 X110.899 Y104.06
G1 X109.098 Y105.861 E2047.78456
G0 F9000 X109.098 Y106.835
G1 F1500 X110.899 Y108.637 E2047.86929
G1 X110.899 Y108.586
G1 X109.098 Y110.387 E2047.95401
G0 F9000 X109.098 Y111.36
G1 F1500 X110.899 Y113.162 E2048.03874
G1 X110.899 Y113.111
G1 X109.098 Y114.912 E2048.12346
G0 F9000 X109.098 Y115.886
G1 F1500 X110.899 Y117.688 E2048.20819
G1 X110.899 Y117.637
G1 X109.098 Y119.438 E2048.29291
G0 F9000 X109.098 Y120.411
G1 F1500 X110.899 Y122.213 E2048.37765
G1 X110.899 Y122.162
G1 X109.098 Y123.963 E2048.46236
G0 F9000 X109.098 Y124.937
G1 F1500 X110.899 Y126.738 E2048.54707
G1 X110.899 Y126.688
G1 X109.098 Y128.489 E2048.63179
G0 F9000 X109.098 Y129.462
G1 F1500 X110.899 Y131.264 E2048.71652
G1 X110.899 Y131.213
G1 X109.099 Y133.013 E2048.80119
G0 F9000 X109.098 Y133.988
G1 F1500 X110.899 Y135.789 E2048.8859
G1 X110.899 Y135.739
G1 X109.099 Y137.539 E2048.97057
G0 F9000 X109.098 Y138.514
G1 F1500 X110.899 Y140.315 E2049.05528
G1 X110.899 Y140.264
G1 X109.099 Y142.064 E2049.13995
G0 F9000 X109.098 Y143.039
G1 F1500 X110.899 Y144.84 E2049.22466
G1 X110.899 Y144.79
G1 X109.099 Y146.59 E2049.30933
G0 F9000 X109.098 Y147.565
G1 F1500 X110.899 Y149.366 E2049.39404
G1 X110.899 Y149.315
G1 X109.099 Y151.115 E2049.47871
G0 F9000 X109.098 Y152.09
G1 F1500 X110.899 Y153.891 E2049.56342
G1 X110.899 Y153.84
G1 X109.099 Y155.641 E2049.64811
G0 F9000 X109.098 Y156.616
G1 F1500 X110.899 Y158.417 E2049.73283
G1 X110.899 Y158.366
G1 X109.099 Y160.166 E2049.81749
G0 F9000 X109.098 Y161.141
G1 F1500 X110.899 Y162.942 E2049.90221
G1 X110.899 Y162.891
G1 X109.099 Y164.692 E2049.9869
G0 F9000 X109.098 Y165.667
G1 F1500 X110.899 Y167.468 E2050.07161
G1 X110.899 Y167.417
G1 X109.1 Y169.217 E2050.15625
G0 F9000 X109.099 Y170.193
G1 F1500 X110.899 Y171.993 E2050.24092
G1 X110.899 Y171.942
G1 X109.1 Y173.742 E2050.32556
G0 F9000 X109.099 Y174.719
G1 F1500 X110.899 Y176.519 E2050.41023
G1 X110.899 Y176.468
G1 X109.1 Y178.267 E2050.49485
G0 F9000 X109.099 Y179.244
G1 F1500 X110.899 Y181.044 E2050.57951
G1 X110.899 Y180.993
G1 X109.1 Y182.793 E2050.66416
G0 F9000 X109.099 Y183.769
G1 F1500 X110.899 Y185.57 E2050.74885
G1 X110.899 Y185.519
G1 X109.1 Y187.318 E2050.83347
G0 F9000 X109.099 Y188.295
G1 F1500 X110.899 Y190.095 E2050.91813
G1 X110.899 Y190.044
G1 X109.1 Y191.844 E2051.00278
G0 F9000 X109.099 Y192.82
G1 F1500 X110.899 Y194.621 E2051.08747
G1 X110.899 Y194.57
G1 X109.1 Y196.369 E2051.17209
G0 F9000 X109.099 Y197.346
G1 F1500 X110.899 Y199.146 E2051.25675
G1 X110.899 Y199.095
G1 X109.1 Y200.895 E2051.3414
G0 F9000 X109.099 Y201.871
G1 F1500 X110.899 Y203.672 E2051.42609
G1 X110.899 Y203.621
G1 X109.1 Y205.42 E2051.51071
G1 F1500 E2045.01071
;MESH:Viga_Rectangular.stl
G0 F9000 X109.101 Y208.364
G0 X113.353 Y208.352
G0 X113.722 Y200.835
G0 X115.287 Y55.166
G0 X115.286 Y54.061
G0 X111.181 Y53.617
G0 X111.266 Y53.904
;TYPE:WALL-INNER
G1 F1500 E2051.51071
G1 X123.75 Y53.9 E2052.00897
G1 X124.4 Y53.25 E2052.04566
G1 X124.4 Y15.75 E2053.54236
G1 X123.75 Y15.1 E2053.57905
G1 X96.25 Y15.1 E2054.67664
G1 X95.6 Y15.75 E2054.71333
G1 X95.6 Y53.25 E2056.21003
G1 X96.25 Y53.9 E2056.24672
G1 X108.608 Y53.907 E2056.73995
G1 X109.019 Y53.991 E2056.7567
G1 X109.265 Y54.106 E2056.76754
G1 X110.735 Y54.105 E2056.82621
G1 X110.948 Y53.999 E2056.8357
G1 X111.266 Y53.904 E2056.84895
G1 F1500 E2050.34895
G0 F9000 X111.181 Y53.617
G0 X109.065 Y53.695
G0 X108.926 Y54.38
;TYPE:WALL-OUTER
G1 F1500 E2056.84895
G1 X109.156 Y54.506 E2056.85767
G1 X110.845 Y54.505 E2056.91385
G1 X111.063 Y54.382 E2056.92217
G1 X111.342 Y54.302 E2056.93183
G1 X123.916 Y54.3 E2057.35004
G1 X124.8 Y53.416 E2057.39162
G1 X124.8 Y15.584 E2058.64992
G1 X123.916 Y14.7 E2058.6915
G1 X96.084 Y14.7 E2059.61719
G1 X95.2 Y15.584 E2059.65878
G1 X95.2 Y53.416 E2060.91707
G1 X96.084 Y54.3 E2060.95865
G1 X108.558 Y54.305 E2061.37354
G1 X108.926 Y54.38 E2061.38603
G0 F9000 X109.065 Y53.695
G0 X107.51 Y53.601
G0 X107.509 Y53.82
;TYPE:FILL
G1 F3000 X124.319 Y49.316 E2061.96486
G1 X124.319 Y49.237
G1 X95.679 Y20.597 E2063.31199
G0 F9000 X95.68 Y19.72
G1 F3000 X112.625 Y15.179 E2063.89547
G0 F9000 X112.625 Y15.4
G0 X111.5 Y15.4
G0 X111.5 Y15.179
G1 F3000 X101.146 Y53.82 E2065.22602
G0 F9000 X101.147 Y53.601
G0 X103.447 Y53.601
G0 X103.446 Y53.82
G1 F3000 X95.679 Y46.053 E2065.59135
G0 F9000 X95.9 Y46.053
G0 X95.9 Y44.566
G0 X95.679 Y44.566
G1 F3000 X124.318 Y36.893 E2066.57748
G1 X124.319 Y36.886
G1 X119.781 Y53.82 E2067.16058
G0 F9000 X120.416 Y53.82
G1 F3000 X95.679 Y29.082 E2068.32416
G0 F9000 X95.9 Y29.082
G0 X95.9 Y27.859
G0 X95.679 Y27.859
G1 F3000 X99.077 Y15.179 E2068.76078
G0 F9000 X98.747 Y15.18
G1 F3000 X124.319 Y40.751 E2069.96359
G0 F9000 X124.1 Y40.751
G0 X124.1 Y43.104
G0 X124.319 Y43.104
G1 F3000 X95.679 Y50.778 E2070.94976
G0 F9000 X95.679 Y51.04
G1 F3000 X105.288 Y15.179 E2072.18458
G0 F9000 X105.288 Y15.4
G0 X107.232 Y15.4
G0 X107.232 Y15.18
G1 F3000 X124.319 Y32.266 E2072.98827
G0 F9000 X124.1 Y32.266
G0 X124.1 Y30.681
G0 X124.318 Y30.681
G1 F3000 X95.68 Y38.355 E2073.97438
G0 F9000 X95.679 Y37.567
G1 F3000 X111.932 Y53.821 E2074.7389
G0 F9000 X111.932 Y53.601
G0 X113.569 Y53.601
G0 X113.569 Y53.821
G1 F3000 X123.879 Y15.344 E2076.06379
G0 F9000 X123.725 Y15.497
G0 X124.1 Y18.258
G0 X124.318 Y18.258
G1 F3000 X95.679 Y25.931 E2077.04992
G0 F9000 X95.9 Y25.931
G0 X95.9 Y32.143
G0 X95.679 Y32.143
G1 F3000 X124.318 Y24.469 E2078.03606
G0 F9000 X124.319 Y23.781
G1 F3000 X115.718 Y15.18 E2078.44063
G0 F9000 X115.718 Y15.4
G0 X117.711 Y15.4
G0 X117.711 Y15.18
G1 F3000 X107.358 Y53.821 E2079.77116
G0 F9000 X107.359 Y53.301
G1 F1500 E2073.27116
;MESH:NONMESH
G0 F300 X107.359 Y53.301 Z7.4
G0 F9000 X107.112 Y54.081
G0 X107.112 Y55.166
G0 X106.737 Y55.448
G0 X106.235 Y196
G0 X107.099 Y196
;TIME_ELAPSED:2686.469147
;LAYER:36
;TYPE:SUPPORT
G1 F1500 E2079.77116
G1 X108.899 Y196 E2079.83103
G1 X108.899 Y195.393 E2079.85122
G1 X108.299 Y195.149 E2079.87276
G1 X108.299 Y195.082 E2079.87499
G1 X107.337 Y195.082 E2079.90699
G1 X107.14 Y195.163 E2079.91407
G1 X107.099 Y195.309 E2079.91912
G1 X107.099 Y199.875 E2080.07098
G1 X107.178 Y200.07 E2080.07798
G1 X107.329 Y200.113 E2080.0832
G1 X108.031 Y200.141 E2080.10657
G1 X108.299 Y200.174 E2080.11555
G1 X108.299 Y200.115 E2080.11751
G1 X108.749 Y200 E2080.13296
G1 X107.149 Y200 E2080.18618
G1 F1500 E2073.68618
G0 F9000 X107.193 Y200.973
G0 X109.151 Y201.135
G0 X110.844 Y200.771
G0 X111.27 Y200
G1 F1500 E2080.18618
G1 X112.866 Y200 E2080.23926
G1 X112.664 Y200.111 E2080.24693
G1 X112.233 Y200.117 E2080.26126
G1 X111.699 Y200.184 E2080.27916
G1 X111.699 Y200.117 E2080.28139
G1 X111.099 Y199.953 E2080.30208
G1 X111.099 Y195.39 E2080.45385
G1 X111.699 Y195.176 E2080.47503
G1 X111.699 Y195.081 E2080.47819
G1 X112.672 Y195.081 E2080.51055
G1 X112.819 Y195.121 E2080.51562
G1 X112.899 Y195.32 E2080.52276
G1 X112.899 Y196 E2080.54537
G1 X111.099 Y196 E2080.60524
G1 F1500 E2074.10524
;MESH:Viga_Rectangular.stl
G0 F9000 X110.235 Y196
G0 X110.532 Y55.567
G0 X110.532 Y54.484
G0 X109.355 Y53.778
G0 X109.27 Y54.063
;TYPE:WALL-INNER
G1 F1500 E2080.60524
G1 X109.541 Y54.302 E2080.61966
G1 X110.456 Y54.301 E2080.65618
G1 X110.653 Y54.143 E2080.66626
G1 X111.255 Y53.903 E2080.69213
G1 X123.75 Y53.9 E2081.19083
G1 X124.4 Y53.25 E2081.22752
G1 X124.4 Y15.75 E2082.72422
G1 X123.75 Y15.1 E2082.76091
G1 X96.25 Y15.1 E2083.8585
G1 X95.6 Y15.75 E2083.89519
G1 X95.6 Y53.25 E2085.39189
G1 X96.25 Y53.9 E2085.42858
G1 X108.713 Y53.9 E2085.92601
G1 X109.27 Y54.063 E2085.94917
G0 F9000 X109.084 Y54.425
;TYPE:WALL-OUTER
G1 F1500 X109.381 Y54.702 E2085.96268
G1 X110.618 Y54.701 E2086.00382
G1 X110.841 Y54.497 E2086.01387
G1 X111.316 Y54.303 E2086.03094
G1 X123.916 Y54.3 E2086.45002
G1 X124.8 Y53.416 E2086.4916
G1 X124.8 Y15.584 E2087.74989
G1 X123.916 Y14.7 E2087.79148
G1 X96.084 Y14.7 E2088.71717
G1 X95.2 Y15.584 E2088.75875
G1 X95.2 Y53.416 E2090.01705
G1 X96.084 Y54.3 E2090.05863
G1 X108.676 Y54.304 E2090.47744
G1 X109.084 Y54.425 E2090.4916
G0 F9000 X109.284 Y53.757
G0 X108.055 Y53.6
G0 X108.055 Y53.82
;TYPE:FILL
G1 F3000 X124.318 Y49.462 E2091.05159
G0 F9000 X124.319 Y49.037
G1 F3000 X95.679 Y20.397 E2092.39873
G0 F9000 X95.679 Y19.866
G1 F3000 X113.169 Y15.179 E2093.00097
G0 F9000 X113.169 Y15.4
G0 X111.354 Y15.4
G0 X111.354 Y15.179
G1 F3000 X101 Y53.819 E2094.33148
G0 F9000 X101 Y53.6
G0 X103.645 Y53.6
G0 X103.645 Y53.82
G1 F3000 X95.679 Y45.853 E2094.7062
G0 F9000 X95.9 Y45.853
G0 X95.9 Y44.712
G0 X95.679 Y44.712
G1 F3000 X124.318 Y37.039 E2095.69234
G0 F9000 X124.319 Y36.341
G1 F3000 X119.635 Y53.82 E2096.2942
G0 F9000 X120.616 Y53.82
G1 F3000 X95.679 Y28.883 E2097.46716
G0 F9000 X95.9 Y28.883
G0 X95.9 Y27.315
G0 X95.679 Y27.315
G1 F3000 X98.931 Y15.179 E2097.88505
G1 X98.946 Y15.18
G1 X124.319 Y40.552 E2099.07849
G0 F9000 X124.1 Y40.552
G0 X124.1 Y43.25
G0 X124.319 Y43.25
G1 F3000 X95.68 Y50.924 E2100.06463
G0 F9000 X95.68 Y50.495
G1 F3000 X105.142 Y15.18 E2101.28064
G0 F9000 X105.142 Y15.4
G0 X107.432 Y15.4
G0 X107.432 Y15.18
G1 F3000 X124.319 Y32.067 E2102.07496
G0 F9000 X124.1 Y32.067
G0 X124.1 Y30.827
G0 X124.318 Y30.827
G1 F3000 X95.68 Y38.501 E2103.06107
G0 F9000 X95.9 Y38.501
G0 X95.9 Y37.368
G0 X95.679 Y37.368
G1 F3000 X112.133 Y53.822 E2103.83501
G0 F9000 X112.133 Y53.602
G0 X113.423 Y53.602
G0 X113.423 Y53.822
G1 F3000 X123.764 Y15.229 E2105.1639
G0 F9000 X123.61 Y15.382
G0 X124.1 Y18.404
G0 X124.318 Y18.404
G1 F3000 X95.679 Y26.077 E2106.15003
G0 F9000 X95.9 Y26.077
G0 X95.9 Y32.289
G0 X95.68 Y32.289
G1 F3000 X124.319 Y24.615 E2107.13617
G0 F9000 X124.1 Y24.615
G0 X124.1 Y23.582
G0 X124.319 Y23.582
G1 F3000 X115.917 Y15.18 E2107.53138
G0 F9000 X115.917 Y15.4
G0 X117.566 Y15.4
G0 X117.566 Y15.179
G1 F3000 X107.212 Y53.819 E2108.86189
G0 F9000 X107.212 Y53.3
G1 F1500 E2102.36189
;MESH:NONMESH
G0 F300 X107.212 Y53.3 Z7.6
G0 F9000 X108 Y54.08
G0 X108 Y55.165
G0 X106.236 Y195.189
G0 X106.236 Y200.042
G0 X106.413 Y200.746
G0 X107.044 Y200.929
G0 X107.961 Y201.003
G0 X108 Y200.139
;TIME_ELAPSED:2718.923742
;LAYER:37
;TYPE:SUPPORT
G1 F1500 E2108.86189
G1 X107.326 Y200.113 E2108.88432
G1 X107.18 Y200.07 E2108.88939
G1 X107.1 Y199.875 E2108.8964
G1 X107.1 Y195.309 E2109.04826
G1 X107.141 Y195.163 E2109.05331
G1 X107.338 Y195.082 E2109.06039
G1 X108 Y195.082 E2109.08241
G1 X108.3 Y195.082 E2109.09239
G1 X108.3 Y195.149 E2109.09461
G1 X108.5 Y195.231 E2109.1018
G1 X108.5 Y200.064 E2109.26255
G1 X108.3 Y200.115 E2109.26941
G1 X108.3 Y200.174 E2109.27138
G1 X108.032 Y200.141 E2109.28036
G1 X108 Y200.139 E2109.28142
G1 X108 Y195.082 E2109.44962
G1 F1500 E2102.94962
G0 F9000 X108 Y194.217
G0 X107.169 Y194.218
G0 X106.425 Y194.526
G0 X106.236 Y195.189
G0 X106.236 Y200.042
G0 X108.847 Y206.154
G0 X111.153 Y206.151
G0 X112.106 Y201.003
G0 X112 Y200.147
G1 F1500 E2109.44962
G1 X111.7 Y200.184 E2109.45967
G1 X111.7 Y200.117 E2109.4619
G1 X111.5 Y200.062 E2109.4688
G1 X111.5 Y195.248 E2109.62892
G1 X111.7 Y195.176 E2109.63599
G1 X111.7 Y195.081 E2109.63915
G1 X112 Y195.081 E2109.64912
G1 X112.673 Y195.081 E2109.67151
G1 X112.819 Y195.121 E2109.67654
G1 X112.9 Y195.319 E2109.68366
G1 X112.9 Y199.883 E2109.83546
G1 X112.86 Y200.028 E2109.84046
G1 X112.665 Y200.11 E2109.8475
G1 X112.241 Y200.116 E2109.8616
G1 X112 Y200.147 E2109.86968
G1 X112 Y195.081 E2110.03818
G1 F1500 E2103.53818
;MESH:Viga_Rectangular.stl
G0 F9000 X110.08 Y195.081
G0 X110.004 Y54.397
G0 X109.993 Y54.921
;TYPE:WALL-INNER
G1 F1500 E2110.03818
G1 X110.261 Y54.477 E2110.05888
G1 X110.621 Y54.152 E2110.07823
G1 X111.246 Y53.904 E2110.10507
G1 X123.75 Y53.9 E2110.60413
G1 X124.4 Y53.25 E2110.64082
G1 X124.4 Y15.75 E2112.13753
G1 X123.75 Y15.1 E2112.17422
G1 X96.25 Y15.1 E2113.2718
G1 X95.6 Y15.75 E2113.30849
G1 X95.6 Y53.25 E2114.8052
G1 X96.25 Y53.9 E2114.84188
G1 X108.719 Y53.9 E2115.33955
G1 X109.309 Y54.075 E2115.36411
G1 X109.832 Y54.594 E2115.39352
G1 X109.993 Y54.921 E2115.40807
G1 F1500 E2108.90807
G0 F9000 X110.004 Y54.397
G0 X110.03 Y205.029
G0 X110.25 Y205.249
;TYPE:WALL-OUTER
G1 F1500 E2115.40807
G1 F1200 X110.25 Y55.364 E2121.63956
G1 F1333.3 X110.403 Y55.015 E2121.65382
G1 F1500 X110.573 Y54.733 E2121.66477
G1 X110.857 Y54.486 E2121.67729
G1 X111.322 Y54.305 E2121.69389
G1 X123.916 Y54.3 E2122.11276
G1 X124.8 Y53.416 E2122.15434
G1 X124.8 Y15.584 E2123.41264
G1 X123.916 Y14.7 E2123.45422
G1 X96.084 Y14.7 E2124.37992
G1 X95.2 Y15.584 E2124.4215
G1 X95.2 Y53.416 E2125.6798
G1 X96.084 Y54.3 E2125.72138
G1 X108.675 Y54.304 E2126.14016
G1 X109.098 Y54.437 E2126.1549
G1 X109.538 Y54.865 E2126.17532
G1 F1333.3 X109.75 Y55.366 E2126.19568
G1 F1200 X109.75 Y205.249 E2132.42709
G1 X110.25 Y205.249 E2132.44787
G1 F1500 E2125.94787
G0 F9000 X110.03 Y205.029
G0 X109.939 Y55.301
G0 X109.794 Y54.824
G0 X108.604 Y53.6
G0 X108.604 Y53.82
;TYPE:FILL
G1 F1500 E2132.44787
G1 F3000 X124.318 Y49.609 E2132.98897
G0 F9000 X124.319 Y48.837
G1 F3000 X95.679 Y20.197 E2134.3361
G1 X95.679 Y20.013
G1 X113.718 Y15.179 E2134.95725
G0 F9000 X113.718 Y15.4
G0 X116.118 Y15.4
G0 X116.118 Y15.18
G1 F3000 X124.319 Y23.381 E2135.343
G0 F9000 X124.1 Y23.381
G0 X124.1 Y24.762
G0 X124.318 Y24.762
G1 F3000 X95.679 Y32.436 E2136.32914
G0 F9000 X95.9 Y32.436
G0 X95.9 Y28.682
G0 X95.679 Y28.682
G1 F3000 X120.816 Y53.82 E2137.51153
G0 F9000 X120.816 Y53.6
G0 X119.488 Y53.6
G0 X119.488 Y53.819
G1 F3000 X124.319 Y35.792 E2138.13227
G0 F9000 X124.1 Y35.792
G0 X124.1 Y37.186
G0 X124.318 Y37.186
G1 F3000 X95.679 Y44.859 E2139.1184
G0 F9000 X95.679 Y45.652
G1 F3000 X103.846 Y53.82 E2139.50258
G0 F9000 X103.846 Y53.6
G0 X100.853 Y53.6
G0 X100.853 Y53.819
G1 F3000 X111.207 Y15.179 E2140.83309
G0 F9000 X111.207 Y15.4
G0 X107.632 Y15.4
G0 X107.632 Y15.18
G1 F3000 X124.319 Y31.866 E2141.61797
G0 F9000 X124.318 Y30.974
G1 F3000 X95.68 Y38.648 E2142.60408
G0 F9000 X95.9 Y38.648
G0 X95.9 Y37.167
G0 X95.679 Y37.167
G1 F3000 X112.333 Y53.821 E2143.38743
G0 F9000 X113.276 Y53.821
G1 F3000 X123.63 Y15.18 E2144.71797
G0 F9000 X123.63 Y15.4
G0 X124.1 Y18.551
G0 X124.318 Y18.551
G1 F3000 X95.679 Y26.224 E2145.70411
G0 F9000 X95.679 Y26.766
G1 F3000 X98.784 Y15.179 E2146.10309
G0 F9000 X99.147 Y15.18
G1 F3000 X124.319 Y40.351 E2147.28708
G0 F9000 X124.1 Y40.351
G0 X124.1 Y43.397
G0 X124.319 Y43.397
G1 F3000 X95.68 Y51.071 E2148.27322
G0 F9000 X95.9 Y51.071
G0 X95.9 Y49.946
G0 X95.68 Y49.946
G1 F3000 X104.995 Y15.18 E2149.47033
G0 F9000 X104.995 Y15.4
G0 X117.419 Y15.4
G0 X117.419 Y15.179
G1 F3000 X107.065 Y53.82 E2150.80087
G0 F9000 X107.065 Y53.3
G1 F1500 E2144.30087
;MESH:NONMESH
G0 F300 X107.065 Y53.3 Z7.8
G0 F9000 X107.099 Y54.08
G0 X107.099 Y55.165
G0 X106.235 Y196
G0 X107.099 Y196
;TIME_ELAPSED:2770.943658
;LAYER:38
;TYPE:SUPPORT
G1 F1500 E2150.80087
G1 X108.499 Y196 E2150.84744
G1 X108.499 Y195.231 E2150.87301
G1 X108.299 Y195.149 E2150.8802
G1 X108.299 Y195.082 E2150.88243
G1 X107.337 Y195.082 E2150.91443
G1 X107.14 Y195.163 E2150.92151
G1 X107.099 Y195.309 E2150.92656
G1 X107.099 Y199.875 E2151.07842
G1 X107.179 Y200.072 E2151.08549
G1 X107.325 Y200.113 E2151.09054
G1 X108.031 Y200.141 E2151.11404
G1 X108.299 Y200.174 E2151.12302
G1 X108.299 Y200.115 E2151.12498
G1 X108.499 Y200.064 E2151.13184
G1 X108.499 Y200 E2151.13397
G1 X107.149 Y200 E2151.17887
G1 F1500 E2144.67887
G0 F9000 X107.192 Y200.973
G0 X108.847 Y206.153
G0 X111.153 Y206.153
G0 X111.154 Y201.113
G0 X111.499 Y200
G1 F1500 E2151.17887
G1 X112.866 Y200 E2151.22434
G1 X112.664 Y200.11 E2151.23199
G1 X112.24 Y200.116 E2151.2461
G1 X111.699 Y200.184 E2151.26423
G1 X111.699 Y200.118 E2151.26643
G1 X111.499 Y200.063 E2151.27332
G1 X111.499 Y195.248 E2151.43347
G1 X111.699 Y195.176 E2151.44054
G1 X111.699 Y195.081 E2151.4437
G1 X112.672 Y195.081 E2151.47606
G1 X112.818 Y195.121 E2151.4811
G1 X112.899 Y195.319 E2151.48821
G1 X112.899 Y196 E2151.51086
G1 X111.499 Y196 E2151.55743
G1 F1500 E2145.05743
;MESH:Viga_Rectangular.stl
G0 F9000 X110.08 Y196
G0 X110 Y54.442
G0 X110 Y54.898
;TYPE:WALL-INNER
G1 F1500 E2151.55743
G1 X110.376 Y54.341 E2151.58425
G1 X110.859 Y54.033 E2151.60711
G1 X111.265 Y53.902 E2151.62414
G1 X123.75 Y53.9 E2152.12244
G1 X124.4 Y53.25 E2152.15913
G1 X124.4 Y15.75 E2153.65584
G1 X123.75 Y15.1 E2153.69253
G1 X96.25 Y15.1 E2154.79011
G1 X95.6 Y15.75 E2154.8268
G1 X95.6 Y53.25 E2156.32351
G1 X96.25 Y53.9 E2156.3602
G1 X108.708 Y53.9 E2156.85742
G1 X109.114 Y54.017 E2156.87429
G1 X109.626 Y54.345 E2156.89855
G1 X110 Y54.898 E2156.9252
G1 F1500 E2150.4252
G0 F9000 X110 Y54.442
G0 X110.03 Y205.03
G0 X110.25 Y205.25
;TYPE:WALL-OUTER
G1 F1500 E2156.9252
G1 F1200 X110.25 Y55.367 E2163.15661
G1 F1333.3 X110.407 Y55.009 E2163.17124
G1 F1500 X110.67 Y54.632 E2163.18653
G1 X111.063 Y54.38 E2163.20205
G1 X111.35 Y54.3 E2163.21196
G1 X123.916 Y54.3 E2163.62991
G1 X124.8 Y53.416 E2163.67149
G1 X124.8 Y15.584 E2164.92979
G1 X123.916 Y14.7 E2164.97137
G1 X96.084 Y14.7 E2165.89707
G1 X95.2 Y15.584 E2165.93865
G1 X95.2 Y53.416 E2167.19694
G1 X96.084 Y54.3 E2167.23852
G1 X108.673 Y54.304 E2167.65724
G1 X108.948 Y54.386 E2167.66678
G1 X109.331 Y54.634 E2167.68196
G1 X109.594 Y55.01 E2167.69722
G1 F1333.3 X109.75 Y55.367 E2167.7118
G1 F1200 X109.75 Y205.25 E2173.94321
G1 X110.25 Y205.25 E2173.96399
G1 F1500 E2167.46399
G0 F9000 X110.03 Y205.03
G0 X109.938 Y55.302
G0 X109.85 Y55.003
G0 X108.984 Y53.668
G0 X108.92 Y53.881
;TYPE:FILL
G1 F1500 E2173.96399
G1 F3000 X124.318 Y49.755 E2174.4942
G0 F9000 X124.1 Y49.755
G0 X124.1 Y48.637
G0 X124.319 Y48.637
G1 F3000 X95.679 Y19.997 E2175.84134
G1 X95.679 Y20.159
G1 X114.263 Y15.179 E2176.48125
G0 F9000 X114.263 Y15.4
G0 X116.317 Y15.4
G0 X116.317 Y15.18
G1 F3000 X124.319 Y23.181 E2176.85762
G0 F9000 X124.1 Y23.181
G0 X124.1 Y24.908
G0 X124.318 Y24.908
G1 F3000 X95.68 Y32.582 E2177.84373
G0 F9000 X95.9 Y32.582
G0 X95.9 Y28.482
G0 X95.679 Y28.482
G1 F3000 X121.016 Y53.82 E2179.03553
G0 F9000 X121.016 Y53.6
G0 X119.342 Y53.6
G0 X119.342 Y53.82
G1 F3000 X124.319 Y35.248 E2179.67503
G0 F9000 X124.1 Y35.248
G0 X124.1 Y37.331
G0 X124.319 Y37.331
G1 F3000 X95.679 Y45.005 E2180.6612
G0 F9000 X95.679 Y45.453
G1 F3000 X104.045 Y53.82 E2181.05474
G0 F9000 X104.045 Y53.6
G0 X106.919 Y53.6
G0 X106.919 Y53.82
G1 F3000 X117.273 Y15.179 E2182.38528
G0 F9000 X117.273 Y15.4
G0 X123.484 Y15.4
G0 X123.484 Y15.18
G1 F3000 X113.131 Y53.819 E2183.71575
G0 F9000 X112.531 Y53.82
G1 F3000 X95.679 Y36.968 E2184.50842
G0 F9000 X95.9 Y36.968
G0 X95.9 Y38.794
G0 X95.679 Y38.794
G1 F3000 X124.318 Y31.12 E2185.49456
G0 F9000 X124.319 Y31.667
G1 F3000 X107.832 Y15.18 E2186.27006
G0 F9000 X107.832 Y15.4
G0 X104.849 Y15.4
G0 X104.849 Y15.179
G1 F3000 X95.68 Y49.402 E2187.44846
G0 F9000 X95.9 Y49.402
G0 X95.9 Y51.217
G0 X95.68 Y51.217
G1 F3000 X124.318 Y43.543 E2188.43457
G0 F9000 X124.1 Y43.543
G0 X124.1 Y40.152
G0 X124.319 Y40.152
G1 F3000 X99.347 Y15.18 E2189.60918
G0 F9000 X98.638 Y15.179
G1 F3000 X95.679 Y26.222 E2189.98943
G1 X95.679 Y26.37
G1 X124.318 Y18.697 E2190.97556
G0 F9000 X124.1 Y18.697
G0 X111.061 Y15.4
G0 X111.061 Y15.18
G1 F3000 X100.707 Y53.819 E2192.30604
G0 F9000 X100.707 Y53.3
G1 F1500 E2185.80604
;MESH:NONMESH
G0 F300 X100.707 Y53.3 Z8
G0 F9000 X108 Y54.08
G0 X108 Y55.165
G0 X106.236 Y195.189
G0 X106.236 Y200.042
G0 X106.542 Y200.784
G0 X107.068 Y200.937
G0 X107.961 Y201.003
G0 X108 Y200.139
;TIME_ELAPSED:2822.648458
;LAYER:39
;TYPE:SUPPORT
G1 F1500 E2192.30604
G1 X107.326 Y200.113 E2192.32847
G1 X107.18 Y200.072 E2192.33351
G1 X107.1 Y199.875 E2192.34059
G1 X107.1 Y195.309 E2192.49245
G1 X107.141 Y195.163 E2192.4975
G1 X107.338 Y195.082 E2192.50458
G1 X108 Y195.082 E2192.5266
G1 X108.3 Y195.082 E2192.53658
G1 X108.3 Y195.149 E2192.53881
G1 X108.5 Y195.231 E2192.54599
G1 X108.5 Y200.064 E2192.70674
G1 X108.3 Y200.115 E2192.71361
G1 X108.3 Y200.174 E2192.71557
G1 X108.032 Y200.141 E2192.72455
G1 X108 Y200.139 E2192.72562
G1 X108 Y195.082 E2192.89381
G1 F1500 E2186.39381
G0 F9000 X108 Y194.217
G0 X107.169 Y194.218
G0 X106.425 Y194.526
G0 X106.236 Y195.189
G0 X106.236 Y200.042
G0 X108.847 Y206.153
G0 X111.153 Y206.153
G0 X112.108 Y201.003
G0 X112 Y200.146
G1 F1500 E2192.89381
G1 X111.7 Y200.184 E2192.90387
G1 X111.7 Y200.118 E2192.90607
G1 X111.5 Y200.063 E2192.91296
G1 X111.5 Y195.248 E2193.07311
G1 X111.7 Y195.176 E2193.08018
G1 X111.7 Y195.081 E2193.08334
G1 X112 Y195.081 E2193.09332
G1 X112.673 Y195.081 E2193.1157
G1 X112.819 Y195.121 E2193.12074
G1 X112.9 Y195.319 E2193.12785
G1 X112.9 Y199.883 E2193.27965
G1 X112.86 Y200.028 E2193.28466
G1 X112.665 Y200.11 E2193.29169
G1 X112.236 Y200.116 E2193.30596
G1 X112 Y200.146 E2193.31387
G1 X112 Y195.081 E2193.48234
G1 F1500 E2186.98234
;MESH:Viga_Rectangular.stl
G0 F9000 X110.08 Y195.081
G0 X110.001 Y54.411
G0 X109.979 Y54.944
;TYPE:WALL-INNER
G1 F1500 E2193.48234
G1 X110.262 Y54.474 E2193.50423
G1 X110.636 Y54.145 E2193.52411
G1 X111.247 Y53.904 E2193.55033
G1 X123.75 Y53.9 E2194.04935
G1 X124.4 Y53.25 E2194.08604
G1 X124.4 Y15.75 E2195.58275
G1 X123.75 Y15.1 E2195.61943
G1 X96.25 Y15.1 E2196.71702
G1 X95.6 Y15.75 E2196.75371
G1 X95.6 Y53.25 E2198.25041
G1 X96.25 Y53.9 E2198.2871
G1 X108.705 Y53.9 E2198.78421
G1 X109.115 Y54.016 E2198.80122
G1 X109.592 Y54.322 E2198.82383
G1 X109.861 Y54.643 E2198.84055
G1 X109.979 Y54.944 E2198.85345
G1 F1500 E2192.35345
G0 F9000 X110.001 Y54.411
G0 X110.03 Y205.03
G0 X110.25 Y205.25
;TYPE:WALL-OUTER
G1 F1500 E2198.85345
G1 F1200 X110.25 Y55.369 E2205.08478
G1 F1333.3 X110.401 Y55.021 E2205.09898
G1 F1500 X110.574 Y54.73 E2205.11024
G1 X110.867 Y54.482 E2205.123
G1 X111.332 Y54.303 E2205.13958
G1 X123.916 Y54.3 E2205.55812
G1 X124.8 Y53.416 E2205.5997
G1 X124.8 Y15.584 E2206.858
G1 X123.916 Y14.7 E2206.89958
G1 X96.084 Y14.7 E2207.82528
G1 X95.2 Y15.584 E2207.86686
G1 X95.2 Y53.416 E2209.12515
G1 X96.084 Y54.3 E2209.16673
G1 X108.67 Y54.304 E2209.58535
G1 X108.966 Y54.395 E2209.59565
G1 X109.327 Y54.627 E2209.60992
G1 X109.496 Y54.831 E2209.61873
G1 X109.61 Y55.098 E2209.62839
G1 F1333.3 X109.748 Y55.369 E2209.63976
G1 F1200 X109.75 Y205.25 E2215.87109
G1 X110.25 Y205.25 E2215.89188
G1 F1500 E2209.39188
G0 F9000 X110.03 Y205.03
G0 X109.937 Y55.281
G0 X109.289 Y53.771
G0 X109.166 Y53.961
;TYPE:FILL
G1 F1500 E2215.89188
G1 F3000 X124.319 Y49.901 E2216.41365
G0 F9000 X124.1 Y49.901
G0 X124.1 Y48.438
G0 X124.319 Y48.438
G1 F3000 X95.679 Y19.798 E2217.76079
G0 F9000 X95.679 Y20.305
G1 F3000 X114.807 Y15.179 E2218.41943
G0 F9000 X114.807 Y15.4
G0 X116.517 Y15.4
G0 X116.517 Y15.18
G1 F3000 X124.319 Y22.982 E2218.78642
G0 F9000 X124.1 Y22.982
G0 X124.1 Y25.054
G0 X124.318 Y25.054
G1 F3000 X95.679 Y32.728 E2219.77256
G0 F9000 X95.9 Y32.728
G0 X95.9 Y36.768
G0 X95.679 Y36.768
G1 F3000 X112.73 Y53.82 E2220.57461
G0 F9000 X112.985 Y53.819
G1 F3000 X123.338 Y15.179 E2221.90511
G0 F9000 X123.338 Y15.4
G0 X124.1 Y18.842
G0 X124.318 Y18.842
G1 F3000 X95.68 Y26.516 E2222.89122
G0 F9000 X95.679 Y25.677
G1 F3000 X98.492 Y15.179 E2223.2527
G0 F9000 X98.492 Y15.4
G0 X99.546 Y15.4
G0 X99.546 Y15.18
G1 F3000 X124.319 Y39.952 E2224.41792
G0 F9000 X124.1 Y39.952
G0 X124.1 Y37.477
G0 X124.319 Y37.477
G1 F3000 X95.68 Y45.151 E2225.40406
G1 X95.679 Y45.254
G1 X104.245 Y53.82 E2225.80698
G0 F9000 X104.245 Y53.6
G0 X106.773 Y53.6
G0 X106.773 Y53.819
G1 F3000 X117.127 Y15.179 E2227.13749
G0 F9000 X117.127 Y15.4
G0 X110.915 Y15.4
G0 X110.915 Y15.18
G1 F3000 X100.561 Y53.82 E2228.46801
G0 F9000 X100.561 Y53.6
G0 X95.9 Y51.363
G0 X95.68 Y51.363
G1 F3000 X124.318 Y43.689 E2229.45411
G0 F9000 X124.1 Y43.689
G0 X124.1 Y34.702
G0 X124.319 Y34.702
G1 F3000 X119.197 Y53.819 E2230.11237
G0 F9000 X119.197 Y53.6
G0 X121.215 Y53.6
G0 X121.215 Y53.82
G1 F3000 X95.679 Y28.283 E2231.31353
G0 F9000 X95.9 Y28.283
G0 X95.9 Y38.94
G0 X95.679 Y38.94
G1 F3000 X124.318 Y31.266 E2232.29967
G0 F9000 X124.319 Y31.467
G1 F3000 X108.031 Y15.18 E2233.06579
G0 F9000 X108.031 Y15.4
G0 X104.703 Y15.4
G0 X104.703 Y15.179
G1 F3000 X95.679 Y48.857 E2234.22544
G0 F9000 X96.2 Y48.857
G1 F1500 E2227.72544
;MESH:NONMESH
G0 F300 X96.2 Y48.857 Z8.2
G0 F9000 X107.099 Y54.08
G0 X107.099 Y55.165
G0 X106.235 Y196
G0 X107.099 Y196
;TIME_ELAPSED:2875.349207
;LAYER:40
;TYPE:SUPPORT
G1 F1500 E2234.22544
G1 X108.499 Y196 E2234.272
G1 X108.499 Y195.231 E2234.29758
G1 X108.299 Y195.149 E2234.30477
G1 X108.299 Y195.082 E2234.307
G1 X107.337 Y195.082 E2234.33899
G1 X107.14 Y195.163 E2234.34608
G1 X107.099 Y195.309 E2234.35112
G1 X107.099 Y199.875 E2234.50299
G1 X107.179 Y200.072 E2234.51006
G1 X107.325 Y200.113 E2234.5151
G1 X108.031 Y200.141 E2234.5386
G1 X108.299 Y200.174 E2234.54758
G1 X108.299 Y200.115 E2234.54955
G1 X108.499 Y200.064 E2234.55641
G1 X108.499 Y200 E2234.55854
G1 X107.149 Y200 E2234.60344
G1 F1500 E2228.10344
G0 F9000 X107.192 Y200.973
G0 X108.847 Y206.153
G0 X111.153 Y206.153
G0 X111.154 Y201.114
G0 X111.499 Y200
G1 F1500 E2234.60344
G1 X112.866 Y200 E2234.64891
G1 X112.664 Y200.11 E2234.65656
G1 X112.236 Y200.116 E2234.67079
G1 X111.699 Y200.184 E2234.6888
G1 X111.699 Y200.118 E2234.69099
G1 X111.499 Y200.063 E2234.69789
G1 X111.499 Y195.248 E2234.85804
G1 X111.699 Y195.176 E2234.86511
G1 X111.699 Y195.081 E2234.86827
G1 X112.672 Y195.081 E2234.90063
G1 X112.818 Y195.121 E2234.90567
G1 X112.899 Y195.319 E2234.91278
G1 X112.899 Y196 E2234.93543
G1 X111.499 Y196 E2234.98199
G1 F1500 E2228.48199
;MESH:Viga_Rectangular.stl
G0 F9000 X110.08 Y196
G0 X110 Y54.413
G0 X110 Y54.974
;TYPE:WALL-INNER
G1 F1500 E2234.98199
G1 X110.125 Y54.681 E2234.99471
G1 X110.331 Y54.412 E2235.00823
G1 X110.641 Y54.139 E2235.02472
G1 X111.275 Y53.9 E2235.05176
G1 X123.75 Y53.9 E2235.54967
G1 X124.4 Y53.25 E2235.58635
G1 X124.4 Y15.75 E2237.08306
G1 X123.75 Y15.1 E2237.11975
G1 X96.25 Y15.1 E2238.21733
G1 X95.6 Y15.75 E2238.25402
G1 X95.6 Y53.25 E2239.75073
G1 X96.25 Y53.9 E2239.78742
G1 X108.723 Y53.9 E2240.28524
G1 X109.361 Y54.141 E2240.31246
G1 X109.736 Y54.471 E2240.3324
G1 X109.942 Y54.814 E2240.34837
G1 X110 Y54.974 E2240.35516
G1 F1500 E2233.85516
G0 F9000 X110 Y54.413
G0 X110.03 Y205.03
G0 X110.25 Y205.25
;TYPE:WALL-OUTER
G1 F1500 E2240.35516
G1 F1200 X110.25 Y55.358 E2246.58695
G1 F1333.3 X110.457 Y54.905 E2246.60558
G1 F1500 X110.595 Y54.712 E2246.61347
G1 X110.871 Y54.477 E2246.62553
G1 X111.332 Y54.3 E2246.64195
G1 X123.916 Y54.3 E2247.0605
G1 X124.8 Y53.416 E2247.10208
G1 X124.8 Y15.584 E2248.36038
G1 X123.916 Y14.7 E2248.40196
G1 X96.084 Y14.7 E2249.32765
G1 X95.2 Y15.584 E2249.36923
G1 X95.2 Y53.416 E2250.62753
G1 X96.084 Y54.3 E2250.66911
G1 X108.672 Y54.304 E2251.08779
G1 X109.13 Y54.478 E2251.10409
G1 X109.405 Y54.712 E2251.1161
G1 X109.544 Y54.908 E2251.12409
G1 F1333.3 X109.75 Y55.358 E2251.14261
G1 F1200 X109.75 Y205.25 E2257.37439
G1 X110.25 Y205.25 E2257.39518
G1 F1500 E2250.89518
G0 F9000 X110.03 Y205.03
G0 X109.938 Y55.278
G0 X109.44 Y53.848
G0 X109.36 Y54.056
;TYPE:FILL
G1 F1500 E2257.39518
G1 F3000 X124.319 Y50.048 E2257.91027
G0 F9000 X124.1 Y50.048
G0 X124.1 Y48.237
G0 X124.319 Y48.237
G1 F3000 X95.679 Y19.597 E2259.2574
G0 F9000 X95.679 Y20.452
G1 F3000 X115.356 Y15.179 E2259.93496
G0 F9000 X115.356 Y15.4
G0 X116.717 Y15.4
G0 X116.717 Y15.18
G1 F3000 X124.319 Y22.781 E2260.29251
G0 F9000 X124.1 Y22.781
G0 X124.1 Y25.201
G0 X124.318 Y25.201
G1 F3000 X95.679 Y32.875 E2261.27865
G0 F9000 X95.9 Y32.875
G0 X95.9 Y36.568
G0 X95.679 Y36.568
G1 F3000 X112.931 Y53.82 E2262.09013
G1 X112.838 Y53.819
G1 X123.191 Y15.179 E2263.42063
G0 F9000 X123.191 Y15.4
G0 X124.1 Y18.99
G0 X124.318 Y18.99
G1 F3000 X95.68 Y26.663 E2264.40673
G0 F9000 X95.9 Y26.663
G0 X95.9 Y28.082
G0 X95.679 Y28.082
G1 F3000 X121.416 Y53.82 E2265.61734
G0 F9000 X121.416 Y53.6
G0 X119.05 Y53.6
G0 X119.05 Y53.819
G1 F3000 X124.319 Y34.153 E2266.29451
G0 F9000 X124.1 Y34.153
G0 X124.1 Y31.413
G0 X124.318 Y31.413
G1 F3000 X95.679 Y39.087 E2267.28065
G0 F9000 X95.9 Y39.087
G0 X95.9 Y45.053
G0 X95.679 Y45.053
G1 F3000 X104.446 Y53.82 E2267.69302
G0 F9000 X104.446 Y53.6
G0 X106.626 Y53.6
G0 X106.626 Y53.819
G1 F3000 X116.98 Y15.179 E2269.02353
G0 F9000 X116.98 Y15.4
G0 X110.768 Y15.4
G0 X110.768 Y15.18
G1 F3000 X100.414 Y53.82 E2270.35404
G0 F9000 X100.414 Y53.6
G0 X95.9 Y51.51
G0 X95.68 Y51.51
G1 F3000 X124.318 Y43.836 E2271.34015
G0 F9000 X124.1 Y43.836
G0 X124.1 Y39.752
G0 X124.319 Y39.752
G1 F3000 X99.747 Y15.18 E2272.49594
G0 F9000 X99.747 Y15.4
G0 X98.345 Y15.4
G0 X98.345 Y15.179
G1 F3000 X95.679 Y25.128 E2272.83852
G0 F9000 X95.9 Y25.128
G0 X104.556 Y15.4
G0 X104.556 Y15.179
G1 F3000 X95.679 Y48.308 E2273.97927
G0 F9000 X95.9 Y48.308
G0 X95.9 Y45.298
G0 X95.68 Y45.298
G1 F3000 X124.319 Y37.624 E2274.96541
G0 F9000 X124.1 Y37.624
G0 X124.1 Y31.266
G0 X124.319 Y31.266
G1 F3000 X108.232 Y15.18 E2275.72207
G0 F9000 X108.232 Y15.7
G1 F1500 E2269.22207
;MESH:NONMESH
G0 F300 X108.232 Y15.7 Z8.4
G0 F9000 X109.256 Y54.291
G0 X108.688 Y55.234
G0 X106.236 Y195.189
G0 X106.236 Y200.042
G0 X106.542 Y200.784
G0 X107.068 Y200.937
G0 X107.961 Y201.003
G0 X108 Y200.139
;TIME_ELAPSED:2928.149954
;LAYER:41
;TYPE:SUPPORT
G1 F1500 E2275.72207
G1 X107.326 Y200.113 E2275.7445
G1 X107.18 Y200.072 E2275.74955
G1 X107.1 Y199.875 E2275.75662
G1 X107.1 Y195.309 E2275.90849
G1 X107.141 Y195.163 E2275.91353
G1 X107.338 Y195.082 E2275.92061
G1 X108 Y195.082 E2275.94263
G1 X108.3 Y195.082 E2275.95261
G1 X108.3 Y195.149 E2275.95484
G1 X108.5 Y195.231 E2275.96203
G1 X108.5 Y200.064 E2276.12277
G1 X108.3 Y200.115 E2276.12964
G1 X108.3 Y200.174 E2276.1316
G1 X108.032 Y200.141 E2276.14058
G1 X108 Y200.139 E2276.14165
G1 X108 Y195.082 E2276.30985
G1 F1500 E2269.80985
G0 F9000 X108 Y194.217
G0 X107.169 Y194.218
G0 X106.425 Y194.526
G0 X106.236 Y195.189
G0 X106.236 Y200.042
G0 X108.847 Y206.153
G0 X111.153 Y206.153
G0 X112.106 Y201.003
G0 X112 Y200.147
G1 F1500 E2276.30985
G1 X111.7 Y200.184 E2276.3199
G1 X111.7 Y200.118 E2276.32209
G1 X111.5 Y200.063 E2276.32899
G1 X111.5 Y195.248 E2276.48914
G1 X111.7 Y195.176 E2276.49621
G1 X111.7 Y195.081 E2276.49937
G1 X112 Y195.081 E2276.50935
G1 X112.673 Y195.081 E2276.53173
G1 X112.819 Y195.121 E2276.53677
G1 X112.9 Y195.319 E2276.54388
G1 X112.9 Y199.883 E2276.69568
G1 X112.86 Y200.028 E2276.70069
G1 X112.665 Y200.11 E2276.70772
G1 X112.241 Y200.116 E2276.72182
G1 X112 Y200.147 E2276.72991
G1 X112 Y195.081 E2276.8984
G1 F1500 E2270.3984
;MESH:Viga_Rectangular.stl
G0 F9000 X110.08 Y195.081
G0 X110.001 Y54.413
G0 X109.981 Y54.949
;TYPE:WALL-INNER
G1 F1500 E2276.8984
G1 X110.261 Y54.474 E2276.92041
G1 X110.647 Y54.136 E2276.94089
G1 X111.269 Y53.9 E2276.96744
G1 X123.75 Y53.9 E2277.46558
G1 X124.4 Y53.25 E2277.50227
G1 X124.4 Y15.75 E2278.99898
G1 X123.75 Y15.1 E2279.03567
G1 X96.25 Y15.1 E2280.13325
G1 X95.6 Y15.75 E2280.16994
G1 X95.6 Y53.25 E2281.66665
G1 X96.25 Y53.9 E2281.70333
G1 X108.703 Y53.9 E2282.20036
G1 X109.105 Y54.012 E2282.21702
G1 X109.578 Y54.308 E2282.23929
G1 X109.812 Y54.588 E2282.25385
G1 X109.981 Y54.949 E2282.26976
G1 F1500 E2275.76976
G0 F9000 X110.001 Y54.413
G0 X110.03 Y205.03
G0 X110.25 Y205.25
;TYPE:WALL-OUTER
G1 F1500 E2282.26976
G1 F1200 X110.25 Y55.367 E2288.50117
G1 F1333.3 X110.398 Y55.031 E2288.51491
G1 F1500 X110.573 Y54.731 E2288.52646
G1 X110.877 Y54.473 E2288.53972
G1 X111.331 Y54.303 E2288.55585
G1 X123.916 Y54.3 E2288.97443
G1 X124.8 Y53.416 E2289.01601
G1 X124.8 Y15.584 E2290.2743
G1 X123.916 Y14.7 E2290.31588
G1 X96.084 Y14.7 E2291.24158
G1 X95.2 Y15.584 E2291.28316
G1 X95.2 Y53.416 E2292.54146
G1 X96.084 Y54.3 E2292.58304
G1 X108.674 Y54.305 E2293.00178
G1 X108.959 Y54.392 E2293.01169
G1 X109.315 Y54.616 E2293.02568
G1 X109.5 Y54.839 E2293.03532
G1 X109.613 Y55.104 E2293.0449
G1 F1333.3 X109.748 Y55.364 E2293.05587
G1 F1200 X109.75 Y205.25 E2299.2874
G1 X110.25 Y205.25 E2299.30819
G1 F1500 E2292.80819
G0 F9000 X110.03 Y205.03
G0 X109.937 Y55.283
G0 X109.616 Y53.98
G0 X109.499 Y54.165
;TYPE:FILL
G1 F1500 E2299.30819
G1 F3000 X124.319 Y50.194 E2299.81849
G0 F9000 X124.1 Y50.194
G0 X124.1 Y48.038
G0 X124.319 Y48.038
G1 F3000 X95.679 Y19.398 E2301.16563
G0 F9000 X95.9 Y19.398
G0 X95.9 Y20.598
G0 X95.679 Y20.598
G1 F3000 X115.901 Y15.179 E2301.86195
G0 F9000 X116.834 Y15.18
G1 F3000 X106.48 Y53.82 E2303.19246
G0 F9000 X106.48 Y53.6
G0 X104.645 Y53.6
G0 X104.645 Y53.82
G1 F3000 X95.679 Y44.853 E2303.61421
G0 F9000 X95.68 Y45.444
G1 F3000 X124.318 Y37.77 E2304.60032
G0 F9000 X124.1 Y37.77
G0 X124.1 Y39.552
G0 X124.319 Y39.552
G1 F3000 X99.946 Y15.18 E2305.74673
G0 F9000 X99.946 Y15.4
G0 X98.199 Y15.4
G0 X98.199 Y15.18
G1 F3000 X95.679 Y24.583 E2306.07051
G0 F9000 X95.9 Y24.583
G0 X95.9 Y26.809
G0 X95.68 Y26.809
G1 F3000 X124.318 Y19.135 E2307.05662
G0 F9000 X124.1 Y19.135
G0 X124.1 Y22.582
G0 X124.319 Y22.582
G1 F3000 X116.917 Y15.18 E2307.40479
G0 F9000 X116.917 Y15.4
G0 X123.045 Y15.4
G0 X123.045 Y15.179
G1 F3000 X112.692 Y53.819 E2308.73529
G0 F9000 X113.13 Y53.82
G1 F3000 X95.679 Y36.368 E2309.55616
G0 F9000 X95.9 Y36.368
G0 X95.9 Y39.232
G0 X95.68 Y39.232
G1 F3000 X124.319 Y31.559 E2310.54229
G0 F9000 X124.319 Y31.067
G1 F3000 X108.431 Y15.18 E2311.28959
G0 F9000 X108.431 Y15.4
G0 X110.622 Y15.4
G0 X110.622 Y15.179
G1 F3000 X100.268 Y53.82 E2312.62013
G0 F9000 X100.268 Y53.6
G0 X95.9 Y51.656
G0 X95.679 Y51.656
G1 F3000 X124.318 Y43.982 E2313.60627
G0 F9000 X124.1 Y43.982
G0 X121.616 Y53.6
G0 X121.616 Y53.82
G1 F3000 X95.679 Y27.883 E2314.82627
G0 F9000 X95.9 Y27.883
G0 X95.9 Y33.021
G0 X95.679 Y33.021
G1 F3000 X124.318 Y25.347 E2315.81241
G0 F9000 X124.1 Y25.347
G0 X124.1 Y33.609
G0 X124.319 Y33.609
G1 F3000 X118.904 Y53.819 E2316.50831
G0 F9000 X118.904 Y53.6
G0 X95.9 Y47.764
G0 X95.679 Y47.764
G1 F3000 X104.41 Y15.179 E2317.63032
G0 F9000 X104.41 Y15.7
G1 F1500 E2311.13032
;MESH:NONMESH
G0 F300 X104.41 Y15.7 Z8.6
G0 F9000 X107.099 Y54.08
G0 X107.099 Y55.165
G0 X106.235 Y196
G0 X107.099 Y196
;TIME_ELAPSED:2981.256811
;LAYER:42
;TYPE:SUPPORT
G1 F1500 E2317.63032
G1 X108.499 Y196 E2317.67688
G1 X108.499 Y195.231 E2317.70246
G1 X108.299 Y195.149 E2317.70965
G1 X108.299 Y195.082 E2317.71188
G1 X107.337 Y195.082 E2317.74387
G1 X107.14 Y195.163 E2317.75096
G1 X107.099 Y195.309 E2317.756
G1 X107.099 Y199.875 E2317.90787
G1 X107.179 Y200.072 E2317.91494
G1 X107.325 Y200.113 E2317.91998
G1 X108.031 Y200.141 E2317.94348
G1 X108.299 Y200.174 E2317.95247
G1 X108.299 Y200.115 E2317.95443
G1 X108.499 Y200.064 E2317.96129
G1 X108.499 Y200 E2317.96342
G1 X107.149 Y200 E2318.00832
G1 F1500 E2311.50832
G0 F9000 X107.192 Y200.973
G0 X108.847 Y206.153
G0 X111.153 Y206.153
G0 X111.154 Y201.113
G0 X111.499 Y200
G1 F1500 E2318.00832
G1 X112.866 Y200 E2318.05379
G1 X112.664 Y200.11 E2318.06144
G1 X112.24 Y200.116 E2318.07554
G1 X111.699 Y200.184 E2318.09368
G1 X111.699 Y200.118 E2318.09587
G1 X111.499 Y200.063 E2318.10277
G1 X111.499 Y195.248 E2318.26292
G1 X111.699 Y195.176 E2318.26999
G1 X111.699 Y195.081 E2318.27315
G1 X112.672 Y195.081 E2318.30551
G1 X112.818 Y195.121 E2318.31055
G1 X112.899 Y195.319 E2318.31766
G1 X112.899 Y196 E2318.34031
G1 X111.499 Y196 E2318.38688
G1 F1500 E2311.88688
;MESH:Viga_Rectangular.stl
G0 F9000 X110.08 Y196
G0 X110 Y54.413
G0 X109.981 Y54.946
;TYPE:WALL-INNER
G1 F1500 E2318.38688
G1 X110.263 Y54.473 E2318.40885
G1 X110.654 Y54.133 E2318.42954
G1 X111.28 Y53.9 E2318.45619
G1 X123.75 Y53.9 E2318.9539
G1 X124.4 Y53.25 E2318.99059
G1 X124.4 Y15.75 E2320.48729
G1 X123.75 Y15.1 E2320.52398
G1 X96.25 Y15.1 E2321.62157
G1 X95.6 Y15.75 E2321.65826
G1 X95.6 Y53.25 E2323.15496
G1 X96.25 Y53.9 E2323.19165
G1 X108.707 Y53.9 E2323.68884
G1 X109.104 Y54.013 E2323.70531
G1 X109.579 Y54.307 E2323.72761
G1 X109.811 Y54.585 E2323.74206
G1 X109.981 Y54.946 E2323.75799
G1 F1500 E2317.25799
G0 F9000 X110 Y54.413
G0 X110.03 Y205.03
G0 X110.25 Y205.25
;TYPE:WALL-OUTER
G1 F1500 E2323.75799
G1 F1200 X110.25 Y55.371 E2329.98923
G1 F1333.3 X110.396 Y55.032 E2330.00304
G1 F1500 X110.576 Y54.73 E2330.01473
G1 X110.881 Y54.472 E2330.02802
G1 X111.334 Y54.3 E2330.04414
G1 X123.916 Y54.3 E2330.46262
G1 X124.8 Y53.416 E2330.5042
G1 X124.8 Y15.584 E2331.76249
G1 X123.916 Y14.7 E2331.80408
G1 X96.084 Y14.7 E2332.72977
G1 X95.2 Y15.584 E2332.77135
G1 X95.2 Y53.416 E2334.02965
G1 X96.084 Y54.3 E2334.07123
G1 X108.673 Y54.305 E2334.48994
G1 X108.957 Y54.391 E2334.49981
G1 X109.312 Y54.612 E2334.51372
G1 X109.503 Y54.841 E2334.52364
G1 X109.615 Y55.111 E2334.53336
G1 F1333.3 X109.748 Y55.368 E2334.54419
G1 F1200 X109.75 Y205.25 E2340.77556
G1 X110.25 Y205.25 E2340.79635
G1 F1500 E2334.29635
G0 F9000 X110.03 Y205.03
G0 X109.937 Y55.288
G0 X109.82 Y54.131
G0 X109.652 Y54.271
;TYPE:FILL
G1 F1500 E2340.79635
G1 F3000 X111.035 Y53.9 E2340.84397
G0 F9000 X111.335 Y53.82
G1 F3000 X124.319 Y50.341 E2341.29105
G0 F9000 X124.1 Y50.341
G0 X124.1 Y47.837
G0 X124.319 Y47.837
G1 F3000 X95.679 Y19.197 E2342.63819
G0 F9000 X95.9 Y19.197
G0 X95.9 Y20.745
G0 X95.679 Y20.745
G1 F3000 X116.449 Y15.179 E2343.35338
G0 F9000 X116.687 Y15.18
G1 F3000 X106.333 Y53.82 E2344.68389
G0 F9000 X106.333 Y53.6
G0 X104.846 Y53.6
G0 X104.846 Y53.82
G1 F3000 X95.679 Y44.653 E2345.11508
G0 F9000 X95.68 Y45.591
G1 F3000 X124.318 Y37.917 E2346.10119
G0 F9000 X124.1 Y37.917
G0 X124.1 Y39.351
G0 X124.319 Y39.351
G1 F3000 X100.147 Y15.18 E2347.23814
G0 F9000 X100.147 Y15.4
G0 X98.052 Y15.4
G0 X98.052 Y15.18
G1 F3000 X95.679 Y24.035 E2347.54305
G0 F9000 X95.9 Y24.035
G0 X95.9 Y26.956
G0 X95.68 Y26.956
G1 F3000 X124.318 Y19.282 E2348.52916
G0 F9000 X124.1 Y19.282
G0 X124.1 Y22.381
G0 X124.319 Y22.381
G1 F3000 X117.118 Y15.18 E2348.86787
G0 F9000 X117.118 Y15.4
G0 X122.898 Y15.4
G0 X122.898 Y15.179
G1 F3000 X112.545 Y53.82 E2350.19841
G0 F9000 X113.331 Y53.82
G1 F3000 X95.679 Y36.167 E2351.02873
G0 F9000 X95.9 Y36.167
G0 X95.9 Y33.168
G0 X95.679 Y33.168
G1 F3000 X124.318 Y25.494 E2352.01487
G0 F9000 X124.1 Y25.494
G0 X124.1 Y30.866
G0 X124.319 Y30.866
G1 F3000 X108.632 Y15.18 E2352.75271
G0 F9000 X108.632 Y15.4
G0 X110.475 Y15.4
G0 X110.475 Y15.179
G1 F3000 X100.121 Y53.82 E2354.08326
G0 F9000 X100.121 Y53.6
G0 X96.36 Y53.6
G0 X96.36 Y53.82
G1 F3000 X95.679 Y53.138 E2354.11531
G0 F9000 X95.9 Y53.138
G0 X95.9 Y51.803
G0 X95.679 Y51.803
G1 F3000 X124.318 Y44.129 E2355.10145
G0 F9000 X124.1 Y44.129
G0 X121.816 Y53.6
G0 X121.816 Y53.82
G1 F3000 X95.679 Y27.682 E2356.33088
G0 F9000 X95.9 Y27.682
G0 X95.9 Y39.38
G0 X95.679 Y39.38
G1 F3000 X124.319 Y31.706 E2357.31705
G0 F9000 X124.1 Y31.706
G0 X124.1 Y33.06
G0 X124.319 Y33.06
G1 F3000 X118.756 Y53.82 E2358.03189
G0 F9000 X118.756 Y53.6
G0 X95.9 Y47.215
G0 X95.679 Y47.215
G1 F3000 X104.263 Y15.179 E2359.135
G0 F9000 X104.263 Y15.7
G1 F1500 E2352.635
;MESH:NONMESH
G0 F300 X104.263 Y15.7 Z8.8
G0 F9000 X108 Y54.08
G0 X108 Y55.165
G0 X106.236 Y195.189
G0 X106.236 Y200.042
G0 X106.542 Y200.784
G0 X107.068 Y200.937
G0 X107.961 Y201.003
G0 X108 Y200.139
;TIME_ELAPSED:3034.174246
;LAYER:43
;TYPE:SUPPORT
G1 F1500 E2359.135
G1 X107.326 Y200.113 E2359.15744
G1 X107.18 Y200.072 E2359.16248
G1 X107.1 Y199.875 E2359.16955
G1 X107.1 Y195.309 E2359.32142
G1 X107.141 Y195.163 E2359.32646
G1 X107.338 Y195.082 E2359.33355
G1 X108 Y195.082 E2359.35556
G1 X108.3 Y195.082 E2359.36554
G1 X108.3 Y195.149 E2359.36777
G1 X108.5 Y195.231 E2359.37496
G1 X108.5 Y200.064 E2359.53571
G1 X108.3 Y200.115 E2359.54257
G1 X108.3 Y200.174 E2359.54453
G1 X108.032 Y200.141 E2359.55352
G1 X108 Y200.139 E2359.55458
G1 X108 Y195.082 E2359.72278
G1 F1500 E2353.22278
G0 F9000 X108 Y194.217
G0 X107.169 Y194.218
G0 X106.425 Y194.526
G0 X106.236 Y195.189
G0 X106.236 Y200.042
G0 X108.847 Y206.153
G0 X111.153 Y206.153
G0 X112.106 Y201.004
G0 X112 Y200.147
G1 F1500 E2359.72278
G1 X111.7 Y200.184 E2359.73283
G1 X111.7 Y200.118 E2359.73503
G1 X111.5 Y200.063 E2359.74193
G1 X111.5 Y195.248 E2359.90207
G1 X111.7 Y195.176 E2359.90914
G1 X111.7 Y195.081 E2359.9123
G1 X112 Y195.081 E2359.92228
G1 X112.673 Y195.081 E2359.94467
G1 X112.819 Y195.121 E2359.9497
G1 X112.9 Y195.319 E2359.95682
G1 X112.9 Y199.883 E2360.10861
G1 X112.86 Y200.028 E2360.11362
G1 X112.665 Y200.11 E2360.12065
G1 X112.241 Y200.116 E2360.13476
G1 X112 Y200.147 E2360.14284
G1 X112 Y195.081 E2360.31133
G1 F1500 E2353.81133
;MESH:Viga_Rectangular.stl
G0 F9000 X110.08 Y195.081
G0 X110.004 Y54.422
G0 X109.998 Y54.918
;TYPE:WALL-INNER
G1 F1500 E2360.31133
G1 X110.261 Y54.477 E2360.33183
G1 X110.654 Y54.134 E2360.35265
G1 X111.26 Y53.902 E2360.37855
G1 X123.75 Y53.9 E2360.87705
G1 X124.4 Y53.25 E2360.91374
G1 X124.4 Y15.75 E2362.41044
G1 X123.75 Y15.1 E2362.44713
G1 X96.25 Y15.1 E2363.54472
G1 X95.6 Y15.75 E2363.58141
G1 X95.6 Y53.25 E2365.07811
G1 X96.25 Y53.9 E2365.1148
G1 X108.733 Y53.9 E2365.61302
G1 X109.355 Y54.136 E2365.63958
G1 X109.767 Y54.514 E2365.66189
G1 X109.998 Y54.918 E2365.68047
G1 F1500 E2359.18047
G0 F9000 X110.004 Y54.422
G0 X110.03 Y205.03
G0 X110.25 Y205.25
;TYPE:WALL-OUTER
G1 F1500 E2365.68047
G1 F1200 X110.25 Y55.371 E2371.91171
G1 F1333.3 X110.391 Y55.041 E2371.92514
G1 F1500 X110.589 Y54.721 E2371.93766
G1 X110.887 Y54.47 E2371.95061
G1 X111.336 Y54.303 E2371.96655
G1 X123.916 Y54.3 E2372.38496
G1 X124.8 Y53.416 E2372.42654
G1 X124.8 Y15.584 E2373.68484
G1 X123.916 Y14.7 E2373.72642
G1 X96.084 Y14.7 E2374.65211
G1 X95.2 Y15.584 E2374.6937
G1 X95.2 Y53.416 E2375.95199
G1 X96.084 Y54.3 E2375.99357
G1 X108.668 Y54.304 E2376.41212
G1 X109.135 Y54.477 E2376.42868
G1 X109.463 Y54.786 E2376.44367
G1 X109.608 Y55.044 E2376.45351
G1 F1333.3 X109.75 Y55.371 E2376.46685
G1 F1200 X109.75 Y205.25 E2382.6981
G1 X110.25 Y205.25 E2382.71889
G1 F1500 E2376.21889
G0 F9000 X110.03 Y205.03
G0 X109.98 Y120.14
G0 X109.899 Y54.23
G0 X109.751 Y54.39
;TYPE:FILL
G1 F1500 E2382.71889
G1 F3000 X110.456 Y54.201 E2382.74316
G0 F9000 X110.312 Y54.034
G0 X111.133 Y53.699
G0 X111.881 Y53.6
G0 X111.881 Y53.819
G1 F3000 X124.319 Y50.487 E2383.17144
G0 F9000 X124.1 Y50.487
G0 X124.1 Y47.637
G0 X124.319 Y47.637
G1 F3000 X95.679 Y18.997 E2384.51858
G0 F9000 X95.9 Y18.997
G0 X95.9 Y20.89
G0 X95.68 Y20.89
G1 F3000 X116.994 Y15.179 E2385.25249
G0 F9000 X117.317 Y15.18
G1 F3000 X124.319 Y22.181 E2385.58182
G0 F9000 X124.1 Y22.181
G0 X124.1 Y19.428
G0 X124.318 Y19.428
G1 F3000 X95.679 Y27.102 E2386.56796
G0 F9000 X95.679 Y27.483
G1 F3000 X122.016 Y53.82 E2387.80677
G0 F9000 X122.016 Y53.6
G0 X118.611 Y53.6
G0 X118.611 Y53.819
G1 F3000 X124.319 Y32.516 E2388.54031
G0 F9000 X124.319 Y31.852
G1 F3000 X95.68 Y39.525 E2389.52644
G0 F9000 X95.9 Y39.525
G0 X95.9 Y35.968
G0 X95.679 Y35.968
G1 F3000 X113.53 Y53.82 E2390.36612
G0 F9000 X113.53 Y53.6
G0 X112.399 Y53.6
G0 X112.399 Y53.819
G1 F3000 X122.752 Y15.18 E2391.69659
G0 F9000 X122.752 Y15.4
G0 X116.541 Y15.4
G0 X116.541 Y15.18
G1 F3000 X106.187 Y53.82 E2393.0271
G0 F9000 X106.187 Y53.6
G0 X105.045 Y53.6
G0 X105.045 Y53.82
G1 F3000 X95.679 Y44.453 E2393.46767
G0 F9000 X95.9 Y44.453
G0 X95.9 Y45.737
G0 X95.679 Y45.737
G1 F3000 X124.318 Y38.063 E2394.45381
G0 F9000 X124.1 Y38.063
G0 X124.1 Y39.152
G0 X124.319 Y39.152
G1 F3000 X100.346 Y15.18 E2395.58141
G0 F9000 X100.346 Y15.4
G0 X97.906 Y15.4
G0 X97.906 Y15.179
G1 F3000 X95.679 Y23.49 E2395.86758
G0 F9000 X95.9 Y23.49
G0 X95.9 Y33.314
G0 X95.679 Y33.314
G1 F3000 X124.318 Y25.64 E2396.85372
G0 F9000 X124.1 Y25.64
G0 X124.1 Y30.667
G0 X124.319 Y30.667
G1 F3000 X108.832 Y15.18 E2397.58218
G0 F9000 X108.832 Y15.4
G0 X110.329 Y15.4
G0 X110.329 Y15.179
G1 F3000 X99.976 Y53.819 E2398.91269
G0 F9000 X99.976 Y53.6
G0 X96.56 Y53.6
G0 X96.56 Y53.82
G1 F3000 X95.679 Y52.938 E2398.95415
G0 F9000 X95.679 Y51.949
G1 F3000 X124.319 Y44.275 E2399.94032
G0 F9000 X124.1 Y44.275
G0 X95.9 Y46.671
G0 X95.679 Y46.671
G1 F3000 X104.117 Y15.179 E2401.0247
G0 F9000 X104.117 Y15.7
G1 F1500 E2394.5247
;MESH:NONMESH
G0 F300 X104.117 Y15.7 Z9
G0 F9000 X107.099 Y54.08
G0 X107.099 Y55.165
G0 X106.235 Y196
G0 X107.099 Y196
;TIME_ELAPSED:3087.495437
;LAYER:44
;TYPE:SUPPORT
G1 F1500 E2401.0247
G1 X108.499 Y196 E2401.07126
G1 X108.499 Y195.231 E2401.09684
G1 X108.299 Y195.149 E2401.10403
G1 X108.299 Y195.082 E2401.10626
G1 X107.337 Y195.082 E2401.13825
G1 X107.14 Y195.163 E2401.14534
G1 X107.099 Y195.309 E2401.15038
G1 X107.099 Y199.875 E2401.30225
G1 X107.179 Y200.072 E2401.30932
G1 X107.325 Y200.113 E2401.31436
G1 X108.031 Y200.141 E2401.33786
G1 X108.299 Y200.174 E2401.34684
G1 X108.299 Y200.115 E2401.34881
G1 X108.499 Y200.064 E2401.35567
G1 X108.499 Y200 E2401.3578
G1 X107.149 Y200 E2401.4027
G1 F1500 E2394.9027
G0 F9000 X107.192 Y200.973
G0 X108.847 Y206.153
G0 X111.153 Y206.153
G0 X111.154 Y201.114
G0 X111.499 Y200
G1 F1500 E2401.4027
G1 X112.866 Y200 E2401.44817
G1 X112.664 Y200.11 E2401.45582
G1 X112.235 Y200.116 E2401.47009
G1 X111.699 Y200.184 E2401.48806
G1 X111.699 Y200.118 E2401.49025
G1 X111.499 Y200.063 E2401.49715
G1 X111.499 Y195.248 E2401.6573
G1 X111.699 Y195.176 E2401.66437
G1 X111.699 Y195.081 E2401.66753
G1 X112.672 Y195.081 E2401.69989
G1 X112.818 Y195.121 E2401.70493
G1 X112.899 Y195.319 E2401.71204
G1 X112.899 Y196 E2401.73469
G1 X111.499 Y196 E2401.78126
G1 F1500 E2395.28126
;MESH:Viga_Rectangular.stl
G0 F9000 X110.08 Y196
G0 X109.999 Y54.413
G0 X109.999 Y54.981
;TYPE:WALL-INNER
G1 F1500 E2401.78126
G1 X110.132 Y54.671 E2401.79472
G1 X110.285 Y54.45 E2401.80545
G1 X110.661 Y54.13 E2401.82515
G1 X111.278 Y53.9 E2401.85143
G1 X123.75 Y53.9 E2402.34922
G1 X124.4 Y53.25 E2402.38591
G1 X124.4 Y15.75 E2403.88261
G1 X123.75 Y15.1 E2403.9193
G1 X96.25 Y15.1 E2405.01689
G1 X95.6 Y15.75 E2405.05358
G1 X95.6 Y53.25 E2406.55028
G1 X96.25 Y53.9 E2406.58697
G1 X108.72 Y53.9 E2407.08468
G1 X109.338 Y54.128 E2407.11097
G1 X109.651 Y54.391 E2407.12728
G1 X109.868 Y54.671 E2407.14142
G1 X109.999 Y54.981 E2407.15485
G1 F1500 E2400.65485
G0 F9000 X109.999 Y54.413
G0 X110.03 Y205.03
G0 X110.25 Y205.25
;TYPE:WALL-OUTER
G1 F1500 E2407.15485
G1 F1200 X110.25 Y55.362 E2413.38647
G1 F1263.2 X110.512 Y54.79 E2413.41132
G1 F1411.8 X110.879 Y54.47 E2413.42853
G1 F1500 X111.333 Y54.303 E2413.44462
G1 X123.916 Y54.3 E2413.86313
G1 X124.8 Y53.416 E2413.90471
G1 X124.8 Y15.584 E2415.16301
G1 X123.916 Y14.7 E2415.20459
G1 X96.084 Y14.7 E2416.13029
G1 X95.2 Y15.584 E2416.17187
G1 X95.2 Y53.416 E2417.43016
G1 X96.084 Y54.3 E2417.47174
G1 X108.67 Y54.304 E2417.89036
G1 X109.112 Y54.468 E2417.90604
G1 X109.382 Y54.687 E2417.9176
G1 X109.537 Y54.897 E2417.92628
G1 F1333.3 X109.75 Y55.362 E2417.94542
G1 F1200 X109.75 Y205.25 E2424.17704
G1 X110.25 Y205.25 E2424.19783
G1 F1500 E2417.69783
G0 F9000 X110.03 Y205.03
G0 X110.027 Y54.381
G0 X109.845 Y54.511
;TYPE:FILL
G1 F1500 E2424.19783
G1 F3000 X110.238 Y54.405 E2424.21136
G0 F9000 X110.087 Y54.229
G0 X110.548 Y53.912
G0 X111.092 Y53.71
G0 X112.252 Y53.6
G0 X112.252 Y53.824
G1 F3000 X122.606 Y15.18 E2425.542
G0 F9000 X122.606 Y15.4
G0 X124.1 Y19.575
G0 X124.318 Y19.575
G1 F3000 X95.679 Y27.248 E2426.52814
G1 X95.679 Y27.283
G1 X122.215 Y53.82 E2427.77633
G0 F9000 X122.215 Y53.6
G0 X118.464 Y53.6
G0 X118.464 Y53.821
G1 F3000 X124.319 Y31.971 E2428.5287
G1 X124.318 Y31.998
G1 X95.68 Y39.671 E2429.5148
G0 F9000 X95.9 Y39.671
G0 X95.9 Y35.768
G0 X95.679 Y35.768
G1 F3000 X113.733 Y53.822 E2430.36401
G0 F9000 X113.733 Y53.6
G0 X112.411 Y53.6
G0 X112.411 Y53.823
G1 F3000 X124.318 Y50.633 E2430.774
G0 F9000 X124.1 Y50.633
G0 X124.1 Y47.438
G0 X124.319 Y47.438
G1 F3000 X95.679 Y18.798 E2432.12114
G0 F9000 X95.9 Y18.798
G0 X95.9 Y21.037
G0 X95.679 Y21.037
G1 F3000 X117.538 Y15.179 E2432.87383
G1 X117.516 Y15.18
G1 X124.319 Y21.982 E2433.1938
G0 F9000 X124.1 Y21.982
G0 X124.1 Y25.786
G0 X124.319 Y25.786
G1 F3000 X95.68 Y33.46 E2434.17994
G0 F9000 X95.9 Y33.46
G0 X95.9 Y22.945
G0 X95.679 Y22.945
G1 F3000 X97.76 Y15.179 E2434.44735
G0 F9000 X97.76 Y15.4
G0 X100.546 Y15.4
G0 X100.546 Y15.18
G1 F3000 X124.319 Y38.953 E2435.56556
G0 F9000 X124.318 Y38.209
G1 F3000 X95.679 Y45.883 E2436.5517
G0 F9000 X95.679 Y46.126
G1 F3000 X103.971 Y15.18 E2437.61728
G0 F9000 X103.971 Y15.4
G0 X109.031 Y15.4
G0 X109.031 Y15.18
G1 F3000 X124.319 Y30.467 E2438.33635
G0 F9000 X124.1 Y30.467
G0 X124.1 Y44.421
G0 X124.319 Y44.421
G1 F3000 X95.68 Y52.095 E2439.32249
G0 F9000 X95.679 Y52.739
G1 F3000 X96.759 Y53.82 E2439.37332
G0 F9000 X96.759 Y53.6
G0 X99.83 Y53.6
G0 X99.83 Y53.819
G1 F3000 X110.183 Y15.179 E2440.70382
G0 F9000 X110.183 Y15.4
G0 X116.395 Y15.4
G0 X116.395 Y15.179
G1 F3000 X106.041 Y53.82 E2442.03436
G0 F9000 X105.245 Y53.82
G1 F3000 X95.679 Y44.254 E2442.48432
G0 F9000 X96.2 Y44.254
G1 F1500 E2435.98432
;MESH:NONMESH
G0 F300 X96.2 Y44.254 Z9.2
G0 F9000 X108 Y54.08
G0 X108 Y55.165
G0 X106.236 Y195.189
G0 X106.236 Y200.042
G0 X106.542 Y200.784
G0 X107.068 Y200.937
G0 X107.961 Y201.003
G0 X108 Y200.139
;TIME_ELAPSED:3139.947107
;LAYER:45
;TYPE:SUPPORT
G1 F1500 E2442.48432
G1 X107.326 Y200.113 E2442.50675
G1 X107.18 Y200.072 E2442.5118
G1 X107.1 Y199.875 E2442.51887
G1 X107.1 Y195.309 E2442.67073
G1 X107.141 Y195.163 E2442.67578
G1 X107.338 Y195.082 E2442.68286
G1 X108 Y195.082 E2442.70488
G1 X108.3 Y195.082 E2442.71486
G1 X108.3 Y195.15 E2442.71712
G1 X108.5 Y195.232 E2442.72431
G1 X108.5 Y200.063 E2442.88499
G1 X108.3 Y200.114 E2442.89185
G1 X108.3 Y200.174 E2442.89385
G1 X108.032 Y200.141 E2442.90283
G1 X108 Y200.139 E2442.9039
G1 X108 Y195.082 E2443.07209
G1 F1500 E2436.57209
G0 F9000 X108 Y194.217
G0 X107.169 Y194.218
G0 X106.425 Y194.526
G0 X106.236 Y195.189
G0 X106.236 Y200.042
G0 X108.847 Y206.153
G0 X111.153 Y206.153
G0 X112.107 Y201.003
G0 X112 Y200.147
G1 F1500 E2443.07209
G1 X111.7 Y200.184 E2443.08215
G1 X111.7 Y200.118 E2443.08434
G1 X111.5 Y200.063 E2443.09124
G1 X111.5 Y195.248 E2443.25139
G1 X111.7 Y195.176 E2443.25846
G1 X111.7 Y195.081 E2443.26162
G1 X112 Y195.081 E2443.2716
G1 X112.673 Y195.081 E2443.29398
G1 X112.819 Y195.121 E2443.29902
G1 X112.9 Y195.319 E2443.30613
G1 X112.9 Y199.883 E2443.45793
G1 X112.86 Y200.028 E2443.46293
G1 X112.665 Y200.11 E2443.46997
G1 X112.237 Y200.116 E2443.48421
G1 X112 Y200.147 E2443.49216
G1 X112 Y195.081 E2443.66065
G1 F1500 E2437.16065
;MESH:Viga_Rectangular.stl
G0 F9000 X110.08 Y195.081
G0 X109.999 Y54.416
G0 X109.983 Y54.948
;TYPE:WALL-INNER
G1 F1500 E2443.66065
G1 X110.266 Y54.469 E2443.68286
G1 X110.678 Y54.115 E2443.70454
G1 X111.28 Y53.9 E2443.73005
G1 X123.75 Y53.9 E2444.22776
G1 X124.4 Y53.25 E2444.26444
G1 X124.4 Y15.75 E2445.76115
G1 X123.75 Y15.1 E2445.79784
G1 X96.25 Y15.1 E2446.89542
G1 X95.6 Y15.75 E2446.93211
G1 X95.6 Y53.25 E2448.42882
G1 X96.25 Y53.9 E2448.46551
G1 X108.697 Y53.9 E2448.96229
G1 X109.09 Y54.006 E2448.97854
G1 X109.559 Y54.289 E2449.0004
G1 X109.817 Y54.597 E2449.01644
G1 X109.983 Y54.948 E2449.03194
G1 F1500 E2442.53194
G0 F9000 X109.999 Y54.416
G0 X110.03 Y205.03
G0 X110.25 Y205.25
;TYPE:WALL-OUTER
G1 F1500 E2449.03194
G1 F1200 X110.25 Y55.378 E2455.26289
G1 F1333.3 X110.393 Y55.041 E2455.27659
G1 F1500 X110.577 Y54.729 E2455.28863
G1 X110.882 Y54.466 E2455.30203
G1 X111.343 Y54.302 E2455.3183
G1 X123.916 Y54.3 E2455.73648
G1 X124.8 Y53.416 E2455.77806
G1 X124.8 Y15.584 E2457.03636
G1 X123.916 Y14.7 E2457.07794
G1 X96.084 Y14.7 E2458.00364
G1 X95.2 Y15.584 E2458.04522
G1 X95.2 Y53.416 E2459.30352
G1 X96.084 Y54.3 E2459.3451
G1 X108.667 Y54.305 E2459.76361
G1 X108.913 Y54.372 E2459.77209
G1 X109.295 Y54.597 E2459.78683
G1 X109.533 Y54.882 E2459.79918
G1 X109.618 Y55.116 E2459.80747
G1 F1333.3 X109.75 Y55.378 E2459.81844
G1 F1200 X109.75 Y205.25 E2466.0494
G1 X110.25 Y205.25 E2466.07018
G1 F1500 E2459.57018
G0 F9000 X110.03 Y205.03
G0 X109.999 Y54.416
G0 X109.948 Y54.63
;TYPE:FILL
G1 F1500 E2466.07018
G1 F3000 X110.098 Y54.59 E2466.07535
G0 F9000 X109.999 Y54.416
G0 X110.554 Y53.907
G0 X111.099 Y53.709
G0 X112.106 Y53.6
G0 X112.106 Y53.82
G1 F3000 X122.459 Y15.18 E2467.40585
G0 F9000 X122.459 Y15.4
G0 X118.087 Y15.4
G0 X118.087 Y15.179
G1 F3000 X95.68 Y21.184 E2468.17741
G0 F9000 X95.9 Y21.184
G0 X95.9 Y22.396
G0 X95.679 Y22.396
G1 F3000 X97.613 Y15.179 E2468.42592
G0 F9000 X97.613 Y15.4
G0 X100.747 Y15.4
G0 X100.747 Y15.18
G1 F3000 X124.319 Y38.752 E2469.53467
G0 F9000 X124.318 Y38.356
G1 F3000 X95.679 Y46.03 E2470.52081
G0 F9000 X95.679 Y45.577
G1 F3000 X103.824 Y15.18 E2471.56749
G0 F9000 X103.824 Y15.4
G0 X109.232 Y15.4
G0 X109.232 Y15.18
G1 F3000 X124.319 Y30.266 E2472.27711
G0 F9000 X124.1 Y30.266
G0 X124.1 Y31.422
G0 X124.319 Y31.422
G1 F3000 X118.317 Y53.819 E2473.04832
G0 F9000 X118.317 Y53.6
G0 X122.416 Y53.6
G0 X122.416 Y53.82
G1 F3000 X95.679 Y27.082 E2474.30597
G0 F9000 X95.679 Y27.395
G1 F3000 X124.318 Y19.722 E2475.2921
G0 F9000 X124.1 Y19.722
G0 X124.1 Y21.781
G0 X124.319 Y21.781
G1 F3000 X117.717 Y15.18 E2475.60262
G0 F9000 X117.717 Y15.4
G0 X116.248 Y15.4
G0 X116.248 Y15.179
G1 F3000 X105.894 Y53.82 E2476.93316
G0 F9000 X105.445 Y53.82
G1 F3000 X95.679 Y44.053 E2477.39255
G0 F9000 X95.9 Y44.053
G0 X95.9 Y39.818
G0 X95.68 Y39.818
G1 F3000 X124.318 Y32.145 E2478.37865
G0 F9000 X124.1 Y32.145
G0 X124.1 Y25.933
G0 X124.318 Y25.933
G1 F3000 X95.679 Y33.607 E2479.36479
G0 F9000 X95.9 Y33.607
G0 X95.9 Y35.568
G0 X95.679 Y35.568
G1 F3000 X113.931 Y53.82 E2480.22331
G0 F9000 X112.976 Y53.819
G1 F3000 X124.318 Y50.78 E2480.61385
G0 F9000 X124.1 Y50.78
G0 X124.1 Y47.237
G0 X124.319 Y47.237
G1 F3000 X95.679 Y18.597 E2481.96099
G0 F9000 X95.9 Y18.597
G0 X110.036 Y15.4
G0 X110.036 Y15.179
G1 F3000 X99.683 Y53.819 E2483.29149
G0 F9000 X99.683 Y53.6
G0 X96.96 Y53.6
G0 X96.96 Y53.82
G1 F3000 X95.679 Y52.538 E2483.35177
G0 F9000 X95.68 Y52.242
G1 F3000 X124.319 Y44.568 E2484.33791
G0 F9000 X123.8 Y44.568
G1 F1500 E2477.83791
;MESH:NONMESH
G0 F300 X123.8 Y44.568 Z9.4
G0 F9000 X110.392 Y54.574
G0 X110.158 Y54.972
G0 X110.08 Y55.251
G0 X110.06 Y160.035
G0 X111.165 Y160.035
G0 X113.764 Y195.15
G0 X113.764 Y199.999
G0 X113.581 Y200.658
G0 X111.153 Y206.153
G0 X108.847 Y206.153
G0 X106.236 Y200.042
G0 X106.235 Y196
G0 X107.099 Y196
;TIME_ELAPSED:3193.830581
;LAYER:46
;TYPE:SUPPORT
G1 F1500 E2484.33791
G1 X108.499 Y196 E2484.38447
G1 X108.499 Y195.234 E2484.40995
G1 X108.299 Y195.151 E2484.41715
G1 X108.299 Y195.082 E2484.41945
G1 X107.337 Y195.082 E2484.45144
G1 X107.14 Y195.163 E2484.45853
G1 X107.099 Y195.309 E2484.46357
G1 X107.099 Y199.875 E2484.61544
G1 X107.179 Y200.072 E2484.62251
G1 X107.325 Y200.113 E2484.62755
G1 X108.031 Y200.141 E2484.65105
G1 X108.299 Y200.174 E2484.66003
G1 X108.299 Y200.114 E2484.66203
G1 X108.499 Y200.063 E2484.66889
G1 X108.499 Y200 E2484.67099
G1 X107.149 Y200 E2484.71589
G1 F1500 E2478.21589
G0 F9000 X107.192 Y200.973
G0 X108.847 Y206.153
G0 X111.153 Y206.153
G0 X111.154 Y201.112
G0 X111.499 Y200
G1 F1500 E2484.71589
G1 X112.866 Y200 E2484.76136
G1 X112.664 Y200.11 E2484.76901
G1 X112.24 Y200.116 E2484.78311
G1 X111.699 Y200.184 E2484.80125
G1 X111.699 Y200.118 E2484.80344
G1 X111.499 Y200.063 E2484.81034
G1 X111.499 Y195.248 E2484.97049
G1 X111.699 Y195.176 E2484.97756
G1 X111.699 Y195.081 E2484.98072
G1 X112.672 Y195.081 E2485.01308
G1 X112.818 Y195.121 E2485.01811
G1 X112.899 Y195.319 E2485.02523
G1 X112.899 Y196 E2485.04788
G1 X111.499 Y196 E2485.09444
G1 F1500 E2478.59444
;MESH:Viga_Rectangular.stl
G0 F9000 X110.08 Y196
G0 X109.999 Y54.417
G0 X109.985 Y54.949
;TYPE:WALL-INNER
G1 F1500 E2485.09444
G1 X110.264 Y54.467 E2485.11667
G1 X110.675 Y54.12 E2485.13814
G1 X111.28 Y53.9 E2485.16383
G1 X123.75 Y53.9 E2485.66154
G1 X124.4 Y53.25 E2485.69823
G1 X124.4 Y15.75 E2487.19493
G1 X123.75 Y15.1 E2487.23162
G1 X96.25 Y15.1 E2488.32921
G1 X95.6 Y15.75 E2488.3659
G1 X95.6 Y53.25 E2489.8626
G1 X96.25 Y53.9 E2489.89929
G1 X108.707 Y53.9 E2490.39648
G1 X109.095 Y54.014 E2490.41262
G1 X109.553 Y54.284 E2490.43384
G1 X109.819 Y54.6 E2490.45032
G1 X109.985 Y54.949 E2490.46575
G1 F1500 E2483.96575
G0 F9000 X109.999 Y54.417
G0 X110.03 Y205.03
G0 X110.25 Y205.25
;TYPE:WALL-OUTER
G1 F1500 E2490.46575
G1 F1200 X110.25 Y55.377 E2496.69674
G1 F1333.3 X110.392 Y55.045 E2496.71025
G1 F1500 X110.576 Y54.727 E2496.72247
G1 X110.89 Y54.462 E2496.73614
G1 X111.358 Y54.3 E2496.75261
G1 X123.916 Y54.3 E2497.17029
G1 X124.8 Y53.416 E2497.21187
G1 X124.8 Y15.584 E2498.47017
G1 X123.916 Y14.7 E2498.51175
G1 X96.084 Y14.7 E2499.43745
G1 X95.2 Y15.584 E2499.47903
G1 X95.2 Y53.416 E2500.73733
G1 X96.084 Y54.3 E2500.77891
G1 X108.666 Y54.305 E2501.19738
G1 X108.941 Y54.384 E2501.2069
G1 X109.292 Y54.594 E2501.22051
G1 X109.535 Y54.885 E2501.23311
G1 X109.62 Y55.119 E2501.2414
G1 F1333.3 X109.75 Y55.377 E2501.25221
G1 F1200 X109.75 Y205.25 E2507.4832
G1 X110.25 Y205.25 E2507.50399
G1 F1500 E2501.00399
G0 F9000 X110.03 Y205.03
G0 X110.061 Y55.315
G0 X110.157 Y54.976
G0 X110.392 Y54.572
G0 X110.37 Y54.117
G0 X111.96 Y53.6
G0 X111.96 Y53.819
;TYPE:FILL
G1 F1500 E2507.50399
G1 F3000 X122.313 Y15.18 E2508.83446
G0 F9000 X122.313 Y15.4
G0 X118.633 Y15.4
G0 X118.633 Y15.179
G1 F3000 X95.679 Y21.33 E2509.62485
G0 F9000 X95.679 Y21.852
G1 F3000 X97.467 Y15.179 E2509.85462
G0 F9000 X97.467 Y15.4
G0 X100.946 Y15.4
G0 X100.946 Y15.18
G1 F3000 X124.319 Y38.552 E2510.95399
G1 X124.319 Y38.502
G1 X95.679 Y46.176 E2511.94017
G0 F9000 X95.9 Y46.176
G0 X95.9 Y45.033
G0 X95.679 Y45.033
G1 F3000 X103.679 Y15.179 E2512.96815
G0 F9000 X103.679 Y15.4
G0 X109.431 Y15.4
G0 X109.431 Y15.18
G1 F3000 X124.319 Y30.067 E2513.66841
G0 F9000 X124.319 Y30.878
G1 F3000 X118.171 Y53.82 E2514.45839
G0 F9000 X118.171 Y53.6
G0 X114.13 Y53.6
G0 X114.13 Y53.82
G1 F3000 X95.679 Y35.368 E2515.32629
G0 F9000 X95.9 Y35.368
G0 X95.9 Y33.753
G0 X95.68 Y33.753
G1 F3000 X124.318 Y26.079 E2516.3124
G0 F9000 X124.1 Y26.079
G0 X124.1 Y21.582
G0 X124.319 Y21.582
G1 F3000 X117.917 Y15.18 E2516.61353
G0 F9000 X117.917 Y15.4
G0 X116.102 Y15.4
G0 X116.102 Y15.179
G1 F3000 X105.748 Y53.819 E2517.94404
G1 X105.645 Y53.82
G1 X95.679 Y43.854 E2518.41281
G0 F9000 X95.9 Y43.854
G0 X95.9 Y39.964
G0 X95.679 Y39.964
G1 F3000 X124.318 Y32.291 E2519.39894
G0 F9000 X124.1 Y32.291
G0 X124.1 Y19.868
G0 X124.318 Y19.868
G1 F3000 X95.679 Y27.541 E2520.38507
G0 F9000 X95.679 Y26.883
G1 F3000 X122.615 Y53.82 E2521.65208
G0 F9000 X122.615 Y53.6
G0 X124.1 Y50.926
G0 X124.318 Y50.926
G1 F3000 X113.52 Y53.819 E2522.02389
G0 F9000 X113.52 Y53.6
G0 X124.1 Y47.038
G0 X124.319 Y47.038
G1 F3000 X95.679 Y18.398 E2523.37103
G0 F9000 X95.9 Y18.398
G0 X109.89 Y15.4
G0 X109.89 Y15.18
G1 F3000 X99.537 Y53.819 E2524.7015
G0 F9000 X99.537 Y53.6
G0 X97.16 Y53.6
G0 X97.16 Y53.82
G1 F3000 X95.679 Y52.339 E2524.77116
G1 X95.68 Y52.388
G1 X124.319 Y44.714 E2525.7573
G0 F9000 X123.8 Y44.714
G1 F1500 E2519.2573
;MESH:NONMESH
G0 F300 X123.8 Y44.714 Z9.6
G0 F9000 X110.392 Y54.572
G0 X110.157 Y54.976
G0 X110.08 Y55.25
G0 X110.08 Y200.139
G0 X108 Y200.139
;TIME_ELAPSED:3246.258570
;LAYER:47
;TYPE:SUPPORT
G1 F1500 E2525.7573
G1 X107.326 Y200.113 E2525.77974
G1 X107.18 Y200.072 E2525.78478
G1 X107.1 Y199.875 E2525.79185
G1 X107.1 Y195.309 E2525.94372
G1 X107.141 Y195.163 E2525.94876
G1 X107.338 Y195.082 E2525.95585
G1 X108 Y195.082 E2525.97787
G1 X108.3 Y195.082 E2525.98784
G1 X108.3 Y195.15 E2525.99011
G1 X108.5 Y195.234 E2525.99732
G1 X108.5 Y200.062 E2526.1579
G1 X108.3 Y200.113 E2526.16477
G1 X108.3 Y200.174 E2526.16679
G1 X108.032 Y200.141 E2526.17578
G1 X108 Y200.139 E2526.17684
G1 X108 Y195.082 E2526.34504
G1 F1500 E2519.84504
G0 F9000 X108 Y194.217
G0 X107.169 Y194.218
G0 X106.425 Y194.526
G0 X106.236 Y195.189
G0 X106.236 Y200.042
G0 X108.847 Y206.153
G0 X111.153 Y206.153
G0 X112.107 Y201.003
G0 X112 Y200.147
G1 F1500 E2526.34504
G1 X111.7 Y200.184 E2526.35509
G1 X111.7 Y200.118 E2526.35729
G1 X111.5 Y200.063 E2526.36419
G1 X111.5 Y195.248 E2526.52433
G1 X111.7 Y195.176 E2526.5314
G1 X111.7 Y195.081 E2526.53456
G1 X112 Y195.081 E2526.54454
G1 X112.673 Y195.081 E2526.56693
G1 X112.819 Y195.121 E2526.57196
G1 X112.9 Y195.319 E2526.57908
G1 X112.9 Y199.883 E2526.73087
G1 X112.86 Y200.028 E2526.73588
G1 X112.665 Y200.11 E2526.74291
G1 X112.241 Y200.116 E2526.75702
G1 X112 Y200.147 E2526.7651
G1 X112 Y195.081 E2526.93359
G1 F1500 E2520.43359
;MESH:Viga_Rectangular.stl
G0 F9000 X110.08 Y195.081
G0 X109.998 Y54.411
G0 X109.999 Y54.989
;TYPE:WALL-INNER
G1 F1500 E2526.93359
G1 X110.141 Y54.659 E2526.94793
G1 X110.335 Y54.406 E2526.96066
G1 X110.691 Y54.107 E2526.97921
G1 X111.286 Y53.9 E2527.00436
G1 X123.75 Y53.9 E2527.50182
G1 X124.4 Y53.25 E2527.53851
G1 X124.4 Y15.75 E2529.03522
G1 X123.75 Y15.1 E2529.07191
G1 X96.25 Y15.1 E2530.16949
G1 X95.6 Y15.75 E2530.20618
G1 X95.6 Y53.25 E2531.70289
G1 X96.25 Y53.9 E2531.73957
G1 X108.692 Y53.9 E2532.23616
G1 X109.08 Y54.004 E2532.25219
G1 X109.548 Y54.279 E2532.27386
G1 X109.857 Y54.657 E2532.29334
G1 X109.999 Y54.989 E2532.30776
G1 F1500 E2525.80776
G0 F9000 X109.998 Y54.411
G0 X110.03 Y205.03
G0 X110.25 Y205.25
;TYPE:WALL-OUTER
G1 F1500 E2532.30776
G1 F1200 X110.25 Y55.366 E2538.53921
G1 F1333.3 X110.469 Y54.889 E2538.55885
G1 F1500 X110.607 Y54.699 E2538.56666
G1 X110.903 Y54.458 E2538.57935
G1 X111.362 Y54.3 E2538.5955
G1 X123.916 Y54.3 E2539.01305
G1 X124.8 Y53.416 E2539.05463
G1 X124.8 Y15.584 E2540.31293
G1 X123.916 Y14.7 E2540.35451
G1 X96.084 Y14.7 E2541.2802
G1 X95.2 Y15.584 E2541.32178
G1 X95.2 Y53.416 E2542.58008
G1 X96.084 Y54.3 E2542.62166
G1 X108.663 Y54.305 E2543.04004
G1 X108.94 Y54.384 E2543.04962
G1 X109.285 Y54.587 E2543.06294
G1 X109.527 Y54.881 E2543.0756
G1 F1333.3 X109.75 Y55.371 E2543.09574
G1 F1200 X109.75 Y205.25 E2549.32699
G1 X110.25 Y205.25 E2549.34778
G1 F1500 E2542.84778
G0 F9000 X110.03 Y205.03
G0 X110.061 Y55.287
G0 X110.24 Y54.798
G0 X110.417 Y54.547
G0 X111.813 Y53.6
G0 X111.813 Y53.82
;TYPE:FILL
G1 F1500 E2549.34778
G1 F3000 X122.166 Y15.18 E2550.67828
G0 F9000 X122.166 Y15.4
G0 X119.18 Y15.4
G0 X119.18 Y15.179
G1 F3000 X95.679 Y21.477 E2551.48751
G1 X95.679 Y21.303
G1 X97.32 Y15.179 E2551.69838
G0 F9000 X97.32 Y15.4
G0 X95.9 Y18.197
G0 X95.679 Y18.197
G1 F3000 X124.319 Y46.837 E2553.04552
G0 F9000 X124.1 Y46.837
G0 X124.1 Y44.861
G0 X124.319 Y44.861
G1 F3000 X95.68 Y52.535 E2554.03166
G0 F9000 X95.679 Y52.138
G1 F3000 X97.36 Y53.82 E2554.11075
G0 F9000 X97.36 Y53.6
G0 X99.39 Y53.6
G0 X99.39 Y53.819
G1 F3000 X109.743 Y15.179 E2555.44125
G1 X109.632 Y15.18
G1 X124.319 Y29.866 E2556.13206
G0 F9000 X124.319 Y30.329
G1 F3000 X118.024 Y53.819 E2556.94091
G0 F9000 X118.024 Y53.6
G0 X114.331 Y53.6
G0 X114.331 Y53.82
G1 F3000 X95.679 Y35.167 E2557.81827
G0 F9000 X95.9 Y35.167
G0 X95.9 Y33.9
G0 X95.68 Y33.9
G1 F3000 X124.318 Y26.226 E2558.80437
G0 F9000 X124.1 Y26.226
G0 X124.1 Y21.381
G0 X124.319 Y21.381
G1 F3000 X118.117 Y15.18 E2559.09607
G0 F9000 X118.117 Y15.4
G0 X115.955 Y15.4
G0 X115.955 Y15.179
G1 F3000 X105.601 Y53.82 E2560.42662
G0 F9000 X105.846 Y53.82
G1 F3000 X95.679 Y43.653 E2560.90484
G0 F9000 X95.679 Y44.484
G1 F3000 X103.532 Y15.179 E2561.91392
G0 F9000 X103.532 Y15.4
G0 X101.147 Y15.4
G0 X101.147 Y15.18
G1 F3000 X124.319 Y38.352 E2563.00386
G0 F9000 X124.319 Y38.649
G1 F3000 X95.679 Y46.323 E2563.99003
G0 F9000 X95.9 Y46.323
G0 X95.9 Y40.111
G0 X95.679 Y40.111
G1 F3000 X124.318 Y32.438 E2564.97616
G0 F9000 X124.1 Y32.438
G0 X124.1 Y20.015
G0 X124.318 Y20.015
G1 F3000 X95.679 Y27.688 E2565.9623
G0 F9000 X95.9 Y27.688
G0 X95.9 Y26.682
G0 X95.679 Y26.682
G1 F3000 X122.816 Y53.82 E2567.23876
G0 F9000 X122.816 Y53.6
G0 X124.1 Y51.073
G0 X124.318 Y51.073
G1 F3000 X114.067 Y53.82 E2567.59174
G0 F9000 X114.067 Y53.3
G1 F1500 E2561.09174
;MESH:NONMESH
G0 F300 X114.067 Y53.3 Z9.8
G0 F9000 X110.772 Y54.251
G0 X110.417 Y54.547
G0 X110.24 Y54.798
G0 X110.096 Y55.194
G0 X109.92 Y196
G0 X107.099 Y196
;TIME_ELAPSED:3298.666078
;LAYER:48
;TYPE:SUPPORT
G1 F1500 E2567.59174
G1 X108.499 Y196 E2567.6383
G1 X108.499 Y195.234 E2567.66378
G1 X108.299 Y195.15 E2567.671
G1 X108.299 Y195.082 E2567.67326
G1 X107.337 Y195.082 E2567.70525
G1 X107.14 Y195.163 E2567.71234
G1 X107.099 Y195.309 E2567.71738
G1 X107.099 Y199.875 E2567.86925
G1 X107.179 Y200.071 E2567.87629
G1 X107.327 Y200.113 E2567.88141
G1 X108.031 Y200.141 E2567.90484
G1 X108.299 Y200.174 E2567.91382
G1 X108.299 Y200.112 E2567.91588
G1 X108.499 Y200.061 E2567.92275
G1 X108.499 Y200 E2567.92478
G1 X107.15 Y200 E2567.96964
G1 F1500 E2561.46964
G0 F9000 X107.191 Y200.972
G0 X108.847 Y206.153
G0 X111.153 Y206.153
G0 X111.154 Y201.113
G0 X111.499 Y200
G1 F1500 E2567.96964
G1 X112.866 Y200 E2568.01511
G1 X112.664 Y200.11 E2568.02276
G1 X112.24 Y200.116 E2568.03687
G1 X111.699 Y200.184 E2568.055
G1 X111.699 Y200.118 E2568.0572
G1 X111.499 Y200.063 E2568.06409
G1 X111.499 Y195.248 E2568.22424
G1 X111.699 Y195.176 E2568.23131
G1 X111.699 Y195.081 E2568.23447
G1 X112.672 Y195.081 E2568.26683
G1 X112.818 Y195.121 E2568.27187
G1 X112.899 Y195.319 E2568.27898
G1 X112.899 Y196 E2568.30163
G1 X111.499 Y196 E2568.3482
G1 F1500 E2561.8482
;MESH:Viga_Rectangular.stl
G0 F9000 X110.08 Y196
G0 X110.001 Y54.41
G0 X109.999 Y54.988
;TYPE:WALL-INNER
G1 F1500 E2568.3482
G1 X110.173 Y54.615 E2568.36463
G1 X110.46 Y54.275 E2568.38238
G1 X110.909 Y54.012 E2568.40315
G1 X111.299 Y53.9 E2568.41935
G1 X123.75 Y53.9 E2568.91629
G1 X124.4 Y53.25 E2568.95298
G1 X124.4 Y15.75 E2570.44969
G1 X123.75 Y15.1 E2570.48638
G1 X96.25 Y15.1 E2571.58396
G1 X95.6 Y15.75 E2571.62065
G1 X95.6 Y53.25 E2573.11736
G1 X96.25 Y53.9 E2573.15405
G1 X108.7 Y53.9 E2573.65095
G1 X109.089 Y54.007 E2573.66705
G1 X109.536 Y54.273 E2573.68782
G1 X109.827 Y54.614 E2573.70571
G1 X109.999 Y54.988 E2573.72214
G1 F1500 E2567.22214
G0 F9000 X110.001 Y54.41
G0 X110.03 Y205.03
G0 X110.25 Y205.25
;TYPE:WALL-OUTER
G1 F1500 E2573.72214
G1 F1200 X110.25 Y55.366 E2579.95359
G1 F1263.2 X110.462 Y54.893 E2579.97406
G1 F1411.8 X110.739 Y54.571 E2579.98907
G1 F1500 X111.055 Y54.386 E2580.00125
G1 X111.341 Y54.303 E2580.01116
G1 X123.916 Y54.3 E2580.4294
G1 X124.8 Y53.416 E2580.47098
G1 X124.8 Y15.584 E2581.72928
G1 X123.916 Y14.7 E2581.77086
G1 X96.084 Y14.7 E2582.69656
G1 X95.2 Y15.584 E2582.73814
G1 X95.2 Y53.416 E2583.99644
G1 X96.084 Y54.3 E2584.03802
G1 X108.66 Y54.303 E2584.4563
G1 X108.947 Y54.387 E2584.46624
G1 X109.259 Y54.57 E2584.47827
G1 X109.519 Y54.869 E2584.49145
G1 F1333.3 X109.75 Y55.373 E2584.5122
G1 F1200 X109.75 Y205.25 E2590.74336
G1 X110.25 Y205.25 E2590.76415
G1 F1500 E2584.26415
G0 F9000 X110.03 Y205.03
G0 X110.061 Y55.289
G0 X110.248 Y54.778
G0 X110.238 Y54.229
G0 X111.667 Y53.6
G0 X111.667 Y53.819
;TYPE:FILL
G1 F1500 E2590.76415
G1 F3000 X122.02 Y15.179 E2592.09465
G0 F9000 X122.02 Y15.4
G0 X119.726 Y15.4
G0 X119.726 Y15.179
G1 F3000 X95.679 Y21.623 E2592.92267
G0 F9000 X95.679 Y20.758
G1 F3000 X97.174 Y15.179 E2593.11478
G0 F9000 X96.545 Y15.179
G1 F3000 X96.187 Y15.275 E2593.12711
G0 F9000 X96.342 Y15.43
G0 X95.9 Y17.997
G0 X95.679 Y17.997
G1 F3000 X124.319 Y46.637 E2594.47424
G0 F9000 X124.1 Y46.637
G0 X124.1 Y45.007
G0 X124.318 Y45.007
G1 F3000 X95.68 Y52.681 E2595.46035
G0 F9000 X95.679 Y51.939
G1 F3000 X97.56 Y53.82 E2595.54883
G0 F9000 X97.56 Y53.6
G0 X99.243 Y53.6
G0 X99.243 Y53.82
G1 F3000 X109.597 Y15.18 E2596.87934
G0 F9000 X109.832 Y15.18
G1 F3000 X124.319 Y29.667 E2597.56076
G1 X124.319 Y29.785
G1 X117.878 Y53.82 E2598.38838
G0 F9000 X117.878 Y53.6
G0 X114.613 Y53.6
G0 X114.613 Y53.819
G1 F3000 X124.319 Y51.218 E2598.72259
G0 F9000 X124.1 Y51.218
G0 X124.1 Y52.966
G0 X124.319 Y52.966
G1 F3000 X124.227 Y53.308 E2598.73437
G0 F9000 X124.074 Y53.154
G0 X123.016 Y53.6
G0 X123.016 Y53.82
G1 F3000 X95.679 Y26.483 E2600.02022
G0 F9000 X95.9 Y26.483
G0 X95.9 Y27.834
G0 X95.679 Y27.834
G1 F3000 X124.318 Y20.161 E2601.00635
G0 F9000 X124.1 Y20.161
G0 X124.1 Y21.182
G0 X124.319 Y21.182
G1 F3000 X118.317 Y15.18 E2601.28867
G0 F9000 X118.317 Y15.4
G0 X115.809 Y15.4
G0 X115.809 Y15.179
G1 F3000 X105.455 Y53.819 E2602.61918
G0 F9000 X106.045 Y53.82
G1 F3000 X95.679 Y43.453 E2603.10679
G0 F9000 X95.679 Y43.939
G1 F3000 X103.386 Y15.179 E2604.0971
G0 F9000 X103.386 Y15.4
G0 X101.346 Y15.4
G0 X101.346 Y15.18
G1 F3000 X124.319 Y38.152 E2605.17766
G0 F9000 X124.319 Y38.795
G1 F3000 X95.68 Y46.469 E2606.1638
G0 F9000 X95.9 Y46.469
G0 X95.9 Y40.258
G0 X95.679 Y40.258
G1 F3000 X124.318 Y32.584 E2607.14994
G0 F9000 X124.1 Y32.584
G0 X124.1 Y26.372
G0 X124.318 Y26.372
G1 F3000 X95.68 Y34.046 E2608.13605
G0 F9000 X95.679 Y34.968
G1 F3000 X114.53 Y53.82 E2609.02276
G0 F9000 X114.53 Y53.3
G1 F1500 E2602.52276
;MESH:NONMESH
G0 F300 X114.53 Y53.3 Z10
G0 F9000 X110.987 Y54.151
G0 X110.577 Y54.388
G0 X110.248 Y54.778
G0 X110.097 Y55.191
G0 X109.92 Y200.137
G0 X108 Y200.137
;TIME_ELAPSED:3350.343682
;LAYER:49
;TYPE:SUPPORT
G1 F1500 E2609.02276
G1 X107.984 Y200.136 E2609.0233
G1 X107.329 Y200.112 E2609.0451
G1 X107.182 Y200.072 E2609.05016
G1 X107.1 Y199.874 E2609.05729
G1 X107.1 Y195.309 E2609.20912
G1 X107.141 Y195.163 E2609.21417
G1 X107.338 Y195.082 E2609.22125
G1 X108 Y195.082 E2609.24327
G1 X108.3 Y195.082 E2609.25325
G1 X108.3 Y195.15 E2609.25551
G1 X108.5 Y195.234 E2609.26272
G1 X108.5 Y200.061 E2609.42327
G1 X108.3 Y200.111 E2609.43013
G1 X108.3 Y200.174 E2609.43222
G1 X108 Y200.137 E2609.44228
G1 X108 Y195.082 E2609.61041
G1 F1500 E2603.11041
G0 F9000 X108 Y194.217
G0 X107.169 Y194.218
G0 X106.425 Y194.526
G0 X106.236 Y195.189
G0 X106.236 Y200.043
G0 X108.847 Y206.153
G0 X111.153 Y206.153
G0 X112.108 Y201.003
G0 X112 Y200.146
G1 F1500 E2609.61041
G1 X111.7 Y200.184 E2609.62046
G1 X111.7 Y200.118 E2609.62266
G1 X111.5 Y200.063 E2609.62956
G1 X111.5 Y195.248 E2609.78971
G1 X111.7 Y195.176 E2609.79678
G1 X111.7 Y195.081 E2609.79994
G1 X112 Y195.081 E2609.80991
G1 X112.673 Y195.081 E2609.8323
G1 X112.819 Y195.121 E2609.83733
G1 X112.9 Y195.319 E2609.84445
G1 X112.9 Y199.883 E2609.99625
G1 X112.86 Y200.028 E2610.00125
G1 X112.665 Y200.11 E2610.00829
G1 X112.236 Y200.116 E2610.02256
G1 X112 Y200.146 E2610.03047
G1 X112 Y195.081 E2610.19893
G1 F1500 E2603.69893
;MESH:Viga_Rectangular.stl
G0 F9000 X110.08 Y195.081
G0 X110.002 Y54.419
G0 X110.015 Y54.949
;TYPE:WALL-INNER
G1 F1500 E2610.19893
G1 X110.172 Y54.615 E2610.21366
G1 X110.461 Y54.271 E2610.23159
G1 X110.929 Y53.998 E2610.25322
G1 X111.305 Y53.9 E2610.26873
G1 X123.75 Y53.9 E2610.76543
G1 X124.4 Y53.25 E2610.80212
G1 X124.4 Y15.75 E2612.29883
G1 X123.75 Y15.1 E2612.33552
G1 X96.25 Y15.1 E2613.4331
G1 X95.6 Y15.75 E2613.46979
G1 X95.6 Y53.25 E2614.9665
G1 X96.25 Y53.9 E2615.00319
G1 X108.707 Y53.9 E2615.50037
G1 X109.299 Y54.101 E2615.52532
G1 X109.736 Y54.468 E2615.5481
G1 X110.015 Y54.949 E2615.57029
G1 F1500 E2609.07029
G0 F9000 X110.002 Y54.419
G0 X110.03 Y205.03
G0 X110.25 Y205.25
;TYPE:WALL-OUTER
G1 F1500 E2615.57029
G1 F1200 X110.25 Y55.381 E2621.80112
G1 F1324.5 X110.371 Y55.132 E2621.81155
G1 F1488.8 X110.479 Y54.872 E2621.82098
G1 F1500 X110.726 Y54.578 E2621.83376
G1 X111.067 Y54.38 E2621.84687
G1 X111.342 Y54.303 E2621.85637
G1 X123.916 Y54.3 E2622.27458
G1 X124.8 Y53.416 E2622.31616
G1 X124.8 Y15.584 E2623.57446
G1 X123.916 Y14.7 E2623.61604
G1 X96.084 Y14.7 E2624.54174
G1 X95.2 Y15.584 E2624.58332
G1 X95.2 Y53.416 E2625.84162
G1 X96.084 Y54.3 E2625.8832
G1 X108.659 Y54.303 E2626.30144
G1 X109.099 Y54.455 E2626.31693
G1 X109.424 Y54.728 E2626.33104
G1 F1488.8 X109.637 Y55.103 E2626.34549
G1 F1324.5 X109.75 Y55.381 E2626.3568
G1 F1200 X109.75 Y205.25 E2632.58763
G1 X110.25 Y205.25 E2632.60841
G1 F1500 E2626.10841
G0 F9000 X110.03 Y205.03
G0 X110.061 Y55.308
G0 X110.247 Y54.78
G0 X110.429 Y54.561
G0 X111.52 Y53.6
G0 X111.52 Y53.819
;TYPE:FILL
G1 F1500 E2632.60841
G1 F3000 X121.874 Y15.179 E2633.93893
G0 F9000 X121.874 Y15.4
G0 X120.275 Y15.4
G0 X120.275 Y15.179
G1 F3000 X95.679 Y21.77 E2634.78585
G0 F9000 X95.9 Y21.77
G0 X95.9 Y20.21
G0 X95.679 Y20.21
G1 F3000 X97.027 Y15.179 E2634.95909
G1 X97.094 Y15.179
G1 X95.986 Y15.476 E2634.99724
G0 F9000 X96.141 Y15.631
G0 X95.9 Y17.797
G0 X95.679 Y17.797
G1 F3000 X124.319 Y46.437 E2636.34438
G0 F9000 X124.1 Y46.437
G0 X124.1 Y45.154
G0 X124.318 Y45.154
G1 F3000 X95.68 Y52.828 E2637.33049
G0 F9000 X95.9 Y52.828
G0 X95.9 Y51.738
G0 X95.679 Y51.738
G1 F3000 X97.76 Y53.819 E2637.42837
G0 F9000 X97.76 Y53.6
G0 X99.096 Y53.6
G0 X99.096 Y53.82
G1 F3000 X109.45 Y15.18 E2638.75888
G0 F9000 X110.032 Y15.18
G1 F3000 X124.319 Y29.466 E2639.43088
G0 F9000 X124.319 Y29.236
G1 F3000 X117.731 Y53.82 E2640.27739
G0 F9000 X117.731 Y53.6
G0 X115.162 Y53.6
G0 X115.162 Y53.819
G1 F3000 X124.319 Y51.365 E2640.5927
G0 F9000 X124.1 Y51.365
G0 X124.1 Y52.417
G0 X124.319 Y52.417
G1 F3000 X124.026 Y53.509 E2640.63031
G0 F9000 X123.216 Y53.82
G1 F3000 X95.679 Y26.282 E2641.92559
G0 F9000 X95.9 Y26.282
G0 X95.9 Y27.981
G0 X95.679 Y27.981
G1 F3000 X124.318 Y20.308 E2642.91172
G0 F9000 X124.319 Y20.981
G1 F3000 X118.518 Y15.18 E2643.18458
G0 F9000 X118.518 Y15.4
G0 X115.662 Y15.4
G0 X115.662 Y15.179
G1 F3000 X105.308 Y53.819 E2644.51509
G0 F9000 X106.245 Y53.819
G1 F3000 X95.679 Y43.253 E2645.01209
G1 X95.679 Y43.391
G1 X103.239 Y15.179 E2645.98353
G0 F9000 X103.239 Y15.4
G0 X101.547 Y15.4
G0 X101.547 Y15.18
G1 F3000 X124.319 Y37.951 E2647.05463
G0 F9000 X124.319 Y38.942
G1 F3000 X95.68 Y46.616 E2648.04077
G0 F9000 X95.9 Y46.616
G0 X95.9 Y40.405
G0 X95.679 Y40.405
G1 F3000 X124.318 Y32.731 E2649.02691
G0 F9000 X124.1 Y32.731
G0 X124.1 Y26.519
G0 X124.318 Y26.519
G1 F3000 X95.68 Y34.193 E2650.01302
G0 F9000 X95.679 Y34.767
G1 F3000 X114.731 Y53.82 E2650.90919
G0 F9000 X114.731 Y53.3
G1 F1500 E2644.40919
;MESH:NONMESH
G0 F300 X114.731 Y53.3 Z10.2
G0 F9000 X110.989 Y54.151
G0 X110.571 Y54.393
G0 X110.247 Y54.78
G0 X110.061 Y55.308
G0 X109.9 Y196
G0 X107.099 Y196
;TIME_ELAPSED:3402.736367
;LAYER:50
;TYPE:SUPPORT
G1 F1500 E2650.90919
G1 X108.499 Y196 E2650.95575
G1 X108.499 Y195.234 E2650.98123
G1 X108.299 Y195.15 E2650.98845
G1 X108.299 Y195.082 E2650.99071
G1 X107.337 Y195.082 E2651.0227
G1 X107.14 Y195.163 E2651.02979
G1 X107.099 Y195.309 E2651.03483
G1 X107.099 Y199.874 E2651.18666
G1 X107.181 Y200.072 E2651.19379
G1 X107.328 Y200.112 E2651.19886
G1 X108.024 Y200.137 E2651.22202
G1 X108.164 Y200.154 E2651.22671
G1 X108.499 Y200.06 E2651.23829
G1 X108.499 Y200 E2651.24028
G1 X107.151 Y200 E2651.28512
G1 F1500 E2644.78512
G0 F9000 X107.202 Y200.972
G0 X108.847 Y206.153
G0 X111.153 Y206.153
G0 X111.154 Y201.114
G0 X111.499 Y200
G1 F1500 E2651.28512
G1 X112.866 Y200 E2651.33058
G1 X112.664 Y200.11 E2651.33823
G1 X112.236 Y200.116 E2651.35247
G1 X111.699 Y200.184 E2651.37047
G1 X111.699 Y200.118 E2651.37267
G1 X111.499 Y200.063 E2651.37957
G1 X111.499 Y195.248 E2651.53972
G1 X111.699 Y195.176 E2651.54679
G1 X111.699 Y195.081 E2651.54994
G1 X112.672 Y195.081 E2651.58231
G1 X112.818 Y195.121 E2651.58734
G1 X112.899 Y195.319 E2651.59446
G1 X112.899 Y196 E2651.61711
G1 X111.499 Y196 E2651.66367
G1 F1500 E2645.16367
;MESH:Viga_Rectangular.stl
G0 F9000 X110.08 Y196
G0 X110.002 Y54.419
G0 X110.015 Y54.949
;TYPE:WALL-INNER
G1 F1500 E2651.66367
G1 X110.172 Y54.615 E2651.6784
G1 X110.461 Y54.271 E2651.69633
G1 X110.929 Y53.998 E2651.71796
G1 X111.305 Y53.9 E2651.73347
G1 X123.75 Y53.9 E2652.23017
G1 X124.4 Y53.25 E2652.26686
G1 X124.4 Y15.75 E2653.76357
G1 X123.75 Y15.1 E2653.80026
G1 X96.25 Y15.1 E2654.89784
G1 X95.6 Y15.75 E2654.93453
G1 X95.6 Y53.25 E2656.43124
G1 X96.25 Y53.9 E2656.46793
G1 X108.707 Y53.9 E2656.96511
G1 X109.299 Y54.101 E2656.99006
G1 X109.736 Y54.468 E2657.01284
G1 X110.015 Y54.949 E2657.03503
G1 F1500 E2650.53503
G0 F9000 X110.002 Y54.419
G0 X110.03 Y205.03
G0 X110.25 Y205.25
;TYPE:WALL-OUTER
G1 F1500 E2657.03503
G1 F1200 X110.25 Y55.381 E2663.26586
G1 F1324.5 X110.371 Y55.132 E2663.27629
G1 F1488.8 X110.479 Y54.872 E2663.28572
G1 F1500 X110.726 Y54.578 E2663.2985
G1 X111.067 Y54.38 E2663.31161
G1 X111.342 Y54.303 E2663.32111
G1 X123.916 Y54.3 E2663.73932
G1 X124.8 Y53.416 E2663.7809
G1 X124.8 Y15.584 E2665.0392
G1 X123.916 Y14.7 E2665.08078
G1 X96.084 Y14.7 E2666.00648
G1 X95.2 Y15.584 E2666.04806
G1 X95.2 Y53.416 E2667.30636
G1 X96.084 Y54.3 E2667.34794
G1 X108.659 Y54.303 E2667.76618
G1 X109.099 Y54.455 E2667.78167
G1 X109.424 Y54.728 E2667.79578
G1 F1488.8 X109.637 Y55.103 E2667.81023
G1 F1324.5 X109.75 Y55.381 E2667.82154
G1 F1200 X109.75 Y205.25 E2674.05237
G1 X110.25 Y205.25 E2674.07315
G1 F1500 E2667.57315
G0 F9000 X110.03 Y205.03
G0 X110.061 Y55.308
G0 X110.247 Y54.78
G0 X111.374 Y53.6
G0 X111.374 Y53.819
;TYPE:FILL
G1 F1500 E2674.07315
G1 F3000 X121.727 Y15.179 E2675.40366
G0 F9000 X120.819 Y15.179
G1 F3000 X95.679 Y21.916 E2676.26932
G0 F9000 X95.9 Y21.916
G0 X95.9 Y19.665
G0 X95.679 Y19.665
G1 F3000 X96.881 Y15.179 E2676.42379
G0 F9000 X97.638 Y15.179
G1 F3000 X95.787 Y15.675 E2676.48752
G0 F9000 X95.942 Y15.83
G0 X95.9 Y17.597
G0 X95.679 Y17.597
G1 F3000 X124.319 Y46.237 E2677.83466
G0 F9000 X124.318 Y45.3
G1 F3000 X95.679 Y52.974 E2678.8208
G0 F9000 X95.9 Y52.974
G0 X95.9 Y51.538
G0 X95.679 Y51.538
G1 F3000 X97.959 Y53.819 E2678.92807
G0 F9000 X98.95 Y53.82
G1 F3000 X109.304 Y15.179 E2680.25861
G0 F9000 X110.232 Y15.18
G1 F3000 X124.319 Y29.267 E2680.92122
G0 F9000 X124.319 Y28.691
G1 F3000 X117.586 Y53.819 E2681.78647
G0 F9000 X117.586 Y53.6
G0 X115.707 Y53.6
G0 X115.707 Y53.819
G1 F3000 X124.319 Y51.512 E2682.083
G0 F9000 X124.319 Y51.872
G1 F3000 X123.827 Y53.708 E2682.14622
G0 F9000 X123.416 Y53.82
G1 F3000 X95.679 Y26.083 E2683.45089
G0 F9000 X95.9 Y26.083
G0 X95.9 Y28.127
G0 X95.68 Y28.127
G1 F3000 X124.318 Y20.453 E2684.43699
G0 F9000 X124.319 Y20.781
G1 F3000 X118.717 Y15.18 E2684.70047
G0 F9000 X118.717 Y15.4
G0 X115.516 Y15.4
G0 X115.516 Y15.18
G1 F3000 X105.162 Y53.819 E2686.03095
G0 F9000 X105.162 Y53.6
G0 X106.445 Y53.6
G0 X106.445 Y53.819
G1 F3000 X95.679 Y43.053 E2686.53735
G0 F9000 X95.679 Y42.845
G1 F3000 X103.093 Y15.179 E2687.48999
G0 F9000 X103.093 Y15.4
G0 X101.747 Y15.4
G0 X101.747 Y15.18
G1 F3000 X124.319 Y37.752 E2688.55171
G0 F9000 X124.1 Y37.752
G0 X124.1 Y39.088
G0 X124.318 Y39.088
G1 F3000 X95.68 Y46.762 E2689.53782
G0 F9000 X95.9 Y46.762
G0 X95.9 Y40.551
G0 X95.679 Y40.551
G1 F3000 X124.318 Y32.877 E2690.52396
G0 F9000 X124.1 Y32.877
G0 X124.1 Y26.665
G0 X124.318 Y26.665
G1 F3000 X95.679 Y34.339 E2691.5101
G0 F9000 X95.679 Y34.568
G1 F3000 X114.931 Y53.82 E2692.41566
G0 F9000 X114.931 Y53.3
G1 F1500 E2685.91566
;MESH:NONMESH
G0 F300 X114.931 Y53.3 Z10.4
G0 F9000 X110.989 Y54.151
G0 X110.571 Y54.393
G0 X110.247 Y54.78
G0 X110.08 Y55.255
G0 X109.9 Y200.137
G0 X108 Y200.137
;TIME_ELAPSED:3454.280803
;LAYER:51
;TYPE:SUPPORT
G1 F1500 E2692.41566
G1 X107.327 Y200.111 E2692.43806
G1 X107.182 Y200.072 E2692.44305
G1 X107.1 Y199.874 E2692.45018
G1 X107.1 Y195.309 E2692.60201
G1 X107.141 Y195.163 E2692.60705
G1 X107.338 Y195.082 E2692.61414
G1 X108 Y195.082 E2692.63616
G1 X108.3 Y195.082 E2692.64614
G1 X108.3 Y195.149 E2692.64836
G1 X108.5 Y195.234 E2692.65559
G1 X108.5 Y200.059 E2692.81607
G1 X108.3 Y200.115 E2692.82298
G1 X108.3 Y200.174 E2692.82494
G1 X108.018 Y200.138 E2692.8344
G1 X108 Y200.137 E2692.835
G1 X108 Y195.082 E2693.00313
G1 F1500 E2686.50313
G0 F9000 X108 Y194.217
G0 X107.169 Y194.218
G0 X106.425 Y194.526
G0 X106.236 Y195.189
G0 X106.236 Y200.043
G0 X108.847 Y206.153
G0 X111.153 Y206.153
G0 X112.106 Y201.003
G0 X112 Y200.147
G1 F1500 E2693.00313
G1 X111.7 Y200.184 E2693.01318
G1 X111.7 Y200.118 E2693.01538
G1 X111.5 Y200.063 E2693.02228
G1 X111.5 Y195.248 E2693.18242
G1 X111.7 Y195.177 E2693.18948
G1 X111.7 Y195.081 E2693.19267
G1 X112 Y195.081 E2693.20265
G1 X112.673 Y195.081 E2693.22504
G1 X112.819 Y195.121 E2693.23007
G1 X112.9 Y195.319 E2693.23719
G1 X112.9 Y199.883 E2693.38899
G1 X112.86 Y200.028 E2693.39399
G1 X112.665 Y200.11 E2693.40102
G1 X112.241 Y200.116 E2693.41513
G1 X112 Y200.147 E2693.42321
G1 X112 Y195.081 E2693.59171
G1 F1500 E2687.09171
;MESH:Viga_Rectangular.stl
G0 F9000 X110.08 Y195.081
G0 X110.002 Y54.419
G0 X110.015 Y54.949
;TYPE:WALL-INNER
G1 F1500 E2693.59171
G1 X110.172 Y54.615 E2693.60644
G1 X110.461 Y54.271 E2693.62437
G1 X110.929 Y53.998 E2693.64599
G1 X111.305 Y53.9 E2693.6615
G1 X123.75 Y53.9 E2694.15821
G1 X124.4 Y53.25 E2694.1949
G1 X124.4 Y15.75 E2695.6916
G1 X123.75 Y15.1 E2695.72829
G1 X96.25 Y15.1 E2696.82588
G1 X95.6 Y15.75 E2696.86256
G1 X95.6 Y53.25 E2698.35927
G1 X96.25 Y53.9 E2698.39596
G1 X108.707 Y53.9 E2698.89315
G1 X109.299 Y54.101 E2698.9181
G1 X109.736 Y54.468 E2698.94087
G1 X110.015 Y54.949 E2698.96307
G1 F1500 E2692.46307
G0 F9000 X110.002 Y54.419
G0 X110.03 Y205.03
G0 X110.25 Y205.25
;TYPE:WALL-OUTER
G1 F1500 E2698.96307
G1 F1200 X110.25 Y55.381 E2705.1939
G1 F1324.5 X110.371 Y55.132 E2705.20432
G1 F1488.8 X110.479 Y54.872 E2705.21376
G1 F1500 X110.726 Y54.578 E2705.22653
G1 X111.067 Y54.38 E2705.23965
G1 X111.342 Y54.303 E2705.24914
G1 X123.916 Y54.3 E2705.66736
G1 X124.8 Y53.416 E2705.70894
G1 X124.8 Y15.584 E2706.96723
G1 X123.916 Y14.7 E2707.00882
G1 X96.084 Y14.7 E2707.93451
G1 X95.2 Y15.584 E2707.97609
G1 X95.2 Y53.416 E2709.23439
G1 X96.084 Y54.3 E2709.27597
G1 X108.659 Y54.303 E2709.69422
G1 X109.099 Y54.455 E2709.7097
G1 X109.424 Y54.728 E2709.72382
G1 F1488.8 X109.637 Y55.103 E2709.73827
G1 F1324.5 X109.75 Y55.381 E2709.74957
G1 F1200 X109.75 Y205.25 E2715.9804
G1 X110.25 Y205.25 E2716.00119
G1 F1500 E2709.50119
G0 F9000 X110.03 Y205.03
G0 X110.061 Y55.308
G0 X110.211 Y54.881
G0 X111.168 Y53.626
G0 X111.223 Y53.838
;TYPE:FILL
G1 F1500 E2716.00119
G1 F3000 X121.581 Y15.179 E2717.33234
G0 F9000 X121.364 Y15.179
G1 F3000 X95.679 Y22.062 E2718.21677
G0 F9000 X95.9 Y22.062
G0 X95.9 Y19.121
G0 X95.679 Y19.121
G1 F3000 X96.735 Y15.179 E2718.35251
G0 F9000 X96.735 Y15.4
G0 X95.9 Y15.85
G0 X95.679 Y15.85
G1 F3000 X98.184 Y15.179 E2718.43876
G0 F9000 X98.184 Y15.4
G0 X95.9 Y17.398
G0 X95.679 Y17.398
G1 F3000 X124.319 Y46.038 E2719.7859
G0 F9000 X124.319 Y45.446
G1 F3000 X95.679 Y53.12 E2720.77207
G0 F9000 X95.9 Y53.12
G0 X95.9 Y51.339
G0 X95.679 Y51.339
G1 F3000 X98.159 Y53.819 E2720.88872
G0 F9000 X98.805 Y53.819
G1 F3000 X109.158 Y15.179 E2722.21923
G0 F9000 X109.158 Y15.4
G0 X110.431 Y15.4
G0 X110.431 Y15.18
G1 F3000 X124.319 Y29.067 E2722.87245
G0 F9000 X124.319 Y28.146
G1 F3000 X117.44 Y53.819 E2723.75646
G0 F9000 X117.44 Y53.6
G0 X116.251 Y53.6
G0 X116.251 Y53.819
G1 F3000 X124.319 Y51.658 E2724.03426
G0 F9000 X124.319 Y51.328
G1 F3000 X123.651 Y53.819 E2724.12004
G1 X123.615 Y53.82
G1 X95.679 Y25.883 E2725.43409
G0 F9000 X95.9 Y25.883
G0 X95.9 Y28.273
G0 X95.679 Y28.273
G1 F3000 X124.318 Y20.599 E2726.42023
G1 X124.319 Y20.582
G1 X118.916 Y15.18 E2726.67435
G0 F9000 X118.916 Y15.4
G0 X115.37 Y15.4
G0 X115.37 Y15.18
G1 F3000 X105.016 Y53.819 E2728.00483
G0 F9000 X105.016 Y53.6
G0 X106.644 Y53.6
G0 X106.644 Y53.819
G1 F3000 X95.679 Y42.854 E2728.52059
G0 F9000 X95.679 Y42.301
G1 F3000 X102.946 Y15.179 E2729.45449
G0 F9000 X102.946 Y15.4
G0 X101.946 Y15.4
G0 X101.946 Y15.18
G1 F3000 X124.319 Y37.553 E2730.50684
G0 F9000 X124.1 Y37.553
G0 X124.1 Y39.234
G0 X124.318 Y39.234
G1 F3000 X95.68 Y46.908 E2731.49295
G0 F9000 X95.9 Y46.908
G0 X95.9 Y40.696
G0 X95.68 Y40.696
G1 F3000 X124.319 Y33.023 E2732.47908
G0 F9000 X124.1 Y33.023
G0 X124.1 Y26.811
G0 X124.318 Y26.811
G1 F3000 X95.679 Y34.485 E2733.46522
G1 X95.679 Y34.368
G1 X115.13 Y53.82 E2734.38016
G0 F9000 X115.13 Y53.3
G1 F1500 E2727.88016
;MESH:NONMESH
G0 F300 X115.13 Y53.3 Z10.6
G0 F9000 X110.989 Y54.151
G0 X110.571 Y54.393
G0 X110.247 Y54.78
G0 X110.061 Y55.308
G0 X109.9 Y196
G0 X107.099 Y196
;TIME_ELAPSED:3506.666438
;LAYER:52
;TYPE:SUPPORT
G1 F1500 E2734.38016
G1 X108.499 Y196 E2734.42673
G1 X108.499 Y195.234 E2734.4522
G1 X108.299 Y195.149 E2734.45943
G1 X108.299 Y195.082 E2734.46166
G1 X107.337 Y195.082 E2734.49366
G1 X107.14 Y195.163 E2734.50074
G1 X107.099 Y195.309 E2734.50579
G1 X107.099 Y199.873 E2734.65758
G1 X107.181 Y200.072 E2734.66474
G1 X107.327 Y200.112 E2734.66978
G1 X107.992 Y200.134 E2734.69191
G1 X108.299 Y200.174 E2734.70221
G1 X108.299 Y200.115 E2734.70417
G1 X108.499 Y200.058 E2734.71108
G1 X108.499 Y200 E2734.71301
G1 X107.151 Y200 E2734.75785
G1 F1500 E2728.25785
G0 F9000 X107.323 Y200.976
G0 X108.847 Y206.153
G0 X111.153 Y206.153
G0 X111.154 Y201.113
G0 X111.499 Y200
G1 F1500 E2734.75785
G1 X112.866 Y200 E2734.80332
G1 X112.664 Y200.11 E2734.81097
G1 X112.24 Y200.116 E2734.82507
G1 X111.699 Y200.184 E2734.8432
G1 X111.699 Y200.118 E2734.8454
G1 X111.499 Y200.063 E2734.8523
G1 X111.499 Y195.242 E2735.01265
G1 X111.699 Y195.158 E2735.01986
G1 X111.699 Y195.081 E2735.02242
G1 X112.672 Y195.081 E2735.05478
G1 X112.818 Y195.121 E2735.05982
G1 X112.899 Y195.319 E2735.06693
G1 X112.899 Y196 E2735.08958
G1 X111.499 Y196 E2735.13615
G1 F1500 E2728.63615
;MESH:Viga_Rectangular.stl
G0 F9000 X110.08 Y196
G0 X110.002 Y54.419
G0 X110.015 Y54.949
;TYPE:WALL-INNER
G1 F1500 E2735.13615
G1 X110.172 Y54.615 E2735.15088
G1 X110.461 Y54.271 E2735.16881
G1 X110.929 Y53.998 E2735.19043
G1 X111.305 Y53.9 E2735.20594
G1 X123.75 Y53.9 E2735.70265
G1 X124.4 Y53.25 E2735.73934
G1 X124.4 Y15.75 E2737.23604
G1 X123.75 Y15.1 E2737.27273
G1 X96.25 Y15.1 E2738.37032
G1 X95.6 Y15.75 E2738.40701
G1 X95.6 Y53.25 E2739.90371
G1 X96.25 Y53.9 E2739.9404
G1 X108.707 Y53.9 E2740.43759
G1 X109.299 Y54.101 E2740.46254
G1 X109.736 Y54.468 E2740.48532
G1 X110.015 Y54.949 E2740.50751
G1 F1500 E2734.00751
G0 F9000 X110.002 Y54.419
G0 X110.03 Y205.03
G0 X110.25 Y205.25
;TYPE:WALL-OUTER
G1 F1500 E2740.50751
G1 F1200 X110.25 Y55.381 E2746.73834
G1 F1324.5 X110.371 Y55.132 E2746.74877
G1 F1488.8 X110.479 Y54.872 E2746.7582
G1 F1500 X110.726 Y54.578 E2746.77097
G1 X111.067 Y54.38 E2746.78409
G1 X111.342 Y54.303 E2746.79359
G1 X123.916 Y54.3 E2747.2118
G1 X124.8 Y53.416 E2747.25338
G1 X124.8 Y15.584 E2748.51168
G1 X123.916 Y14.7 E2748.55326
G1 X96.084 Y14.7 E2749.47895
G1 X95.2 Y15.584 E2749.52053
G1 X95.2 Y53.416 E2750.77883
G1 X96.084 Y54.3 E2750.82041
G1 X108.659 Y54.303 E2751.23866
G1 X109.099 Y54.455 E2751.25414
G1 X109.424 Y54.728 E2751.26826
G1 F1488.8 X109.637 Y55.103 E2751.28271
G1 F1324.5 X109.75 Y55.381 E2751.29401
G1 F1200 X109.75 Y205.25 E2757.52484
G1 X110.25 Y205.25 E2757.54563
G1 F1500 E2751.04563
G0 F9000 X110.03 Y205.03
G0 X110.061 Y55.308
G0 X110.211 Y54.881
G0 X111.01 Y53.669
G0 X111.065 Y53.879
;TYPE:FILL
G1 F1500 E2757.54563
G1 F3000 X121.434 Y15.179 E2758.8782
G0 F9000 X121.912 Y15.179
G1 F3000 X95.679 Y22.209 E2759.7815
G0 F9000 X95.9 Y22.209
G0 X95.9 Y25.682
G0 X95.679 Y25.682
G1 F3000 X123.766 Y53.769 E2761.10262
G0 F9000 X123.504 Y53.819
G1 F3000 X124.319 Y50.779 E2761.20731
G0 F9000 X124.1 Y50.779
G0 X124.1 Y51.805
G0 X124.319 Y51.805
G1 F3000 X116.8 Y53.819 E2761.46621
G0 F9000 X117.293 Y53.819
G1 F3000 X124.319 Y27.598 E2762.36908
G0 F9000 X124.318 Y26.958
G1 F3000 X95.679 Y34.632 E2763.35523
G0 F9000 X95.679 Y34.168
G1 F3000 X115.331 Y53.82 E2764.2796
G0 F9000 X115.331 Y53.6
G0 X106.845 Y53.6
G0 X106.845 Y53.819
G1 F3000 X95.679 Y42.653 E2764.80481
G0 F9000 X95.679 Y41.752
G1 F3000 X102.799 Y15.179 E2765.71981
G0 F9000 X102.147 Y15.18
G1 F3000 X124.319 Y37.352 E2766.76271
G0 F9000 X124.1 Y37.352
G0 X124.1 Y39.381
G0 X124.318 Y39.381
G1 F3000 X95.68 Y47.055 E2767.74882
G0 F9000 X95.9 Y47.055
G0 X95.9 Y51.138
G0 X95.679 Y51.138
G1 F3000 X98.359 Y53.819 E2767.8749
G0 F9000 X98.658 Y53.819
G1 F3000 X109.011 Y15.179 E2769.2054
G0 F9000 X109.011 Y15.4
G0 X110.632 Y15.4
G0 X110.632 Y15.18
G1 F3000 X124.319 Y28.866 E2769.84917
G0 F9000 X124.1 Y28.866
G0 X124.1 Y33.17
G0 X124.319 Y33.17
G1 F3000 X95.68 Y40.843 E2770.83531
G0 F9000 X95.9 Y40.843
G0 X95.874 Y53.102
G0 X95.719 Y53.256
G1 F3000 X124.319 Y45.593 E2771.8201
G0 F9000 X124.319 Y45.837
G1 F3000 X95.679 Y17.197 E2773.16724
G0 F9000 X95.9 Y17.197
G0 X95.9 Y15.997
G0 X95.679 Y15.997
G1 F3000 X98.731 Y15.179 E2773.27233
G0 F9000 X98.731 Y15.4
G0 X96.588 Y15.4
G0 X96.588 Y15.179
G1 F3000 X95.679 Y18.572 E2773.38916
G0 F9000 X95.9 Y18.572
G0 X95.9 Y28.42
G0 X95.68 Y28.42
G1 F3000 X124.318 Y20.746 E2774.37527
G0 F9000 X124.319 Y20.381
G1 F3000 X119.117 Y15.18 E2774.61993
G0 F9000 X119.117 Y15.4
G0 X115.223 Y15.4
G0 X115.223 Y15.18
G1 F3000 X104.869 Y53.82 E2775.95044
G0 F9000 X104.869 Y53.3
G1 F1500 E2769.45044
;MESH:NONMESH
G0 F300 X104.869 Y53.3 Z10.8
G0 F9000 X108 Y54.08
G0 X108 Y55.165
G0 X106.236 Y195.189
G0 X106.236 Y200.043
G0 X106.547 Y200.79
G0 X107.175 Y200.94
G0 X107.93 Y200.997
G0 X108 Y200.135
;TIME_ELAPSED:3558.837719
;LAYER:53
;TYPE:SUPPORT
G1 F1500 E2775.95044
G1 X107.591 Y200.114 E2775.96407
G1 X107.327 Y200.112 E2775.97285
G1 X107.182 Y200.073 E2775.97784
G1 X107.1 Y199.874 E2775.985
G1 X107.1 Y195.309 E2776.13683
G1 X107.141 Y195.163 E2776.14188
G1 X107.338 Y195.082 E2776.14896
G1 X108 Y195.082 E2776.17098
G1 X108.3 Y195.082 E2776.18096
G1 X108.3 Y195.15 E2776.18322
G1 X108.5 Y195.235 E2776.19045
G1 X108.5 Y200.058 E2776.35086
G1 X108.164 Y200.154 E2776.36248
G1 X108.031 Y200.137 E2776.36694
G1 X108 Y200.135 E2776.36797
G1 X108 Y195.082 E2776.53604
G1 F1500 E2770.03604
G0 F9000 X108 Y194.217
G0 X107.169 Y194.218
G0 X106.425 Y194.526
G0 X106.236 Y195.189
G0 X106.236 Y200.043
G0 X108.847 Y206.153
G0 X111.153 Y206.153
G0 X112.106 Y201.004
G0 X112 Y200.147
G1 F1500 E2776.53604
G1 X111.7 Y200.184 E2776.54609
G1 X111.7 Y200.118 E2776.54829
G1 X111.5 Y200.063 E2776.55519
G1 X111.5 Y195.242 E2776.71553
G1 X111.7 Y195.158 E2776.72275
G1 X111.7 Y195.081 E2776.72531
G1 X112 Y195.081 E2776.73529
G1 X112.673 Y195.081 E2776.75767
G1 X112.819 Y195.121 E2776.76271
G1 X112.9 Y195.319 E2776.76982
G1 X112.9 Y199.883 E2776.92162
G1 X112.86 Y200.028 E2776.92662
G1 X112.665 Y200.11 E2776.93366
G1 X112.241 Y200.116 E2776.94776
G1 X112 Y200.147 E2776.95584
G1 X112 Y195.081 E2777.12434
G1 F1500 E2770.62434
;MESH:Viga_Rectangular.stl
G0 F9000 X110.08 Y195.081
G0 X110.002 Y54.419
G0 X110.015 Y54.949
;TYPE:WALL-INNER
G1 F1500 E2777.12434
G1 X110.172 Y54.615 E2777.13907
G1 X110.461 Y54.271 E2777.157
G1 X110.929 Y53.998 E2777.17863
G1 X111.305 Y53.9 E2777.19414
G1 X123.75 Y53.9 E2777.69084
G1 X124.4 Y53.25 E2777.72753
G1 X124.4 Y15.75 E2779.22424
G1 X123.75 Y15.1 E2779.26093
G1 X96.25 Y15.1 E2780.35851
G1 X95.6 Y15.75 E2780.3952
G1 X95.6 Y53.25 E2781.89191
G1 X96.25 Y53.9 E2781.92859
G1 X108.707 Y53.9 E2782.42578
G1 X109.299 Y54.101 E2782.45073
G1 X109.736 Y54.468 E2782.47351
G1 X110.015 Y54.949 E2782.4957
G1 F1500 E2775.9957
G0 F9000 X110.002 Y54.419
G0 X110.03 Y205.03
G0 X110.25 Y205.25
;TYPE:WALL-OUTER
G1 F1500 E2782.4957
G1 F1200 X110.25 Y55.381 E2788.72653
G1 F1324.5 X110.371 Y55.132 E2788.73696
G1 F1488.8 X110.479 Y54.872 E2788.74639
G1 F1500 X110.726 Y54.578 E2788.75917
G1 X111.067 Y54.38 E2788.77228
G1 X111.342 Y54.303 E2788.78178
G1 X123.916 Y54.3 E2789.19999
G1 X124.8 Y53.416 E2789.24157
G1 X124.8 Y15.584 E2790.49987
G1 X123.916 Y14.7 E2790.54145
G1 X96.084 Y14.7 E2791.46715
G1 X95.2 Y15.584 E2791.50873
G1 X95.2 Y53.416 E2792.76702
G1 X96.084 Y54.3 E2792.80861
G1 X108.659 Y54.303 E2793.22685
G1 X109.099 Y54.455 E2793.24233
G1 X109.424 Y54.728 E2793.25645
G1 F1488.8 X109.637 Y55.103 E2793.2709
G1 F1324.5 X109.75 Y55.381 E2793.28221
G1 F1200 X109.75 Y205.25 E2799.51304
G1 X110.25 Y205.25 E2799.53382
G1 F1500 E2793.03382
G0 F9000 X110.03 Y205.03
G0 X110.061 Y55.308
G0 X110.166 Y55.01
G0 X110.852 Y53.711
G0 X110.907 Y53.922
;TYPE:FILL
G1 F1500 E2799.53382
G1 F3000 X121.288 Y15.18 E2800.86784
G0 F9000 X121.288 Y15.4
G0 X122.457 Y15.4
G0 X122.457 Y15.179
G1 F3000 X95.68 Y22.354 E2801.78987
G0 F9000 X95.9 Y22.354
G0 X95.9 Y25.483
G0 X95.679 Y25.483
G1 F3000 X123.866 Y53.67 E2803.1157
G0 F9000 X123.358 Y53.819
G1 F3000 X124.319 Y50.234 E2803.23915
G0 F9000 X124.1 Y50.234
G0 X124.1 Y51.951
G0 X124.318 Y51.951
G1 F3000 X117.345 Y53.819 E2803.47925
G1 X117.147 Y53.819
G1 X124.319 Y27.052 E2804.40092
G1 X124.318 Y27.104
G1 X95.679 Y34.778 E2805.38707
G0 F9000 X95.679 Y33.968
G1 F3000 X115.53 Y53.82 E2806.32082
G0 F9000 X115.53 Y53.6
G0 X107.044 Y53.6
G0 X107.044 Y53.819
G1 F3000 X95.679 Y42.453 E2806.85542
G0 F9000 X95.9 Y42.453
G0 X95.9 Y41.207
G0 X95.679 Y41.207
G1 F3000 X102.653 Y15.18 E2807.75162
G0 F9000 X102.346 Y15.18
G1 F3000 X124.319 Y37.152 E2808.78514
G0 F9000 X124.1 Y37.152
G0 X124.1 Y39.527
G0 X124.318 Y39.527
G1 F3000 X95.679 Y47.201 E2809.77128
G0 F9000 X95.9 Y47.201
G0 X95.9 Y50.939
G0 X95.679 Y50.939
G1 F3000 X98.559 Y53.819 E2809.90674
G1 X98.512 Y53.819
G1 X108.865 Y15.179 E2811.23725
G0 F9000 X108.865 Y15.4
G0 X110.831 Y15.4
G0 X110.831 Y15.18
G1 F3000 X124.319 Y28.667 E2811.87166
G0 F9000 X124.1 Y28.667
G0 X124.1 Y33.316
G0 X124.318 Y33.316
G1 F3000 X95.68 Y40.989 E2812.85776
G0 F9000 X95.9 Y40.989
G0 X95.989 Y53.217
G0 X95.834 Y53.371
G1 F3000 X124.319 Y45.739 E2813.83859
G1 X124.319 Y45.638
G1 X95.679 Y16.998 E2815.18573
G0 F9000 X95.679 Y16.143
G1 F3000 X99.277 Y15.179 E2815.30962
G0 F9000 X99.277 Y15.4
G0 X96.442 Y15.4
G0 X96.442 Y15.179
G1 F3000 X95.679 Y18.027 E2815.40768
G0 F9000 X95.9 Y18.027
G0 X95.9 Y28.566
G0 X95.679 Y28.566
G1 F3000 X124.318 Y20.892 E2816.39382
G0 F9000 X124.319 Y20.182
G1 F3000 X119.317 Y15.18 E2816.6291
G0 F9000 X119.317 Y15.4
G0 X115.077 Y15.4
G0 X115.077 Y15.179
G1 F3000 X104.723 Y53.819 E2817.95961
G0 F9000 X104.723 Y53.3
G1 F1500 E2811.45961
;MESH:NONMESH
G0 F300 X104.723 Y53.3 Z11
G0 F9000 X107.099 Y54.08
G0 X107.099 Y55.165
G0 X106.235 Y196
G0 X107.099 Y196
;TIME_ELAPSED:3611.681844
;LAYER:54
;TYPE:SUPPORT
G1 F1500 E2817.95961
G1 X108.499 Y196 E2818.00618
G1 X108.499 Y195.238 E2818.03152
G1 X108.299 Y195.149 E2818.0388
G1 X108.299 Y195.082 E2818.04103
G1 X107.337 Y195.082 E2818.07303
G1 X107.14 Y195.163 E2818.08011
G1 X107.099 Y195.309 E2818.08515
G1 X107.099 Y199.873 E2818.23695
G1 X107.181 Y200.073 E2818.24414
G1 X107.325 Y200.112 E2818.24911
G1 X107.647 Y200.114 E2818.25982
G1 X108.016 Y200.135 E2818.27211
G1 X108.163 Y200.154 E2818.27704
G1 X108.499 Y200.058 E2818.28866
G1 X108.499 Y200 E2818.29059
G1 X107.151 Y200 E2818.33542
G1 F1500 E2811.83542
G0 F9000 X107.479 Y200.978
G0 X108.847 Y206.153
G0 X111.153 Y206.153
G0 X111.154 Y201.112
G0 X111.499 Y200
G1 F1500 E2818.33542
G1 X112.866 Y200 E2818.38089
G1 X112.664 Y200.11 E2818.38854
G1 X112.233 Y200.116 E2818.40288
G1 X111.699 Y200.183 E2818.42078
G1 X111.699 Y200.119 E2818.42291
G1 X111.499 Y200.061 E2818.42983
G1 X111.499 Y195.244 E2818.59005
G1 X111.699 Y195.156 E2818.59731
G1 X111.699 Y195.081 E2818.59981
G1 X112.672 Y195.081 E2818.63217
G1 X112.818 Y195.121 E2818.63721
G1 X112.899 Y195.319 E2818.64432
G1 X112.899 Y196 E2818.66697
G1 X111.499 Y196 E2818.71354
G1 F1500 E2812.21354
;MESH:Viga_Rectangular.stl
G0 F9000 X110.08 Y196
G0 X110.002 Y54.419
G0 X110.015 Y54.949
;TYPE:WALL-INNER
G1 F1500 E2818.71354
G1 X110.172 Y54.615 E2818.72827
G1 X110.461 Y54.271 E2818.7462
G1 X110.929 Y53.998 E2818.76782
G1 X111.305 Y53.9 E2818.78333
G1 X123.75 Y53.9 E2819.28004
G1 X124.4 Y53.25 E2819.31673
G1 X124.4 Y15.75 E2820.81343
G1 X123.75 Y15.1 E2820.85012
G1 X96.25 Y15.1 E2821.94771
G1 X95.6 Y15.75 E2821.98439
G1 X95.6 Y53.25 E2823.4811
G1 X96.25 Y53.9 E2823.51779
G1 X108.707 Y53.9 E2824.01497
G1 X109.299 Y54.101 E2824.03993
G1 X109.736 Y54.468 E2824.0627
G1 X110.015 Y54.949 E2824.0849
G1 F1500 E2817.5849
G0 F9000 X110.002 Y54.419
G0 X110.03 Y205.03
G0 X110.25 Y205.25
;TYPE:WALL-OUTER
G1 F1500 E2824.0849
G1 F1200 X110.25 Y55.381 E2830.31573
G1 F1324.5 X110.371 Y55.132 E2830.32615
G1 F1488.8 X110.479 Y54.872 E2830.33559
G1 F1500 X110.726 Y54.578 E2830.34836
G1 X111.067 Y54.38 E2830.36148
G1 X111.342 Y54.303 E2830.37097
G1 X123.916 Y54.3 E2830.78919
G1 X124.8 Y53.416 E2830.83077
G1 X124.8 Y15.584 E2832.08906
G1 X123.916 Y14.7 E2832.13065
G1 X96.084 Y14.7 E2833.05634
G1 X95.2 Y15.584 E2833.09792
G1 X95.2 Y53.416 E2834.35622
G1 X96.084 Y54.3 E2834.3978
G1 X108.659 Y54.303 E2834.81605
G1 X109.099 Y54.455 E2834.83153
G1 X109.424 Y54.728 E2834.84565
G1 F1488.8 X109.637 Y55.103 E2834.8601
G1 F1324.5 X109.75 Y55.381 E2834.8714
G1 F1200 X109.75 Y205.25 E2841.10223
G1 X110.25 Y205.25 E2841.12302
G1 F1500 E2834.62302
G0 F9000 X110.03 Y205.03
G0 X110.061 Y55.308
G0 X110.624 Y53.83
G0 X110.734 Y54.021
;TYPE:FILL
G1 F1500 E2841.12302
G1 F3000 X121.141 Y15.18 E2842.46044
G0 F9000 X121.141 Y15.4
G0 X119.518 Y15.4
G0 X119.518 Y15.18
G1 F3000 X124.319 Y19.981 E2842.68627
G0 F9000 X124.1 Y19.981
G0 X124.1 Y21.039
G0 X124.318 Y21.039
G1 F3000 X95.679 Y28.713 E2843.67241
G0 F9000 X95.9 Y28.713
G0 X95.9 Y25.282
G0 X95.679 Y25.282
G1 F3000 X123.966 Y53.569 E2845.00294
G0 F9000 X123.211 Y53.819
G1 F3000 X124.319 Y49.686 E2845.14526
G0 F9000 X124.1 Y49.686
G0 X124.1 Y52.098
G0 X124.319 Y52.098
G1 F3000 X117.893 Y53.819 E2845.36652
G0 F9000 X117 Y53.819
G1 F3000 X124.319 Y26.504 E2846.30707
G0 F9000 X124.318 Y27.251
G1 F3000 X95.679 Y34.925 E2847.29321
G0 F9000 X95.9 Y34.925
G0 X95.9 Y33.767
G0 X95.679 Y33.767
G1 F3000 X115.731 Y53.82 E2848.23642
G0 F9000 X115.731 Y53.6
G0 X107.245 Y53.6
G0 X107.245 Y53.819
G1 F3000 X95.679 Y42.253 E2848.78045
G0 F9000 X95.9 Y42.253
G0 X95.9 Y41.136
G0 X95.68 Y41.136
G1 F3000 X124.318 Y33.463 E2849.76655
G0 F9000 X124.1 Y33.463
G0 X124.1 Y36.951
G0 X124.319 Y36.951
G1 F3000 X102.547 Y15.18 E2850.79061
G1 X102.506 Y15.18
G1 X95.679 Y40.659 E2851.66794
G0 F9000 X95.9 Y40.659
G0 X95.9 Y47.348
G0 X95.679 Y47.348
G1 F3000 X124.318 Y39.674 E2852.65408
G0 F9000 X124.1 Y39.674
G0 X124.1 Y45.437
G0 X124.319 Y45.437
G1 F3000 X95.679 Y16.797 E2854.00122
G0 F9000 X95.679 Y16.29
G1 F3000 X99.825 Y15.179 E2854.14398
G0 F9000 X99.825 Y15.4
G0 X96.37 Y15.392
G0 X96.295 Y15.179
G1 F3000 X95.679 Y17.479 E2854.22318
G0 F9000 X95.9 Y17.479
G0 X95.9 Y22.501
G0 X95.68 Y22.501
G1 F3000 X123.006 Y15.179 E2855.1641
G0 F9000 X123.006 Y15.4
G0 X114.93 Y15.4
G0 X114.93 Y15.179
G1 F3000 X104.576 Y53.819 E2856.49462
G0 F9000 X104.576 Y53.6
G0 X98.76 Y53.6
G0 X98.76 Y53.819
G1 F3000 X95.679 Y50.738 E2856.63954
G0 F9000 X95.9 Y50.738
G0 X96.105 Y53.333
G0 X95.95 Y53.487
G1 F3000 X124.319 Y45.886 E2857.61637
G0 F9000 X124.1 Y45.886
G0 X124.1 Y28.466
G0 X124.319 Y28.466
G1 F3000 X111.032 Y15.18 E2858.24133
G0 F9000 X111.032 Y15.4
G0 X108.718 Y15.4
G0 X108.718 Y15.179
G1 F3000 X98.365 Y53.819 E2859.57183
G0 F9000 X98.365 Y53.3
G1 F1500 E2853.07183
;MESH:NONMESH
G0 F300 X98.365 Y53.3 Z11.2
G0 F9000 X108 Y54.08
G0 X108 Y55.165
G0 X106.236 Y195.189
G0 X106.236 Y200.043
G0 X106.378 Y200.744
G0 X107.263 Y200.953
G0 X107.939 Y200.996
G0 X108 Y200.134
;TIME_ELAPSED:3664.856756
;LAYER:55
;TYPE:SUPPORT
G1 F1500 E2859.57183
G1 X107.603 Y200.112 E2859.58506
G1 X107.328 Y200.112 E2859.5942
G1 X107.181 Y200.072 E2859.59927
G1 X107.1 Y199.874 E2859.60639
G1 X107.1 Y195.309 E2859.75822
G1 X107.141 Y195.163 E2859.76326
G1 X107.338 Y195.082 E2859.77035
G1 X108 Y195.082 E2859.79237
G1 X108.3 Y195.082 E2859.80234
G1 X108.3 Y195.147 E2859.80451
G1 X108.5 Y195.239 E2859.81183
G1 X108.5 Y200.058 E2859.97211
G1 X108.165 Y200.154 E2859.9837
G1 X108.017 Y200.135 E2859.98866
G1 X108 Y200.134 E2859.98923
G1 X108 Y195.082 E2860.15726
G1 F1500 E2853.65726
G0 F9000 X108 Y194.217
G0 X107.169 Y194.218
G0 X106.425 Y194.526
G0 X106.236 Y195.189
G0 X106.236 Y200.043
G0 X108.847 Y206.153
G0 X111.153 Y206.153
G0 X112.031 Y201.012
G0 X112 Y200.146
G1 F1500 E2860.15726
G1 X111.832 Y200.167 E2860.16289
G1 X111.5 Y200.06 E2860.17449
G1 X111.5 Y195.245 E2860.33464
G1 X111.7 Y195.157 E2860.34191
G1 X111.7 Y195.081 E2860.34443
G1 X112 Y195.081 E2860.35441
G1 X112.673 Y195.081 E2860.3768
G1 X112.819 Y195.121 E2860.38183
G1 X112.9 Y195.319 E2860.38895
G1 X112.9 Y199.883 E2860.54075
G1 X112.86 Y200.028 E2860.54575
G1 X112.665 Y200.11 E2860.55278
G1 X112.234 Y200.116 E2860.56712
G1 X112 Y200.146 E2860.57497
G1 X112 Y195.081 E2860.74343
G1 F1500 E2854.24343
;MESH:Viga_Rectangular.stl
G0 F9000 X110.08 Y195.081
G0 X110.002 Y54.419
G0 X110.015 Y54.949
;TYPE:WALL-INNER
G1 F1500 E2860.74343
G1 X110.172 Y54.615 E2860.75816
G1 X110.461 Y54.271 E2860.77609
G1 X110.929 Y53.998 E2860.79772
G1 X111.305 Y53.9 E2860.81322
G1 X123.75 Y53.9 E2861.30993
G1 X124.4 Y53.25 E2861.34662
G1 X124.4 Y15.75 E2862.84333
G1 X123.75 Y15.1 E2862.88002
G1 X96.25 Y15.1 E2863.9776
G1 X95.6 Y15.75 E2864.01429
G1 X95.6 Y53.25 E2865.51099
G1 X96.25 Y53.9 E2865.54768
G1 X108.707 Y53.9 E2866.04487
G1 X109.299 Y54.101 E2866.06982
G1 X109.736 Y54.468 E2866.0926
G1 X110.015 Y54.949 E2866.11479
G1 F1500 E2859.61479
G0 F9000 X110.002 Y54.419
G0 X110.03 Y205.03
G0 X110.25 Y205.25
;TYPE:WALL-OUTER
G1 F1500 E2866.11479
G1 F1200 X110.25 Y55.381 E2872.34562
G1 F1324.5 X110.371 Y55.132 E2872.35605
G1 F1488.8 X110.479 Y54.872 E2872.36548
G1 F1500 X110.726 Y54.578 E2872.37825
G1 X111.067 Y54.38 E2872.39137
G1 X111.342 Y54.303 E2872.40087
G1 X123.916 Y54.3 E2872.81908
G1 X124.8 Y53.416 E2872.86066
G1 X124.8 Y15.584 E2874.11896
G1 X123.916 Y14.7 E2874.16054
G1 X96.084 Y14.7 E2875.08624
G1 X95.2 Y15.584 E2875.12782
G1 X95.2 Y53.416 E2876.38611
G1 X96.084 Y54.3 E2876.42769
G1 X108.659 Y54.303 E2876.84594
G1 X109.099 Y54.455 E2876.86142
G1 X109.424 Y54.728 E2876.87554
G1 F1488.8 X109.637 Y55.103 E2876.88999
G1 F1324.5 X109.75 Y55.381 E2876.9013
G1 F1200 X109.75 Y205.25 E2883.13212
G1 X110.25 Y205.25 E2883.15291
G1 F1500 E2876.65291
G0 F9000 X110.03 Y205.03
G0 X110.061 Y55.308
G0 X110.451 Y53.93
G0 X110.561 Y54.12
;TYPE:FILL
G1 F1500 E2883.15291
G1 F3000 X120.995 Y15.18 E2884.49375
G0 F9000 X120.995 Y15.4
G0 X119.717 Y15.4
G0 X119.717 Y15.18
G1 F3000 X124.319 Y19.782 E2884.71021
G0 F9000 X124.1 Y19.782
G0 X124.1 Y21.185
G0 X124.318 Y21.185
G1 F3000 X95.679 Y28.859 E2885.69636
G0 F9000 X95.9 Y28.859
G0 X95.9 Y25.083
G0 X95.679 Y25.083
G1 F3000 X124.066 Y53.47 E2887.03159
G0 F9000 X123.912 Y53.316
G0 X123.065 Y53.6
G0 X123.065 Y53.819
G1 F3000 X124.319 Y49.14 E2887.19271
G0 F9000 X124.1 Y49.14
G0 X124.1 Y52.244
G0 X124.318 Y52.244
G1 F3000 X118.438 Y53.819 E2887.39517
G0 F9000 X118.438 Y53.6
G0 X116.854 Y53.6
G0 X116.854 Y53.819
G1 F3000 X124.319 Y25.959 E2888.35449
G0 F9000 X124.1 Y25.959
G0 X124.1 Y27.397
G0 X124.319 Y27.397
G1 F3000 X95.68 Y35.071 E2889.34063
G0 F9000 X95.9 Y35.071
G0 X95.9 Y33.568
G0 X95.679 Y33.568
G1 F3000 X115.93 Y53.82 E2890.2932
G0 F9000 X115.93 Y53.6
G0 X107.444 Y53.6
G0 X107.444 Y53.819
G1 F3000 X95.679 Y42.053 E2890.84661
G0 F9000 X95.68 Y41.282
G1 F3000 X124.318 Y33.609 E2891.83271
G0 F9000 X124.1 Y33.609
G0 X124.1 Y36.752
G0 X124.319 Y36.752
G1 F3000 X102.746 Y15.18 E2892.84741
G0 F9000 X102.361 Y15.179
G1 F3000 X95.679 Y40.114 E2893.70602
G0 F9000 X95.9 Y40.114
G0 X95.9 Y47.494
G0 X95.679 Y47.494
G1 F3000 X124.318 Y39.82 E2894.69216
G0 F9000 X124.1 Y39.82
G0 X124.1 Y45.237
G0 X124.319 Y45.237
G1 F3000 X95.679 Y16.597 E2896.0393
G1 X95.679 Y16.436
G1 X100.37 Y15.179 E2896.20082
G0 F9000 X100.37 Y15.4
G0 X96.255 Y15.517
G0 X96.1 Y15.362
G1 F3000 X95.679 Y16.934 E2896.25495
G0 F9000 X95.9 Y16.934
G0 X95.9 Y22.647
G0 X95.679 Y22.647
G1 F3000 X123.55 Y15.179 E2897.21464
G0 F9000 X123.55 Y15.4
G0 X114.784 Y15.4
G0 X114.784 Y15.179
G1 F3000 X104.43 Y53.819 E2898.54516
G0 F9000 X104.43 Y53.6
G0 X98.959 Y53.6
G0 X98.959 Y53.819
G1 F3000 X95.679 Y50.539 E2898.69944
G0 F9000 X95.9 Y50.539
G0 X96.22 Y53.448
G0 X96.064 Y53.603
G1 F3000 X124.319 Y46.032 E2899.67235
G0 F9000 X124.1 Y46.032
G0 X124.1 Y28.267
G0 X124.319 Y28.267
G1 F3000 X111.232 Y15.18 E2900.28793
G0 F9000 X111.232 Y15.4
G0 X108.572 Y15.4
G0 X108.572 Y15.179
G1 F3000 X98.219 Y53.819 E2901.61843
G0 F9000 X98.219 Y53.3
G1 F1500 E2895.11843
;MESH:NONMESH
G0 F300 X98.219 Y53.3 Z11.4
G0 F9000 X107.099 Y54.08
G0 X107.099 Y55.165
G0 X106.235 Y196
G0 X107.099 Y196
;TIME_ELAPSED:3718.830701
;LAYER:56
;TYPE:SUPPORT
G1 F1500 E2901.61843
G1 X108.499 Y196 E2901.66499
G1 X108.499 Y195.24 E2901.69027
G1 X108.299 Y195.148 E2901.69759
G1 X108.299 Y195.082 E2901.69979
G1 X107.337 Y195.082 E2901.73178
G1 X107.14 Y195.163 E2901.73887
G1 X107.099 Y195.309 E2901.74391
G1 X107.099 Y199.874 E2901.89575
G1 X107.18 Y200.071 E2901.90283
G1 X107.327 Y200.112 E2901.90791
G1 X107.654 Y200.112 E2901.91878
G1 X108.019 Y200.135 E2901.93095
G1 X108.163 Y200.154 E2901.93578
G1 X108.499 Y200.058 E2901.9474
G1 X108.499 Y200 E2901.94933
G1 X107.15 Y200 E2901.9942
G1 F1500 E2895.4942
G0 F9000 X107.625 Y200.976
G0 X108.847 Y206.153
G0 X111.153 Y206.153
G0 X111.148 Y200.837
G0 X111.499 Y200
G1 F1500 E2901.9942
G1 X112.866 Y200 E2902.03966
G1 X112.664 Y200.11 E2902.04731
G1 X112.23 Y200.116 E2902.06175
G1 X111.833 Y200.166 E2902.07506
G1 X111.499 Y200.059 E2902.08672
G1 X111.499 Y195.249 E2902.2467
G1 X111.699 Y195.165 E2902.25392
G1 X111.699 Y195.081 E2902.25671
G1 X112.672 Y195.081 E2902.28908
G1 X112.818 Y195.121 E2902.29411
G1 X112.899 Y195.319 E2902.30123
G1 X112.899 Y196 E2902.32388
G1 X111.499 Y196 E2902.37044
G1 F1500 E2895.87044
;MESH:Viga_Rectangular.stl
G0 F9000 X110.08 Y196
G0 X110.002 Y54.419
G0 X110.015 Y54.949
;TYPE:WALL-INNER
G1 F1500 E2902.37044
G1 X110.172 Y54.615 E2902.38517
G1 X110.461 Y54.271 E2902.4031
G1 X110.929 Y53.998 E2902.42473
G1 X111.305 Y53.9 E2902.44023
G1 X123.75 Y53.9 E2902.93694
G1 X124.4 Y53.25 E2902.97363
G1 X124.4 Y15.75 E2904.47034
G1 X123.75 Y15.1 E2904.50703
G1 X96.25 Y15.1 E2905.60461
G1 X95.6 Y15.75 E2905.6413
G1 X95.6 Y53.25 E2907.138
G1 X96.25 Y53.9 E2907.17469
G1 X108.707 Y53.9 E2907.67188
G1 X109.299 Y54.101 E2907.69683
G1 X109.736 Y54.468 E2907.71961
G1 X110.015 Y54.949 E2907.7418
G1 F1500 E2901.2418
G0 F9000 X110.002 Y54.419
G0 X110.03 Y205.03
G0 X110.25 Y205.25
;TYPE:WALL-OUTER
G1 F1500 E2907.7418
G1 F1200 X110.25 Y55.381 E2913.97263
G1 F1324.5 X110.371 Y55.132 E2913.98306
G1 F1488.8 X110.479 Y54.872 E2913.99249
G1 F1500 X110.726 Y54.578 E2914.00526
G1 X111.067 Y54.38 E2914.01838
G1 X111.342 Y54.303 E2914.02788
G1 X123.916 Y54.3 E2914.44609
G1 X124.8 Y53.416 E2914.48767
G1 X124.8 Y15.584 E2915.74597
G1 X123.916 Y14.7 E2915.78755
G1 X96.084 Y14.7 E2916.71325
G1 X95.2 Y15.584 E2916.75483
G1 X95.2 Y53.416 E2918.01312
G1 X96.084 Y54.3 E2918.0547
G1 X108.659 Y54.303 E2918.47295
G1 X109.099 Y54.455 E2918.48843
G1 X109.424 Y54.728 E2918.50255
G1 F1488.8 X109.637 Y55.103 E2918.517
G1 F1324.5 X109.75 Y55.381 E2918.52831
G1 F1200 X109.75 Y205.25 E2924.75913
G1 X110.25 Y205.25 E2924.77992
G1 F1500 E2918.27992
G0 F9000 X110.03 Y205.03
G0 X110.061 Y55.308
G0 X110.216 Y54.099
G0 X110.382 Y54.24
;TYPE:FILL
G1 F1500 E2924.77992
G1 F3000 X120.848 Y15.18 E2926.12489
G0 F9000 X119.918 Y15.18
G1 F3000 X124.319 Y19.581 E2926.3319
G0 F9000 X124.1 Y19.581
G0 X124.1 Y21.332
G0 X124.318 Y21.332
G1 F3000 X95.679 Y29.006 E2927.31804
G0 F9000 X95.9 Y29.006
G0 X95.9 Y24.882
G0 X95.679 Y24.882
G1 F3000 X124.166 Y53.369 E2928.65798
G0 F9000 X124.318 Y52.391
G1 F3000 X118.986 Y53.819 E2928.84158
G0 F9000 X118.986 Y53.6
G0 X116.707 Y53.6
G0 X116.707 Y53.819
G1 F3000 X124.319 Y25.411 E2929.81976
G0 F9000 X124.1 Y25.411
G0 X124.1 Y27.544
G0 X124.319 Y27.544
G1 F3000 X95.68 Y35.218 E2930.8059
G0 F9000 X95.9 Y35.218
G0 X95.9 Y33.367
G0 X95.679 Y33.367
G1 F3000 X116.131 Y53.82 E2931.76792
G0 F9000 X116.131 Y53.6
G0 X122.918 Y53.6
G0 X122.918 Y53.819
G1 F3000 X124.319 Y48.591 E2931.94794
G0 F9000 X124.1 Y48.591
G0 X124.1 Y46.179
G0 X124.319 Y46.179
G1 F3000 X96.18 Y53.719 E2932.91687
G0 F9000 X96.336 Y53.564
G0 X98.072 Y53.6
G0 X98.072 Y53.819
G1 F3000 X108.425 Y15.179 E2934.24737
G0 F9000 X108.425 Y15.4
G0 X111.432 Y15.4
G0 X111.432 Y15.18
G1 F3000 X124.319 Y28.066 E2934.85351
G0 F9000 X124.1 Y28.066
G0 X124.1 Y33.756
G0 X124.318 Y33.756
G1 F3000 X95.68 Y41.429 E2935.83961
G0 F9000 X95.679 Y41.852
G1 F3000 X107.645 Y53.819 E2936.40248
G0 F9000 X107.645 Y53.6
G0 X104.283 Y53.6
G0 X104.283 Y53.819
G1 F3000 X114.637 Y15.179 E2937.73299
G0 F9000 X114.637 Y15.4
G0 X123.643 Y15.415
G0 X123.798 Y15.26
G1 F3000 X95.679 Y22.794 E2938.70122
G0 F9000 X95.9 Y22.794
G0 X95.9 Y16.583
G0 X95.679 Y16.583
G1 F3000 X100.919 Y15.179 E2938.88165
G0 F9000 X100.919 Y15.4
G0 X102.213 Y15.4
G0 X102.213 Y15.18
G1 F3000 X95.679 Y39.565 E2939.72131
G0 F9000 X95.9 Y39.565
G0 X95.9 Y47.641
G0 X95.679 Y47.641
G1 F3000 X124.318 Y39.967 E2940.70745
G0 F9000 X124.1 Y39.967
G0 X124.1 Y36.551
G0 X124.319 Y36.551
G1 F3000 X102.947 Y15.18 E2941.7127
G0 F9000 X102.947 Y15.4
G0 X96.054 Y15.718
G0 X95.899 Y15.562
G1 F3000 X95.679 Y16.385 E2941.74104
G1 X95.679 Y16.397
G1 X124.319 Y45.037 E2943.08817
G0 F9000 X124.1 Y45.037
G0 X99.16 Y53.6
G0 X99.16 Y53.819
G1 F3000 X95.679 Y50.338 E2943.25191
G0 F9000 X96.2 Y50.338
G1 F1500 E2936.75191
;MESH:NONMESH
G0 F300 X96.2 Y50.338 Z11.6
G0 F9000 X108 Y54.08
G0 X108 Y55.165
G0 X106.236 Y195.189
G0 X106.236 Y200.043
G0 X106.546 Y200.793
G0 X107.084 Y200.94
G0 X107.94 Y200.996
G0 X108 Y200.132
;TIME_ELAPSED:3772.263672
;LAYER:57
;TYPE:SUPPORT
G1 F1500 E2943.25191
G1 X107.981 Y200.13 E2943.25254
G1 X107.716 Y200.112 E2943.26138
G1 X107.327 Y200.112 E2943.27432
G1 X107.181 Y200.071 E2943.27936
G1 X107.1 Y199.874 E2943.28644
G1 X107.1 Y195.309 E2943.43828
G1 X107.141 Y195.163 E2943.44332
G1 X107.338 Y195.082 E2943.45041
G1 X108 Y195.082 E2943.47242
G1 X108.217 Y195.082 E2943.47964
G1 X108.5 Y195.254 E2943.49066
G1 X108.5 Y200.057 E2943.6504
G1 X108.164 Y200.154 E2943.66204
G1 X108 Y200.132 E2943.66754
G1 X108 Y195.082 E2943.8355
G1 F1500 E2937.3355
G0 F9000 X108.821 Y194.437
G0 X108.458 Y194.219
G0 X107.169 Y194.218
G0 X106.425 Y194.526
G0 X106.236 Y195.189
G0 X106.236 Y200.043
G0 X108.847 Y206.153
G0 X111.153 Y206.153
G0 X112.107 Y201.002
G0 X112 Y200.146
G1 F1500 E2943.8355
G1 X111.834 Y200.166 E2943.84106
G1 X111.5 Y200.059 E2943.85273
G1 X111.5 Y195.249 E2944.01271
G1 X111.805 Y195.081 E2944.02429
G1 X112 Y195.081 E2944.03078
G1 X112.673 Y195.081 E2944.05316
G1 X112.819 Y195.121 E2944.0582
G1 X112.9 Y195.319 E2944.06531
G1 X112.9 Y199.883 E2944.21711
G1 X112.86 Y200.028 E2944.22211
G1 X112.665 Y200.11 E2944.22915
G1 X112.231 Y200.116 E2944.24359
G1 X112 Y200.146 E2944.25133
G1 X112 Y195.081 E2944.4198
G1 F1500 E2937.9198
;MESH:Viga_Rectangular.stl
G0 F9000 X110.08 Y195.081
G0 X110.002 Y54.419
G0 X110.015 Y54.949
;TYPE:WALL-INNER
G1 F1500 E2944.4198
G1 X110.172 Y54.615 E2944.43453
G1 X110.461 Y54.271 E2944.45246
G1 X110.929 Y53.998 E2944.47408
G1 X111.305 Y53.9 E2944.48959
G1 X123.75 Y53.9 E2944.9863
G1 X124.4 Y53.25 E2945.02299
G1 X124.4 Y15.75 E2946.51969
G1 X123.75 Y15.1 E2946.55638
G1 X96.25 Y15.1 E2947.65397
G1 X95.6 Y15.75 E2947.69066
G1 X95.6 Y53.25 E2949.18736
G1 X96.25 Y53.9 E2949.22405
G1 X108.707 Y53.9 E2949.72124
G1 X109.299 Y54.101 E2949.74619
G1 X109.736 Y54.468 E2949.76897
G1 X110.015 Y54.949 E2949.79116
G1 F1500 E2943.29116
G0 F9000 X110.002 Y54.419
G0 X110.03 Y205.03
G0 X110.25 Y205.25
;TYPE:WALL-OUTER
G1 F1500 E2949.79116
G1 F1200 X110.25 Y55.381 E2956.02199
G1 F1324.5 X110.371 Y55.132 E2956.03242
G1 F1488.8 X110.479 Y54.872 E2956.04185
G1 F1500 X110.726 Y54.578 E2956.05462
G1 X111.067 Y54.38 E2956.06774
G1 X111.342 Y54.303 E2956.07723
G1 X123.916 Y54.3 E2956.49545
G1 X124.8 Y53.416 E2956.53703
G1 X124.8 Y15.584 E2957.79533
G1 X123.916 Y14.7 E2957.83691
G1 X96.084 Y14.7 E2958.7626
G1 X95.2 Y15.584 E2958.80418
G1 X95.2 Y53.416 E2960.06248
G1 X96.084 Y54.3 E2960.10406
G1 X108.659 Y54.303 E2960.52231
G1 X109.099 Y54.455 E2960.53779
G1 X109.424 Y54.728 E2960.55191
G1 F1488.8 X109.637 Y55.103 E2960.56636
G1 F1324.5 X109.75 Y55.381 E2960.57766
G1 F1200 X109.75 Y205.25 E2966.80849
G1 X110.25 Y205.25 E2966.82928
G1 F1500 E2960.32928
G0 F9000 X110.03 Y205.03
G0 X110.003 Y54.353
G0 X110.168 Y54.493
;TYPE:FILL
G1 F1500 E2966.82928
G1 F3000 X120.703 Y15.179 E2968.183
G0 F9000 X120.117 Y15.18
G1 F3000 X124.319 Y19.381 E2968.38063
G0 F9000 X124.1 Y19.381
G0 X124.1 Y21.478
G0 X124.318 Y21.478
G1 F3000 X95.679 Y29.152 E2969.36677
G0 F9000 X95.9 Y29.152
G0 X95.9 Y33.168
G0 X95.679 Y33.168
G1 F3000 X116.331 Y53.82 E2970.33818
G0 F9000 X116.561 Y53.82
G1 F3000 X124.319 Y24.866 E2971.33516
G0 F9000 X124.1 Y24.866
G0 X124.1 Y27.69
G0 X124.318 Y27.69
G1 F3000 X95.68 Y35.364 E2972.32127
G0 F9000 X95.9 Y35.364
G0 X95.9 Y39.021
G0 X95.679 Y39.021
G1 F3000 X102.068 Y15.179 E2973.14223
G0 F9000 X101.464 Y15.179
G1 F3000 X95.68 Y16.729 E2973.3414
G0 F9000 X95.679 Y16.197
G1 F3000 X124.319 Y44.837 E2974.68854
G0 F9000 X124.1 Y44.837
G0 X124.1 Y46.325
G0 X124.318 Y46.325
G1 F3000 X96.347 Y53.82 E2975.65168
G0 F9000 X96.347 Y53.6
G0 X97.926 Y53.6
G0 X97.926 Y53.82
G1 F3000 X108.279 Y15.18 E2976.98218
G0 F9000 X108.279 Y15.4
G0 X111.632 Y15.4
G0 X111.632 Y15.18
G1 F3000 X124.319 Y27.867 E2977.57894
G0 F9000 X124.1 Y27.867
G0 X124.1 Y33.902
G0 X124.318 Y33.902
G1 F3000 X95.679 Y41.575 E2978.56507
G1 X95.679 Y41.653
G1 X107.845 Y53.819 E2979.13732
G0 F9000 X107.845 Y53.6
G0 X104.137 Y53.6
G0 X104.137 Y53.819
G1 F3000 X114.491 Y15.179 E2980.46783
G0 F9000 X114.491 Y15.4
G0 X123.757 Y15.529
G0 X123.912 Y15.375
G1 F3000 X95.679 Y22.94 E2981.43999
G0 F9000 X95.9 Y22.94
G0 X95.9 Y24.682
G0 X95.679 Y24.682
G1 F3000 X124.266 Y53.269 E2982.78463
G0 F9000 X124.319 Y52.536
G1 F3000 X119.531 Y53.819 E2982.9495
G0 F9000 X119.531 Y53.6
G0 X122.772 Y53.6
G0 X122.772 Y53.819
G1 F3000 X124.319 Y48.047 E2983.14825
G0 F9000 X124.1 Y48.047
G0 X124.1 Y40.113
G0 X124.319 Y40.113
G1 F3000 X95.68 Y47.787 E2984.1344
G0 F9000 X95.9 Y47.787
G0 X95.9 Y50.138
G0 X95.679 Y50.138
G1 F3000 X99.359 Y53.819 E2984.30751
G1 F1500 E2977.80751
G0 F9000 X99.359 Y53.6
G0 X124.1 Y36.352
G0 X124.319 Y36.352
G1 F1500 E2984.30751
G1 F3000 X103.147 Y15.18 E2985.30338
G0 F9000 X103.147 Y15.4
G0 X95.892 Y15.87
G0 X95.7 Y15.762
G1 F3000 X95.679 Y15.84 E2985.30607
G0 F9000 X96.278 Y15.918
G1 F1500 E2978.80607
;MESH:NONMESH
G0 F300 X96.278 Y15.918 Z11.8
G0 F9000 X108.499 Y54.08
G0 X108.499 Y55.165
G0 X108.856 Y194.482
G0 X108.499 Y196
;TIME_ELAPSED:3826.658587
;LAYER:58
;TYPE:SUPPORT
G1 F1500 E2985.30607
G1 X108.499 Y199.795 E2985.43229
G1 X107.865 Y199.712 E2985.45356
G1 X107.499 Y199.712 E2985.46573
G1 X107.499 Y196 E2985.58919
G1 X107.499 Y195.482 E2985.60642
G1 X108.499 Y195.482 E2985.63968
G1 X108.499 Y196 E2985.65691
G1 X107.499 Y196 E2985.69017
G1 F1500 E2979.19017
G0 F9000 X106.635 Y196
G0 X106.647 Y200.565
G0 X108.847 Y206.153
G0 X111.153 Y206.153
G0 X113.353 Y200.554
G0 X113.365 Y196
G0 X112.499 Y196
G1 F1500 E2985.69017
G1 X112.499 Y199.713 E2985.81366
G1 X112.205 Y199.717 E2985.82344
G1 X111.499 Y199.806 E2985.84711
G1 X111.499 Y196 E2985.9737
G1 X111.499 Y195.481 E2985.99096
G1 X112.499 Y195.481 E2986.02422
G1 X112.499 Y196 E2986.04148
G1 X111.499 Y196 E2986.07474
G1 F1500 E2979.57474
;MESH:Viga_Rectangular.stl
G0 F9000 X110.08 Y196
G0 X110.002 Y54.419
G0 X110.015 Y54.949
;TYPE:WALL-INNER
G1 F1500 E2986.07474
G1 X110.172 Y54.615 E2986.08947
G1 X110.461 Y54.271 E2986.10741
G1 X110.929 Y53.998 E2986.12903
G1 X111.305 Y53.9 E2986.14454
G1 X123.75 Y53.9 E2986.64124
G1 X124.4 Y53.25 E2986.67793
G1 X124.4 Y15.75 E2988.17464
G1 X123.75 Y15.1 E2988.21133
G1 X96.25 Y15.1 E2989.30891
G1 X95.6 Y15.75 E2989.3456
G1 X95.6 Y53.25 E2990.84231
G1 X96.25 Y53.9 E2990.879
G1 X108.707 Y53.9 E2991.37618
G1 X109.299 Y54.101 E2991.40114
G1 X109.736 Y54.468 E2991.42391
G1 X110.015 Y54.949 E2991.44611
G1 F1500 E2984.94611
G0 F9000 X110.002 Y54.419
G0 X110.03 Y205.03
G0 X110.25 Y205.25
;TYPE:WALL-OUTER
G1 F1500 E2991.44611
G1 F1200 X110.25 Y55.381 E2997.67693
G1 F1324.5 X110.371 Y55.132 E2997.68736
G1 F1488.8 X110.479 Y54.872 E2997.6968
G1 F1500 X110.726 Y54.578 E2997.70957
G1 X111.067 Y54.38 E2997.72268
G1 X111.342 Y54.303 E2997.73218
G1 X123.916 Y54.3 E2998.15039
G1 X124.8 Y53.416 E2998.19197
G1 X124.8 Y15.584 E2999.45027
G1 X123.916 Y14.7 E2999.49185
G1 X96.084 Y14.7 E3000.41755
G1 X95.2 Y15.584 E3000.45913
G1 X95.2 Y53.416 E3001.71743
G1 X96.084 Y54.3 E3001.75901
G1 X108.659 Y54.303 E3002.17725
G1 X109.099 Y54.455 E3002.19274
G1 X109.424 Y54.728 E3002.20685
G1 F1488.8 X109.637 Y55.103 E3002.22131
G1 F1324.5 X109.75 Y55.381 E3002.23261
G1 F1200 X109.75 Y205.25 E3008.46344
G1 X110.25 Y205.25 E3008.48423
G1 F1500 E3001.98423
G0 F9000 X110.03 Y205.03
G0 X110.002 Y54.419
G0 X109.977 Y54.663
;TYPE:FILL
G1 F1500 E3008.48423
G1 F3000 X120.557 Y15.179 E3009.8438
G0 F9000 X120.317 Y15.18
G1 F3000 X124.319 Y19.182 E3010.03204
G0 F9000 X124.1 Y19.182
G0 X124.1 Y21.624
G0 X124.318 Y21.624
G1 F3000 X95.68 Y29.298 E3011.01815
G0 F9000 X95.9 Y29.298
G0 X95.9 Y32.968
G0 X95.679 Y32.968
G1 F3000 X116.53 Y53.82 E3011.99894
G1 X116.415 Y53.819
G1 X124.319 Y24.321 E3013.01466
G0 F9000 X124.1 Y24.321
G0 X124.1 Y27.667
G0 X124.319 Y27.667
G1 F3000 X111.831 Y15.18 E3013.60203
G0 F9000 X111.831 Y15.4
G0 X114.345 Y15.4
G0 X114.345 Y15.18
G1 F3000 X103.991 Y53.819 E3014.93251
G0 F9000 X103.991 Y53.6
G0 X108.044 Y53.6
G0 X108.044 Y53.819
G1 F3000 X95.679 Y41.454 E3015.51412
G0 F9000 X95.679 Y41.721
G1 F3000 X124.318 Y34.048 E3016.50025
G0 F9000 X124.1 Y34.048
G0 X124.1 Y36.152
G0 X124.319 Y36.152
G1 F3000 X103.346 Y15.18 E3017.48673
G0 F9000 X103.346 Y15.4
G0 X102.008 Y15.4
G0 X102.008 Y15.179
G1 F3000 X95.679 Y16.875 E3017.70467
G0 F9000 X95.679 Y15.998
G1 F3000 X124.319 Y44.638 E3019.0518
G0 F9000 X124.1 Y44.638
G0 X124.1 Y46.471
G0 X124.318 Y46.471
G1 F3000 X96.892 Y53.82 E3019.99618
G0 F9000 X97.78 Y53.82
G1 F3000 X108.133 Y15.179 E3021.32671
G0 F9000 X108.133 Y15.4
G0 X101.922 Y15.4
G0 X101.922 Y15.179
G1 F3000 X95.679 Y38.476 E3022.12891
G0 F9000 X95.9 Y38.476
G0 X95.9 Y35.51
G0 X95.679 Y35.51
G1 F3000 X124.318 Y27.836 E3023.11505
G0 F9000 X124.1 Y27.836
G0 X123.873 Y15.645
G0 X124.027 Y15.491
G1 F3000 X95.679 Y23.086 E3024.09116
G0 F9000 X95.9 Y23.086
G0 X95.9 Y24.483
G0 X95.679 Y24.483
G1 F3000 X124.319 Y53.123 E3025.4383
G0 F9000 X124.319 Y52.682
G1 F3000 X120.076 Y53.819 E3025.5844
G0 F9000 X120.076 Y53.6
G0 X122.626 Y53.6
G0 X122.626 Y53.82
G1 F3000 X124.319 Y47.502 E3025.80195
G0 F9000 X124.1 Y47.502
G0 X124.1 Y40.259
G0 X124.319 Y40.259
G1 F3000 X95.68 Y47.933 E3026.7881
G0 F9000 X95.9 Y47.933
G0 X95.9 Y49.939
G0 X95.679 Y49.939
G1 F3000 X99.559 Y53.819 E3026.9706
G0 F9000 X99.559 Y53.3
G1 F1500 E3020.4706
;MESH:NONMESH
G0 F300 X99.559 Y53.3 Z12
G0 F9000 X108 Y54.08
G0 X108 Y55.165
G0 X106.647 Y194.629
G0 X106.647 Y200.565
G0 X107.808 Y200.576
G0 X108 Y199.729
;TIME_ELAPSED:3879.443888
;LAYER:59
;TYPE:SUPPORT
G1 F1500 E3026.9706
G1 X107.867 Y199.712 E3026.97506
G1 X107.5 Y199.712 E3026.98726
G1 X107.5 Y195.482 E3027.12796
G1 X108 Y195.482 E3027.14459
G1 X108.5 Y195.482 E3027.16122
G1 X108.5 Y199.795 E3027.30467
G1 X108 Y199.729 E3027.32144
G1 X108 Y195.482 E3027.4627
G1 F1500 E3020.9627
G0 F9000 X108 Y194.617
G0 X106.647 Y194.629
G0 X106.647 Y200.565
G0 X108.847 Y206.153
G0 X111.153 Y206.153
G0 X112.108 Y200.6
G0 X112 Y199.743
G1 F1500 E3027.4627
G1 X111.5 Y199.806 E3027.47946
G1 X111.5 Y195.481 E3027.62331
G1 X112 Y195.481 E3027.63994
G1 X112.5 Y195.481 E3027.65657
G1 X112.5 Y199.713 E3027.79733
G1 X112.206 Y199.717 E3027.8071
G1 X112 Y199.743 E3027.81401
G1 X112 Y195.481 E3027.95577
G1 F1500 E3021.45577
;MESH:Viga_Rectangular.stl
G0 F9000 X110.08 Y195.481
G0 X110.002 Y54.419
G0 X110.015 Y54.949
;TYPE:WALL-INNER
G1 F1500 E3027.95577
G1 X110.172 Y54.615 E3027.9705
G1 X110.461 Y54.271 E3027.98843
G1 X110.929 Y53.998 E3028.01005
G1 X111.305 Y53.9 E3028.02556
G1 X123.75 Y53.9 E3028.52227
G1 X124.4 Y53.25 E3028.55896
G1 X124.4 Y15.75 E3030.05566
G1 X123.75 Y15.1 E3030.09235
G1 X96.25 Y15.1 E3031.18993
G1 X95.6 Y15.75 E3031.22662
G1 X95.6 Y53.25 E3032.72333
G1 X96.25 Y53.9 E3032.76002
G1 X108.707 Y53.9 E3033.2572
G1 X109.299 Y54.101 E3033.28216
G1 X109.736 Y54.468 E3033.30493
G1 X110.015 Y54.949 E3033.32713
G1 F1500 E3026.82713
G0 F9000 X110.002 Y54.419
G0 X110.03 Y205.03
G0 X110.25 Y205.25
;TYPE:WALL-OUTER
G1 F1500 E3033.32713
G1 F1200 X110.25 Y55.381 E3039.55796
G1 F1324.5 X110.371 Y55.132 E3039.56838
G1 F1488.8 X110.479 Y54.872 E3039.57782
G1 F1500 X110.726 Y54.578 E3039.59059
G1 X111.067 Y54.38 E3039.6037
G1 X111.342 Y54.303 E3039.6132
G1 X123.916 Y54.3 E3040.03142
G1 X124.8 Y53.416 E3040.073
G1 X124.8 Y15.584 E3041.33129
G1 X123.916 Y14.7 E3041.37287
G1 X96.084 Y14.7 E3042.29857
G1 X95.2 Y15.584 E3042.34015
G1 X95.2 Y53.416 E3043.59845
G1 X96.084 Y54.3 E3043.64003
G1 X108.659 Y54.303 E3044.05828
G1 X109.099 Y54.455 E3044.07376
G1 X109.424 Y54.728 E3044.08788
G1 F1488.8 X109.637 Y55.103 E3044.10233
G1 F1324.5 X109.75 Y55.381 E3044.11363
G1 F1200 X109.75 Y205.25 E3050.34446
G1 X110.25 Y205.25 E3050.36525
G1 F1500 E3043.86525
G0 F9000 X110.03 Y205.03
G0 X110.053 Y54.421
G0 X109.866 Y54.529
;TYPE:FILL
G1 F1500 E3050.36525
G1 F3000 X120.41 Y15.179 E3051.7202
G1 X120.517 Y15.18
G1 X124.319 Y18.981 E3051.89902
G0 F9000 X124.1 Y18.981
G0 X124.1 Y21.771
G0 X124.319 Y21.771
G1 F3000 X95.68 Y29.445 E3052.88516
G0 F9000 X95.9 Y29.445
G0 X95.9 Y32.768
G0 X95.679 Y32.768
G1 F3000 X116.731 Y53.82 E3053.87538
G0 F9000 X116.268 Y53.819
G1 F3000 X124.319 Y23.773 E3054.90997
G0 F9000 X124.1 Y23.773
G0 X124.1 Y27.466
G0 X124.319 Y27.466
G1 F3000 X112.032 Y15.18 E3055.48789
G0 F9000 X112.032 Y15.4
G0 X114.198 Y15.4
G0 X114.198 Y15.179
G1 F3000 X103.844 Y53.819 E3056.8184
G0 F9000 X103.844 Y53.6
G0 X99.76 Y53.6
G0 X99.76 Y53.819
G1 F3000 X95.679 Y49.738 E3057.01035
G0 F9000 X95.9 Y49.738
G0 X95.9 Y48.08
G0 X95.68 Y48.08
G1 F3000 X124.319 Y40.406 E3057.9965
G0 F9000 X124.1 Y40.406
G0 X124.1 Y44.437
G0 X124.319 Y44.437
G1 F3000 X95.679 Y15.797 E3059.34363
G0 F9000 X95.892 Y15.87
G0 X95.9 Y17.022
G0 X95.679 Y17.022
G1 F3000 X102.557 Y15.179 E3059.58047
G0 F9000 X101.775 Y15.179
G1 F3000 X95.679 Y37.928 E3060.3638
G0 F9000 X95.9 Y37.928
G0 X95.9 Y35.657
G0 X95.679 Y35.657
G1 F3000 X124.318 Y27.983 E3061.34994
G0 F9000 X124.1 Y27.983
G0 X124.1 Y34.195
G0 X124.318 Y34.195
G1 F3000 X95.679 Y41.868 E3062.33607
G0 F9000 X95.679 Y41.253
G1 F3000 X108.245 Y53.819 E3062.92713
G0 F9000 X108.245 Y53.6
G0 X97.633 Y53.6
G0 X97.633 Y53.82
G1 F3000 X107.986 Y15.179 E3064.25767
G0 F9000 X107.986 Y15.4
G0 X103.547 Y15.4
G0 X103.547 Y15.18
G1 F3000 X124.319 Y35.952 E3065.23472
G0 F9000 X124.1 Y35.952
G0 X124.1 Y46.618
G0 X124.318 Y46.618
G1 F3000 X97.44 Y53.82 E3066.16022
G0 F9000 X97.44 Y53.6
G0 X120.624 Y53.6
G0 X120.624 Y53.819
G1 F3000 X124.319 Y52.829 E3066.28745
G1 X124.319 Y52.922
G1 X95.679 Y24.282 E3067.63459
G0 F9000 X95.9 Y24.282
G0 X95.9 Y23.233
G0 X95.679 Y23.233
G1 F3000 X124.143 Y15.607 E3068.6147
G1 F1500 E3062.1147
G0 F9000 X123.989 Y15.761
G0 X124.1 Y46.954
G0 X124.319 Y46.954
G1 F1500 E3068.6147
G1 F3000 X122.479 Y53.819 E3068.85109
G0 F9000 X122.479 Y53.3
G1 F1500 E3062.35109
;MESH:NONMESH
G0 F300 X122.479 Y53.3 Z12.2
G0 F9000 X111.324 Y54.061
G0 X110.989 Y54.151
G0 X110.571 Y54.393
G0 X110.247 Y54.78
G0 X110.061 Y55.308
G0 X109.9 Y196
G0 X108.499 Y196
;TIME_ELAPSED:3933.746078
;LAYER:60
;TYPE:SUPPORT
G1 F1500 E3068.85109
G1 X108.499 Y199.795 E3068.97731
G1 X107.866 Y199.712 E3068.99854
G1 X107.499 Y199.712 E3069.01075
G1 X107.499 Y196 E3069.13421
G1 X107.499 Y195.482 E3069.15144
G1 X108.499 Y195.482 E3069.1847
G1 X108.499 Y196 E3069.20193
G1 X107.499 Y196 E3069.23519
G1 F1500 E3062.73519
G0 F9000 X106.635 Y196
G0 X106.647 Y200.565
G0 X108.847 Y206.153
G0 X111.153 Y206.153
G0 X113.353 Y200.554
G0 X113.365 Y196
G0 X112.499 Y196
G1 F1500 E3069.23519
G1 X112.499 Y199.713 E3069.35868
G1 X112.205 Y199.717 E3069.36846
G1 X111.499 Y199.806 E3069.39213
G1 X111.499 Y196 E3069.51872
G1 X111.499 Y195.481 E3069.53598
G1 X112.499 Y195.481 E3069.56924
G1 X112.499 Y196 E3069.5865
G1 X111.499 Y196 E3069.61976
G1 F1500 E3063.11976
;MESH:Viga_Rectangular.stl
G0 F9000 X110.08 Y196
G0 X110.002 Y54.419
G0 X110.015 Y54.949
;TYPE:WALL-INNER
G1 F1500 E3069.61976
G1 X110.172 Y54.615 E3069.63449
G1 X110.461 Y54.271 E3069.65242
G1 X110.929 Y53.998 E3069.67405
G1 X111.305 Y53.9 E3069.68956
G1 X123.75 Y53.9 E3070.18626
G1 X124.4 Y53.25 E3070.22295
G1 X124.4 Y15.75 E3071.71966
G1 X123.75 Y15.1 E3071.75635
G1 X96.25 Y15.1 E3072.85393
G1 X95.6 Y15.75 E3072.89062
G1 X95.6 Y53.25 E3074.38733
G1 X96.25 Y53.9 E3074.42402
G1 X108.707 Y53.9 E3074.9212
G1 X109.299 Y54.101 E3074.94616
G1 X109.736 Y54.468 E3074.96893
G1 X110.015 Y54.949 E3074.99113
G1 F1500 E3068.49113
G0 F9000 X110.002 Y54.419
G0 X110.03 Y196.294
G0 X110.25 Y196.514
;TYPE:WALL-OUTER
G1 F1500 E3074.99113
G1 F1200 X110.25 Y55.381 E3080.85875
G1 F1324.5 X110.371 Y55.132 E3080.86918
G1 F1488.8 X110.479 Y54.872 E3080.87862
G1 F1500 X110.726 Y54.578 E3080.89139
G1 X111.067 Y54.38 E3080.9045
G1 X111.342 Y54.303 E3080.914
G1 X123.916 Y54.3 E3081.33221
G1 X124.8 Y53.416 E3081.37379
G1 X124.8 Y15.584 E3082.63209
G1 X123.916 Y14.7 E3082.67367
G1 X96.084 Y14.7 E3083.59937
G1 X95.2 Y15.584 E3083.64095
G1 X95.2 Y53.416 E3084.89925
G1 X96.084 Y54.3 E3084.94083
G1 X108.659 Y54.303 E3085.35907
G1 X109.099 Y54.455 E3085.37456
G1 X109.424 Y54.728 E3085.38867
G1 F1488.8 X109.637 Y55.103 E3085.40312
G1 F1324.5 X109.75 Y55.381 E3085.41443
G1 F1200 X109.75 Y196.514 E3091.28206
G1 X110.25 Y196.514 E3091.30284
G1 F1500 E3084.80284
G0 F9000 X110.03 Y196.294
G0 X109.905 Y54.22
G0 X109.756 Y54.396
;TYPE:FILL
G1 F1500 E3091.30284
G1 F3000 X120.264 Y15.179 E3092.65322
G0 F9000 X120.717 Y15.18
G1 F3000 X124.319 Y18.782 E3092.82265
G0 F9000 X124.1 Y18.782
G0 X124.104 Y15.876
G0 X124.259 Y15.722
G1 F3000 X95.679 Y23.38 E3093.80675
G0 F9000 X95.679 Y24.083
G1 F3000 X124.319 Y52.723 E3095.15389
G0 F9000 X124.319 Y52.975
G1 F3000 X121.169 Y53.819 E3095.26236
G0 F9000 X121.169 Y53.6
G0 X122.333 Y53.6
G0 X122.333 Y53.819
G1 F3000 X124.319 Y46.409 E3095.51751
G0 F9000 X124.318 Y46.764
G1 F3000 X97.986 Y53.82 E3096.42422
G0 F9000 X97.487 Y53.82
G1 F3000 X107.84 Y15.179 E3097.75475
G0 F9000 X107.84 Y15.4
G0 X103.746 Y15.4
G0 X103.746 Y15.18
G1 F3000 X124.319 Y35.752 E3098.72242
G0 F9000 X124.1 Y35.752
G0 X124.1 Y34.34
G0 X124.319 Y34.34
G1 F3000 X95.68 Y42.014 E3099.70856
G0 F9000 X95.679 Y41.053
G1 F3000 X108.444 Y53.819 E3100.30901
G0 F9000 X108.444 Y53.6
G0 X103.698 Y53.6
G0 X103.698 Y53.82
G1 F3000 X114.052 Y15.18 E3101.63952
G0 F9000 X114.052 Y15.4
G0 X112.231 Y15.4
G0 X112.231 Y15.18
G1 F3000 X124.319 Y27.267 E3102.20808
G0 F9000 X124.318 Y28.129
G1 F3000 X95.679 Y35.803 E3103.19422
G0 F9000 X95.9 Y35.803
G0 X95.9 Y37.383
G0 X95.679 Y37.383
G1 F3000 X101.629 Y15.179 E3103.95878
G0 F9000 X101.629 Y15.4
G0 X103.101 Y15.4
G0 X103.101 Y15.179
G1 F3000 X95.679 Y17.168 E3104.21435
G0 F9000 X95.9 Y17.168
G0 X95.926 Y15.846
G0 X95.771 Y15.69
G1 F3000 X124.319 Y44.238 E3105.55716
G0 F9000 X124.1 Y44.238
G0 X124.1 Y40.552
G0 X124.318 Y40.552
G1 F3000 X95.68 Y48.226 E3106.54327
G0 F9000 X95.9 Y48.226
G0 X95.9 Y49.539
G0 X95.679 Y49.539
G1 F3000 X99.959 Y53.819 E3106.74459
G0 F9000 X99.959 Y53.6
G0 X116.122 Y53.6
G0 X116.122 Y53.819
G1 F3000 X124.319 Y23.228 E3107.79794
G0 F9000 X124.1 Y23.228
G0 X124.1 Y21.917
G0 X124.318 Y21.917
G1 F3000 X95.68 Y29.591 E3108.78405
G0 F9000 X95.9 Y29.591
G0 X95.9 Y32.568
G0 X95.679 Y32.568
G1 F3000 X116.93 Y53.82 E3109.78366
G0 F9000 X116.93 Y53.3
G1 F1500 E3103.28366
G0 F9000 X111.327 Y54.081
G0 X110.086 Y198.661
G0 X110.25 Y205.25
;TYPE:WALL-OUTER
G1 F1500 E3109.78366
G1 F1200 X109.75 Y205.25 E3109.80444
G1 X109.75 Y198.497 E3110.0852
G1 X110.25 Y198.497 E3110.10599
G1 X110.25 Y205.25 E3110.38675
G1 F1500 E3103.88675
;MESH:NONMESH
G0 F300 X110.25 Y205.25 Z12.4
G0 F9000 X110.03 Y205.03
G0 X109.92 Y199.729
G0 X108 Y199.729
;TIME_ELAPSED:3986.693802
;LAYER:61
;TYPE:SUPPORT
G1 F1500 E3110.38675
G1 X108 Y195.482 E3110.528
G1 X107.5 Y195.482 E3110.54463
G1 X107.5 Y199.712 E3110.68532
G1 X107.867 Y199.712 E3110.69753
G1 X108.5 Y199.795 E3110.71876
G1 X108.5 Y197.802 E3110.78505
G1 X111.5 Y197.805 E3110.88483
G1 X111.5 Y199.806 E3110.95138
G1 X112.206 Y199.717 E3110.97505
G1 X112.5 Y199.713 E3110.98483
G1 X112.5 Y195.481 E3111.12559
G1 X112 Y195.481 E3111.14222
G1 X112 Y199.743 E3111.28397
G1 F1500 E3104.78397
;MESH:Viga_Rectangular.stl
G0 F9000 X112.108 Y200.6
G0 X113.353 Y200.554
G0 X113.353 Y194.628
G0 X111.153 Y194.628
G0 X110.086 Y195.8
G0 X110.002 Y54.419
G0 X110.013 Y54.95
;TYPE:WALL-INNER
G1 F1500 E3111.28397
G1 X110.173 Y54.615 E3111.29879
G1 X110.461 Y54.271 E3111.3167
G1 X110.929 Y53.998 E3111.33832
G1 X111.305 Y53.9 E3111.35383
G1 X123.75 Y53.9 E3111.85054
G1 X124.4 Y53.25 E3111.88722
G1 X124.4 Y15.75 E3113.38393
G1 X123.75 Y15.1 E3113.42062
G1 X96.25 Y15.1 E3114.5182
G1 X95.6 Y15.75 E3114.55489
G1 X95.6 Y53.25 E3116.0516
G1 X96.25 Y53.9 E3116.08829
G1 X108.707 Y53.9 E3116.58547
G1 X109.299 Y54.101 E3116.61043
G1 X109.735 Y54.466 E3116.63312
G1 X110.013 Y54.95 E3116.6554
G1 F1500 E3110.1554
G0 F9000 X110.002 Y54.419
G0 X110.03 Y195.744
G0 X110.25 Y195.964
;TYPE:WALL-OUTER
G1 F1500 E3116.6554
G1 F1200 X110.25 Y149.103 E3118.60365
G1 F1195.2 X110.249 Y102.242 E3120.5597
G1 F1192.8 X110.248 Y55.381 E3122.51964
G1 F1301.5 X110.349 Y55.174 E3122.52847
G1 F1452.8 X110.459 Y54.896 E3122.53874
G1 F1485.1 X110.726 Y54.578 E3122.55269
G1 F1500 X111.067 Y54.38 E3122.5658
G1 X111.342 Y54.303 E3122.5753
G1 X123.916 Y54.3 E3122.99351
G1 X124.8 Y53.416 E3123.03509
G1 X124.8 Y15.584 E3124.29339
G1 X123.916 Y14.7 E3124.33497
G1 X96.084 Y14.7 E3125.26067
G1 X95.2 Y15.584 E3125.30225
G1 X95.2 Y53.416 E3126.56055
G1 X96.084 Y54.3 E3126.60213
G1 X108.659 Y54.303 E3127.02037
G1 X109.099 Y54.455 E3127.03586
G1 X109.423 Y54.727 E3127.04993
G1 F1467 X109.648 Y55.121 E3127.06536
G1 F1301.5 X109.748 Y55.424 E3127.07759
G1 F1192.8 X109.748 Y102.187 E3129.03343
G1 F1195.2 X109.749 Y148.95 E3130.98539
G1 F1200 X109.749 Y195.713 E3132.92957
G1 X109.75 Y195.964 E3132.94
G1 X110.25 Y195.964 E3132.96079
G1 F1500 E3126.46079
G0 F9000 X110.03 Y195.744
G0 X109.938 Y55.428
G0 X109.78 Y54.115
G0 X109.639 Y54.281
;TYPE:FILL
G1 F1500 E3132.96079
G1 F3000 X120.117 Y15.179 E3134.30721
G0 F9000 X120.918 Y15.18
G1 F3000 X124.319 Y18.581 E3134.46718
G0 F9000 X124.1 Y18.581
G0 X124.1 Y15.853
G0 X124.318 Y15.853
G1 F3000 X95.679 Y23.527 E3135.45333
G0 F9000 X95.679 Y23.882
G1 F3000 X124.319 Y52.522 E3136.80046
G0 F9000 X124.319 Y53.122
G1 F3000 X121.718 Y53.819 E3136.89002
G0 F9000 X122.186 Y53.82
G1 F3000 X124.319 Y45.86 E3137.16412
G0 F9000 X124.1 Y45.86
G0 X124.1 Y46.911
G0 X124.318 Y46.911
G1 F3000 X98.535 Y53.82 E3138.05192
G0 F9000 X98.535 Y53.6
G0 X97.34 Y53.6
G0 X97.34 Y53.82
G1 F3000 X107.693 Y15.179 E3139.38245
G0 F9000 X107.693 Y15.4
G0 X103.947 Y15.4
G0 X103.947 Y15.18
G1 F3000 X124.319 Y35.551 E3140.34066
G0 F9000 X124.1 Y35.551
G0 X124.1 Y34.487
G0 X124.319 Y34.487
G1 F3000 X95.68 Y42.161 E3141.32681
G0 F9000 X95.9 Y42.161
G0 X95.9 Y40.853
G0 X95.679 Y40.853
G1 F3000 X108.645 Y53.819 E3141.93669
G0 F9000 X108.645 Y53.6
G0 X103.551 Y53.6
G0 X103.551 Y53.82
G1 F3000 X113.905 Y15.18 E3143.2672
G0 F9000 X113.905 Y15.4
G0 X112.432 Y15.4
G0 X112.432 Y15.18
G1 F3000 X124.319 Y27.066 E3143.8263
G0 F9000 X124.1 Y27.066
G0 X124.1 Y28.276
G0 X124.318 Y28.276
G1 F3000 X95.679 Y35.95 E3144.81244
G0 F9000 X95.679 Y36.834
G1 F3000 X101.482 Y15.179 E3145.5581
G0 F9000 X101.482 Y15.4
G0 X103.65 Y15.4
G0 X103.65 Y15.179
G1 F3000 X95.679 Y17.315 E3145.83257
G0 F9000 X95.9 Y17.315
G0 X96.027 Y15.745
G0 X95.872 Y15.59
G1 F3000 X124.319 Y44.037 E3147.17063
G0 F9000 X124.1 Y44.037
G0 X124.1 Y40.699
G0 X124.318 Y40.699
G1 F3000 X95.68 Y48.373 E3148.15674
G0 F9000 X95.679 Y49.338
G1 F3000 X100.16 Y53.819 E3148.36751
G0 F9000 X100.16 Y53.6
G0 X115.975 Y53.6
G0 X115.975 Y53.819
G1 F3000 X124.319 Y22.679 E3149.43977
G0 F9000 X124.318 Y22.064
G1 F3000 X95.68 Y29.738 E3150.42588
G0 F9000 X95.9 Y29.738
G0 X95.9 Y32.367
G0 X95.679 Y32.367
G1 F3000 X117.131 Y53.82 E3151.43494
G0 F9000 X117.131 Y53.3
G1 F1500 E3144.93494
G0 F9000 X111.327 Y54.081
G0 X111.471 Y55.164
G0 X113.353 Y194.628
G0 X113.353 Y200.554
G0 X111.154 Y200.711
G0 X110.25 Y205.25
;TYPE:WALL-OUTER
G1 F1500 E3151.43494
G1 F1200 X109.75 Y205.25 E3151.45573
G1 X109.75 Y199.054 E3151.71333
G1 X110.25 Y199.054 E3151.73412
G1 X110.25 Y205.25 E3151.99171
G1 F1500 E3145.49171
;MESH:NONMESH
G0 F300 X110.25 Y205.25 Z12.6
G0 F9000 X110.03 Y205.03
G0 X110.086 Y199.218
G0 X111.154 Y200.711
G0 X113.353 Y200.554
G0 X113.365 Y196
G0 X112.499 Y196
;TIME_ELAPSED:4039.281480
;LAYER:62
;TYPE:SUPPORT
G1 F1500 E3151.99171
G1 X112.499 Y199.713 E3152.11521
G1 X112.205 Y199.717 E3152.12499
G1 X111.499 Y199.806 E3152.14866
G1 X111.499 Y198.152 E3152.20367
G1 X108.499 Y198.149 E3152.30345
G1 X108.499 Y199.795 E3152.3582
G1 X107.866 Y199.712 E3152.37943
G1 X107.499 Y199.712 E3152.39164
G1 X107.499 Y196 E3152.5151
G1 X107.499 Y195.482 E3152.53233
G1 X108.499 Y195.482 E3152.56559
G1 X108.499 Y196 E3152.58282
G1 X108.499 Y196.857 E3152.61132
G1 X111.499 Y196.857 E3152.7111
G1 X111.499 Y196 E3152.7396
G1 X111.499 Y195.481 E3152.75687
G1 X112.499 Y195.481 E3152.79013
G1 X112.499 Y196 E3152.80739
G1 X111.499 Y196 E3152.84065
G1 F1500 E3146.34065
G0 F9000 X111.153 Y194.628
G0 X113.353 Y194.628
G0 X113.353 Y200.554
G0 X111.153 Y206.153
G0 X108.847 Y206.153
G0 X106.647 Y200.565
G0 X106.647 Y194.629
G0 X108.847 Y194.629
G0 X108.499 Y196
G1 F1500 E3152.84065
G1 X107.499 Y196 E3152.87391
G1 F1500 E3146.37391
;MESH:Viga_Rectangular.stl
G0 F9000 X109.914 Y195.443
G0 X110.002 Y54.419
G0 X110.013 Y54.95
;TYPE:WALL-INNER
G1 F1500 E3152.87391
G1 X110.173 Y54.615 E3152.88873
G1 X110.461 Y54.271 E3152.90663
G1 X110.929 Y53.998 E3152.92826
G1 X111.305 Y53.9 E3152.94376
G1 X123.75 Y53.9 E3153.44047
G1 X124.4 Y53.25 E3153.47716
G1 X124.4 Y15.75 E3154.97387
G1 X123.75 Y15.1 E3155.01055
G1 X96.25 Y15.1 E3156.10814
G1 X95.6 Y15.75 E3156.14483
G1 X95.6 Y53.25 E3157.64153
G1 X96.25 Y53.9 E3157.67822
G1 X108.707 Y53.9 E3158.17541
G1 X109.299 Y54.101 E3158.20036
G1 X109.735 Y54.466 E3158.22306
G1 X110.013 Y54.95 E3158.24533
G1 F1500 E3151.74533
G0 F9000 X110.002 Y54.419
G0 X110.03 Y195.387
G0 X110.25 Y195.607
;TYPE:WALL-OUTER
G1 F1500 E3158.24533
G1 F1200 X110.25 Y148.865 E3160.18864
G1 F1195.2 X110.249 Y102.123 E3162.13972
G1 F1192.8 X110.248 Y55.381 E3164.09469
G1 F1301.5 X110.35 Y55.173 E3164.10357
G1 F1452.8 X110.459 Y54.896 E3164.11379
G1 F1485.1 X110.726 Y54.578 E3164.12774
G1 F1500 X111.067 Y54.38 E3164.14085
G1 X111.342 Y54.303 E3164.15035
G1 X123.916 Y54.3 E3164.56856
G1 X124.8 Y53.416 E3164.61014
G1 X124.8 Y15.584 E3165.86844
G1 X123.916 Y14.7 E3165.91002
G1 X96.084 Y14.7 E3166.83572
G1 X95.2 Y15.584 E3166.8773
G1 X95.2 Y53.416 E3168.1356
G1 X96.084 Y54.3 E3168.17718
G1 X108.659 Y54.303 E3168.59542
G1 X109.099 Y54.455 E3168.61091
G1 X109.423 Y54.727 E3168.62498
G1 F1467 X109.647 Y55.121 E3168.64039
G1 F1301.5 X109.748 Y55.424 E3168.65263
G1 F1192.8 X109.748 Y102.068 E3170.6035
G1 F1195.2 X109.749 Y148.712 E3172.55049
G1 F1200 X109.749 Y195.356 E3174.48972
G1 X109.75 Y195.607 E3174.50016
G1 X110.25 Y195.607 E3174.52095
G1 F1500 E3168.02095
G0 F9000 X110.03 Y195.387
G0 X109.938 Y55.427
G0 X109.661 Y54.015
G0 X109.52 Y54.181
;TYPE:FILL
G1 F1500 E3174.52095
G1 F3000 X119.971 Y15.18 E3175.86389
G0 F9000 X119.971 Y15.4
G0 X121.117 Y15.4
G0 X121.117 Y15.18
G1 F3000 X124.319 Y18.381 E3176.01448
G0 F9000 X124.1 Y18.381
G0 X124.1 Y15.999
G0 X124.318 Y15.999
G1 F3000 X95.68 Y23.672 E3177.00058
G1 X95.679 Y23.683
G1 X124.319 Y52.323 E3178.34772
G0 F9000 X124.248 Y53.287
G1 F3000 X122.262 Y53.819 E3178.4161
G0 F9000 X122.04 Y53.819
G1 F3000 X124.319 Y45.316 E3178.70889
G0 F9000 X124.1 Y45.316
G0 X124.1 Y43.837
G0 X124.319 Y43.837
G1 F3000 X95.972 Y15.49 E3180.04225
G0 F9000 X96.127 Y15.645
G0 X95.9 Y17.461
G0 X95.679 Y17.461
G1 F3000 X104.195 Y15.179 E3180.33548
G1 X104.146 Y15.18
G1 X124.319 Y35.352 E3181.28434
G0 F9000 X124.319 Y34.633
G1 F3000 X95.68 Y42.307 E3182.27048
G0 F9000 X95.9 Y42.307
G0 X95.9 Y40.653
G0 X95.679 Y40.653
G1 F3000 X108.905 Y53.879 E3182.89259
G0 F9000 X108.978 Y53.673
G0 X103.406 Y53.6
G0 X103.406 Y53.819
G1 F3000 X113.759 Y15.179 E3184.22309
G0 F9000 X113.759 Y15.4
G0 X112.632 Y15.4
G0 X112.632 Y15.18
G1 F3000 X124.319 Y26.867 E3184.77281
G0 F9000 X124.1 Y26.867
G0 X124.1 Y28.422
G0 X124.318 Y28.422
G1 F3000 X95.679 Y36.096 E3185.75895
G1 X95.679 Y36.29
G1 X101.336 Y15.179 E3186.48588
G0 F9000 X101.336 Y15.4
G0 X107.547 Y15.4
G0 X107.547 Y15.179
G1 F3000 X97.194 Y53.819 E3187.81638
G0 F9000 X97.194 Y53.6
G0 X99.079 Y53.6
G0 X99.079 Y53.82
G1 F3000 X124.319 Y47.057 E3188.68548
G0 F9000 X124.1 Y47.057
G0 X124.1 Y40.845
G0 X124.318 Y40.845
G1 F3000 X95.679 Y48.519 E3189.67162
G0 F9000 X95.679 Y49.138
G1 F3000 X100.359 Y53.819 E3189.89178
G0 F9000 X100.359 Y53.6
G0 X115.829 Y53.6
G0 X115.829 Y53.819
G1 F3000 X124.319 Y22.135 E3190.98277
G1 X124.318 Y22.21
G1 X95.679 Y29.884 E3191.96891
G0 F9000 X95.9 Y29.884
G0 X95.9 Y32.168
G0 X95.679 Y32.168
G1 F3000 X117.33 Y53.82 E3192.98733
G0 F9000 X117.33 Y53.3
G1 F1500 E3186.48733
G0 F9000 X111.327 Y54.081
G0 X111.471 Y55.164
G0 X113.353 Y194.628
G0 X113.353 Y200.554
G0 X111.154 Y200.711
G0 X110.25 Y205.25
;TYPE:WALL-OUTER
G1 F1500 E3192.98733
G1 F1200 X109.75 Y205.25 E3193.00812
G1 X109.75 Y199.401 E3193.25129
G1 X110.25 Y199.401 E3193.27208
G1 X110.25 Y205.25 E3193.51525
G1 F1500 E3187.01525
;MESH:NONMESH
G0 F300 X110.25 Y205.25 Z12.8
G0 F9000 X110.03 Y205.03
G0 X109.92 Y199.729
G0 X108 Y199.729
;TIME_ELAPSED:4092.755732
;LAYER:63
;TYPE:SUPPORT
G1 F1500 E3193.51525
G1 X108 Y195.482 E3193.65651
G1 X107.5 Y195.482 E3193.67314
G1 X107.5 Y199.712 E3193.81383
G1 X107.867 Y199.712 E3193.82603
G1 X108.5 Y199.795 E3193.84727
G1 X108.5 Y198.41 E3193.89333
G1 X111.5 Y198.413 E3193.99311
G1 X111.5 Y199.806 E3194.03945
G1 X112.206 Y199.717 E3194.06311
G1 X112.5 Y199.713 E3194.07289
G1 X112.5 Y195.481 E3194.21365
G1 X112 Y195.481 E3194.23028
G1 X112 Y199.743 E3194.37203
G1 F1500 E3187.87203
;MESH:Viga_Rectangular.stl
G0 F9000 X112.108 Y200.6
G0 X113.353 Y200.554
G0 X113.353 Y194.628
G0 X111.153 Y194.628
G0 X110.086 Y195.163
G0 X110.002 Y54.419
G0 X110.013 Y54.95
;TYPE:WALL-INNER
G1 F1500 E3194.37203
G1 X110.173 Y54.615 E3194.38685
G1 X110.461 Y54.271 E3194.40476
G1 X110.929 Y53.998 E3194.42638
G1 X111.305 Y53.9 E3194.44189
G1 X123.75 Y53.9 E3194.9386
G1 X124.4 Y53.25 E3194.97529
G1 X124.4 Y15.75 E3196.47199
G1 X123.75 Y15.1 E3196.50868
G1 X96.25 Y15.1 E3197.60627
G1 X95.6 Y15.75 E3197.64295
G1 X95.6 Y53.25 E3199.13966
G1 X96.25 Y53.9 E3199.17635
G1 X108.707 Y53.9 E3199.67353
G1 X109.299 Y54.101 E3199.69849
G1 X109.735 Y54.466 E3199.72118
G1 X110.013 Y54.95 E3199.74346
G1 F1500 E3193.24346
G0 F9000 X110.002 Y54.419
G0 X110.03 Y195.107
G0 X110.25 Y195.327
;TYPE:WALL-OUTER
G1 F1500 E3199.74346
G1 F1200 X110.25 Y148.678 E3201.6829
G1 F1195.2 X110.249 Y102.029 E3203.6301
G1 F1192.8 X110.248 Y55.38 E3205.58117
G1 F1301.5 X110.35 Y55.173 E3205.59002
G1 F1452.8 X110.459 Y54.896 E3205.60024
G1 F1485.1 X110.726 Y54.578 E3205.61419
G1 F1500 X111.067 Y54.38 E3205.62731
G1 X111.342 Y54.303 E3205.6368
G1 X123.916 Y54.3 E3206.05502
G1 X124.8 Y53.416 E3206.0966
G1 X124.8 Y15.584 E3207.3549
G1 X123.916 Y14.7 E3207.39648
G1 X96.084 Y14.7 E3208.32217
G1 X95.2 Y15.584 E3208.36375
G1 X95.2 Y53.416 E3209.62205
G1 X96.084 Y54.3 E3209.66363
G1 X108.659 Y54.303 E3210.08188
G1 X109.099 Y54.455 E3210.09736
G1 X109.423 Y54.727 E3210.11143
G1 F1467 X109.647 Y55.121 E3210.12684
G1 F1301.5 X109.748 Y55.423 E3210.13905
G1 F1192.8 X109.748 Y101.974 E3212.08603
G1 F1195.2 X109.749 Y148.525 E3214.02914
G1 F1200 X109.749 Y195.076 E3215.9645
G1 X109.75 Y195.327 E3215.97494
G1 X110.25 Y195.327 E3215.99572
G1 F1500 E3209.49572
G0 F9000 X110.03 Y195.107
G0 X109.938 Y55.425
G0 X109.542 Y53.915
G0 X109.401 Y54.081
;TYPE:FILL
G1 F1500 E3215.99572
G1 F3000 X119.825 Y15.18 E3217.33522
G0 F9000 X119.825 Y15.4
G0 X121.316 Y15.4
G0 X121.316 Y15.18
G1 F3000 X124.319 Y18.182 E3217.47645
G0 F9000 X124.1 Y18.182
G0 X124.1 Y16.145
G0 X124.318 Y16.145
G1 F3000 X95.679 Y23.818 E3218.46258
G0 F9000 X95.679 Y23.483
G1 F3000 X124.319 Y52.123 E3219.80972
G0 F9000 X124.1 Y52.123
G0 X123.895 Y53.333
G0 X124.048 Y53.487
G1 F3000 X122.808 Y53.819 E3219.85242
G0 F9000 X121.894 Y53.819
G1 F3000 X124.319 Y44.771 E3220.16398
G0 F9000 X124.1 Y44.771
G0 X124.1 Y43.638
G0 X124.319 Y43.638
G1 F3000 X96.071 Y15.39 E3221.49267
G0 F9000 X96.226 Y15.546
G0 X95.9 Y17.607
G0 X95.679 Y17.607
G1 F3000 X104.739 Y15.179 E3221.80464
G0 F9000 X104.346 Y15.18
G1 F3000 X124.319 Y35.153 E3222.74411
G0 F9000 X124.318 Y34.78
G1 F3000 X95.68 Y42.453 E3223.73021
G0 F9000 X95.9 Y42.453
G0 X95.9 Y40.454
G0 X95.679 Y40.454
G1 F3000 X109.219 Y53.993 E3224.36707
G0 F9000 X109.293 Y53.784
G0 X108.862 Y53.685
G0 X103.259 Y53.6
G0 X103.259 Y53.819
G1 F3000 X113.613 Y15.179 E3225.69758
G0 F9000 X112.831 Y15.18
G1 F3000 X124.319 Y26.667 E3226.23792
G0 F9000 X124.1 Y26.667
G0 X124.1 Y28.568
G0 X124.319 Y28.568
G1 F3000 X95.68 Y36.242 E3227.22406
G0 F9000 X95.679 Y35.744
G1 F3000 X101.19 Y15.179 E3227.93219
G0 F9000 X101.19 Y15.4
G0 X107.401 Y15.4
G0 X107.401 Y15.179
G1 F3000 X97.048 Y53.819 E3229.26269
G0 F9000 X97.048 Y53.6
G0 X99.624 Y53.6
G0 X99.624 Y53.82
G1 F3000 X124.319 Y47.203 E3230.11302
G0 F9000 X124.1 Y47.203
G0 X124.1 Y40.991
G0 X124.318 Y40.991
G1 F3000 X95.679 Y48.665 E3231.09916
G0 F9000 X95.679 Y48.939
G1 F3000 X100.559 Y53.819 E3231.3287
G0 F9000 X100.559 Y53.6
G0 X115.683 Y53.6
G0 X115.683 Y53.819
G1 F3000 X124.319 Y21.589 E3232.43849
G0 F9000 X124.318 Y22.356
G1 F3000 X95.679 Y30.03 E3233.42463
G0 F9000 X95.9 Y30.03
G0 X95.9 Y31.969
G0 X95.679 Y31.969
G1 F3000 X117.53 Y53.82 E3234.45244
G0 F9000 X117.53 Y53.3
G1 F1500 E3227.95244
G0 F9000 X111.327 Y54.081
G0 X111.471 Y55.164
G0 X113.353 Y194.628
G0 X113.353 Y200.554
G0 X111.154 Y200.711
G0 X110.25 Y205.25
;TYPE:WALL-OUTER
G1 F1500 E3234.45244
G1 F1200 X109.75 Y205.25 E3234.47323
G1 X109.75 Y199.662 E3234.70555
G1 X110.25 Y199.662 E3234.72634
G1 X110.25 Y205.25 E3234.95866
G1 F1500 E3228.45866
;MESH:NONMESH
G0 F300 X110.25 Y205.25 Z13
G0 F9000 X110.03 Y205.03
G0 X110.086 Y199.826
G0 X111.154 Y200.711
G0 X113.353 Y200.554
G0 X113.365 Y196
G0 X112.499 Y196
;TIME_ELAPSED:4145.133990
;LAYER:64
;TYPE:SUPPORT
G1 F1500 E3234.95866
G1 X112.499 Y199.713 E3235.08215
G1 X112.205 Y199.717 E3235.09193
G1 X111.499 Y199.806 E3235.1156
G1 X111.499 Y198.636 E3235.15451
G1 X108.499 Y198.633 E3235.25429
G1 X108.499 Y199.795 E3235.29294
G1 X107.866 Y199.712 E3235.31418
G1 X107.499 Y199.712 E3235.32638
G1 X107.499 Y196 E3235.44984
G1 X107.499 Y195.482 E3235.46707
G1 X108.499 Y195.482 E3235.50033
G1 X108.499 Y196 E3235.51756
G1 X108.499 Y196.369 E3235.52984
G1 X111.499 Y196.369 E3235.62962
G1 X111.499 Y196 E3235.64189
G1 X111.499 Y195.481 E3235.65915
G1 X112.499 Y195.481 E3235.69241
G1 X112.499 Y196 E3235.70967
G1 X111.499 Y196 E3235.74293
G1 F1500 E3229.24293
G0 F9000 X111.153 Y194.628
G0 X113.353 Y194.628
G0 X113.353 Y200.554
G0 X111.153 Y206.153
G0 X108.847 Y206.153
G0 X106.647 Y200.565
G0 X106.647 Y194.629
G0 X108.847 Y194.629
G0 X108.499 Y196
G1 F1500 E3235.74293
G1 X107.499 Y196 E3235.77619
G1 F1500 E3229.27619
;MESH:Viga_Rectangular.stl
G0 F9000 X109.914 Y194.955
G0 X110.002 Y54.419
G0 X110.015 Y54.949
;TYPE:WALL-INNER
G1 F1500 E3235.77619
G1 X110.172 Y54.615 E3235.79092
G1 X110.461 Y54.271 E3235.80885
G1 X110.929 Y53.998 E3235.83048
G1 X111.305 Y53.9 E3235.84599
G1 X123.75 Y53.9 E3236.34269
G1 X124.4 Y53.25 E3236.37938
G1 X124.4 Y15.75 E3237.87609
G1 X123.75 Y15.1 E3237.91278
G1 X96.25 Y15.1 E3239.01036
G1 X95.6 Y15.75 E3239.04705
G1 X95.6 Y53.25 E3240.54376
G1 X96.25 Y53.9 E3240.58045
G1 X108.707 Y53.9 E3241.07763
G1 X109.299 Y54.101 E3241.10259
G1 X109.736 Y54.468 E3241.12536
G1 X110.015 Y54.949 E3241.14755
G1 F1500 E3234.64755
G0 F9000 X110.002 Y54.419
G0 X110.03 Y194.899
G0 X110.25 Y195.119
;TYPE:WALL-OUTER
G1 F1500 E3241.14755
G1 F1200 X110.25 Y55.378 E3246.95731
G1 F1321.6 X110.371 Y55.132 E3246.96766
G1 F1488.8 X110.479 Y54.872 E3246.97709
G1 F1500 X110.726 Y54.578 E3246.98987
G1 X111.067 Y54.38 E3247.00298
G1 X111.342 Y54.303 E3247.01248
G1 X123.916 Y54.3 E3247.43069
G1 X124.8 Y53.416 E3247.47227
G1 X124.8 Y15.584 E3248.73057
G1 X123.916 Y14.7 E3248.77215
G1 X96.084 Y14.7 E3249.69785
G1 X95.2 Y15.584 E3249.73943
G1 X95.2 Y53.416 E3250.99772
G1 X96.084 Y54.3 E3251.03931
G1 X108.659 Y54.303 E3251.45755
G1 X109.099 Y54.455 E3251.47303
G1 X109.424 Y54.728 E3251.48715
G1 F1488.8 X109.637 Y55.103 E3251.5016
G1 F1321.6 X109.748 Y55.375 E3251.51269
G1 F1200 X109.75 Y195.119 E3257.32257
G1 X110.25 Y195.119 E3257.34336
G1 F1500 E3250.84336
G0 F9000 X110.03 Y194.899
G0 X110.002 Y54.419
G0 X110.054 Y54.628
;TYPE:FILL
G1 F1500 E3257.34336
G1 F3000 X95.679 Y40.253 E3258.01952
G0 F9000 X95.9 Y40.253
G0 X95.9 Y42.6
G0 X95.68 Y42.6
G1 F3000 X124.318 Y34.927 E3259.00562
G1 X124.319 Y34.952
G1 X104.547 Y15.18 E3259.93563
G0 F9000 X105.288 Y15.179
G1 F3000 X95.679 Y17.754 E3260.2665
G0 F9000 X95.9 Y17.754
G0 X96.327 Y15.445
G0 X96.172 Y15.29
G1 F3000 X124.319 Y43.437 E3261.59045
G0 F9000 X124.319 Y44.223
G1 F3000 X121.747 Y53.819 E3261.92088
G0 F9000 X121.747 Y53.6
G0 X123.355 Y53.6
G0 X123.355 Y53.82
G1 F3000 X123.847 Y53.688 E3261.93783
G0 F9000 X123.694 Y53.534
G0 X124.1 Y51.922
G0 X124.319 Y51.922
G1 F3000 X95.679 Y23.282 E3263.28496
G0 F9000 X95.68 Y23.965
G1 F3000 X124.318 Y16.292 E3264.27106
G0 F9000 X124.1 Y16.292
G0 X124.1 Y17.981
G0 X124.319 Y17.981
G1 F3000 X121.517 Y15.18 E3264.40284
G0 F9000 X121.517 Y15.4
G0 X119.678 Y15.4
G0 X119.678 Y15.18
G1 F3000 X109.272 Y54.012 E3265.73996
G0 F9000 X109.346 Y53.802
G0 X108.872 Y53.689
G0 X103.112 Y53.6
G0 X103.112 Y53.819
G1 F3000 X113.466 Y15.179 E3267.07048
G0 F9000 X113.032 Y15.18
G1 F3000 X124.319 Y26.467 E3267.60138
G0 F9000 X124.1 Y26.467
G0 X124.1 Y28.715
G0 X124.319 Y28.715
G1 F3000 X95.68 Y36.389 E3268.58752
G0 F9000 X95.9 Y36.389
G0 X95.9 Y35.196
G0 X95.679 Y35.196
G1 F3000 X101.043 Y15.18 E3269.27675
G0 F9000 X101.043 Y15.4
G0 X107.254 Y15.4
G0 X107.254 Y15.179
G1 F3000 X96.901 Y53.819 E3270.60725
G0 F9000 X96.901 Y53.6
G0 X100.173 Y53.6
G0 X100.173 Y53.82
G1 F3000 X124.319 Y47.35 E3271.43868
G0 F9000 X124.1 Y47.35
G0 X124.1 Y41.138
G0 X124.318 Y41.138
G1 F3000 X95.679 Y48.812 E3272.42482
G1 X95.679 Y48.738
G1 X100.759 Y53.819 E3272.66379
G0 F9000 X100.759 Y53.6
G0 X115.536 Y53.6
G0 X115.536 Y53.819
G1 F3000 X124.318 Y21.042 E3273.79241
G0 F9000 X124.1 Y21.042
G0 X124.1 Y22.503
G0 X124.318 Y22.503
G1 F3000 X95.679 Y30.177 E3274.77855
G0 F9000 X95.9 Y30.177
G0 X95.9 Y31.768
G0 X95.679 Y31.768
G1 F3000 X117.731 Y53.82 E3275.81581
G0 F9000 X117.731 Y53.3
G1 F1500 E3269.31581
G0 F9000 X111.327 Y54.081
G0 X111.471 Y55.164
G0 X113.353 Y194.628
G0 X113.353 Y200.554
G0 X111.154 Y200.711
G0 X110.25 Y205.25
;TYPE:WALL-OUTER
G1 F1500 E3275.81581
G1 F1200 X109.75 Y205.25 E3275.8366
G1 X109.75 Y199.885 E3276.05965
G1 X110.25 Y199.885 E3276.08044
G1 X110.25 Y205.25 E3276.30349
G1 F1500 E3269.80349
;MESH:NONMESH
G0 F300 X110.25 Y205.25 Z13.2
G0 F9000 X110.03 Y205.03
G0 X109.914 Y200.048
G0 X108 Y199.729
;TIME_ELAPSED:4198.718107
;LAYER:65
;TYPE:SUPPORT
G1 F1500 E3276.30349
G1 X108 Y195.482 E3276.44474
G1 X107.5 Y195.482 E3276.46137
G1 X107.5 Y199.712 E3276.60206
G1 X107.867 Y199.712 E3276.61427
G1 X108.5 Y199.795 E3276.63551
G1 X108.5 Y198.81 E3276.66827
G1 X111.5 Y198.813 E3276.76805
G1 X111.5 Y199.806 E3276.80107
G1 X112.206 Y199.717 E3276.82474
G1 X112.5 Y199.713 E3276.83452
G1 X112.5 Y195.481 E3276.97528
G1 X112 Y195.481 E3276.99191
G1 X112 Y199.743 E3277.13366
G1 F1500 E3270.63366
;MESH:Viga_Rectangular.stl
G0 F9000 X112.108 Y200.6
G0 X113.353 Y200.554
G0 X113.353 Y194.628
G0 X111.153 Y194.628
G0 X110.086 Y194.772
G0 X110.002 Y54.419
G0 X110.004 Y54.937
;TYPE:WALL-INNER
G1 F1500 E3277.13366
G1 X110.172 Y54.616 E3277.14812
G1 X110.461 Y54.271 E3277.16609
G1 X110.929 Y53.998 E3277.18771
G1 X111.305 Y53.9 E3277.20322
G1 X123.75 Y53.9 E3277.69993
G1 X124.4 Y53.25 E3277.73661
G1 X124.4 Y15.75 E3279.23332
G1 X123.75 Y15.1 E3279.27001
G1 X96.25 Y15.1 E3280.36759
G1 X95.6 Y15.75 E3280.40428
G1 X95.6 Y53.25 E3281.90099
G1 X96.25 Y53.9 E3281.93768
G1 X108.707 Y53.9 E3282.43486
G1 X109.299 Y54.101 E3282.45982
G1 X109.738 Y54.47 E3282.4827
G1 X110.004 Y54.937 E3282.50416
G1 F1500 E3276.00416
G0 F9000 X110.002 Y54.419
G0 X109.97 Y194.716
G0 X109.75 Y194.936
;TYPE:WALL-OUTER
G1 F1500 E3282.50416
G1 F1200 X110.25 Y194.936 E3282.52494
G1 X110.251 Y167.033 E3283.68501
G1 F1195.2 X110.252 Y139.13 E3284.84973
G1 F1192.8 X110.253 Y111.227 E3286.01676
G1 F1190.5 X110.254 Y83.324 E3287.18611
G1 F1185.8 X110.255 Y55.421 E3288.3601
G1 F1293.1 X110.352 Y55.121 E3288.37227
G1 F1459.9 X110.478 Y54.873 E3288.38178
G1 F1500 X110.726 Y54.578 E3288.39459
G1 X111.067 Y54.38 E3288.40771
G1 X111.342 Y54.303 E3288.41721
G1 X123.916 Y54.3 E3288.83542
G1 X124.8 Y53.416 E3288.877
G1 X124.8 Y15.584 E3290.1353
G1 X123.916 Y14.7 E3290.17688
G1 X96.084 Y14.7 E3291.10257
G1 X95.2 Y15.584 E3291.14416
G1 X95.2 Y53.416 E3292.40245
G1 X96.084 Y54.3 E3292.44403
G1 X108.659 Y54.303 E3292.86228
G1 X109.099 Y54.455 E3292.87776
G1 X109.424 Y54.728 E3292.89188
G1 F1485.1 X109.638 Y55.103 E3292.90638
G1 F1312.9 X109.752 Y55.375 E3292.91759
G1 F1185.8 X109.752 Y83.287 E3294.09196
G1 F1190.5 X109.752 Y111.199 E3295.26169
G1 F1192.8 X109.751 Y139.111 E3296.4291
G1 F1195.2 X109.751 Y167.023 E3297.59419
G1 F1200 X109.751 Y194.935 E3298.75464
G1 F1500 E3292.25464
G0 F9000 X109.97 Y194.716
G0 X109.98 Y54.381
G0 X110.149 Y54.524
;TYPE:FILL
G1 F1500 E3298.75464
G1 F3000 X95.679 Y40.054 E3299.43526
G0 F9000 X95.9 Y40.054
G0 X95.9 Y42.746
G0 X95.679 Y42.746
G1 F3000 X124.318 Y35.073 E3300.42139
G0 F9000 X124.319 Y34.752
G1 F3000 X104.746 Y15.18 E3301.34202
G0 F9000 X104.746 Y15.4
G0 X105.832 Y15.4
G0 X105.832 Y15.179
G1 F3000 X95.68 Y17.9 E3301.6916
G0 F9000 X95.9 Y17.9
G0 X96.37 Y15.392
G0 X96.271 Y15.19
G1 F3000 X124.319 Y43.238 E3303.01089
G0 F9000 X124.319 Y43.678
G1 F3000 X121.601 Y53.819 E3303.36008
G0 F9000 X121.601 Y53.6
G0 X124.1 Y51.723
G0 X124.319 Y51.723
G1 F3000 X95.679 Y23.083 E3304.70722
G0 F9000 X95.9 Y23.083
G0 X95.9 Y24.111
G0 X95.679 Y24.111
G1 F3000 X124.318 Y16.438 E3305.69335
G0 F9000 X124.1 Y16.438
G0 X124.1 Y17.782
G0 X124.319 Y17.782
G1 F3000 X121.717 Y15.18 E3305.81574
G0 F9000 X121.717 Y15.4
G0 X119.532 Y15.4
G0 X119.532 Y15.179
G1 F3000 X109.139 Y53.964 E3307.15125
G0 F9000 X109.213 Y53.755
G0 X108.847 Y53.68
G0 X102.966 Y53.6
G0 X102.966 Y53.819
G1 F3000 X113.32 Y15.179 E3308.48176
G1 X113.231 Y15.18
G1 X124.319 Y26.267 E3309.00328
G0 F9000 X124.1 Y26.267
G0 X124.1 Y28.861
G0 X124.318 Y28.861
G1 F3000 X95.68 Y36.535 E3309.98939
G0 F9000 X95.9 Y36.535
G0 X95.9 Y34.651
G0 X95.679 Y34.651
G1 F3000 X100.897 Y15.179 E3310.65988
G0 F9000 X100.897 Y15.4
G0 X107.108 Y15.4
G0 X107.108 Y15.18
G1 F3000 X96.755 Y53.819 E3311.99035
G0 F9000 X96.755 Y53.6
G0 X100.718 Y53.6
G0 X100.718 Y53.819
G1 F3000 X124.319 Y47.496 E3312.80301
G0 F9000 X124.1 Y47.496
G0 X124.1 Y41.284
G0 X124.319 Y41.284
G1 F3000 X95.68 Y48.958 E3313.78915
G0 F9000 X95.679 Y48.539
G1 F3000 X100.959 Y53.819 E3314.03751
G0 F9000 X100.959 Y53.6
G0 X115.39 Y53.6
G0 X115.39 Y53.82
G1 F3000 X124.319 Y20.496 E3315.18496
G0 F9000 X124.1 Y20.496
G0 X124.1 Y22.649
G0 X124.318 Y22.649
G1 F3000 X95.679 Y30.323 E3316.1711
G0 F9000 X95.9 Y30.323
G0 X95.9 Y31.568
G0 X95.679 Y31.568
G1 F3000 X117.93 Y53.82 E3317.21775
G0 F9000 X117.93 Y53.3
G1 F1500 E3310.71775
G0 F9000 X111.327 Y54.081
G0 X111.471 Y55.164
G0 X113.353 Y194.628
G0 X113.353 Y200.554
G0 X111.154 Y200.711
G0 X110.25 Y205.25
;TYPE:WALL-OUTER
G1 F1500 E3317.21775
G1 F1200 X109.75 Y205.25 E3317.23853
G1 X109.75 Y200.062 E3317.45423
G1 X110.25 Y200.062 E3317.47501
G1 X110.25 Y205.25 E3317.69071
G1 F1500 E3311.19071
;MESH:NONMESH
G0 F300 X110.25 Y205.25 Z13.4
G0 F9000 X110.03 Y205.03
G0 X110.086 Y200.226
G0 X111.154 Y200.711
G0 X113.353 Y200.554
G0 X113.365 Y196
G0 X112.499 Y196
;TIME_ELAPSED:4251.188196
;LAYER:66
;TYPE:SUPPORT
G1 F1500 E3317.69071
G1 X112.499 Y199.713 E3317.8142
G1 X112.205 Y199.717 E3317.82398
G1 X111.499 Y199.806 E3317.84765
G1 X111.499 Y198.964 E3317.87565
G1 X108.499 Y198.961 E3317.97543
G1 X108.499 Y199.795 E3318.00317
G1 X107.866 Y199.712 E3318.02441
G1 X107.499 Y199.712 E3318.03661
G1 X107.499 Y196 E3318.16007
G1 X107.499 Y195.482 E3318.1773
G1 X108.499 Y195.482 E3318.21056
G1 X108.499 Y196 E3318.22779
G1 X108.499 Y196.036 E3318.22899
G1 X111.499 Y196.036 E3318.32877
G1 X111.499 Y196 E3318.32997
G1 X111.499 Y195.481 E3318.34723
G1 X112.499 Y195.481 E3318.38049
G1 X112.499 Y196 E3318.39775
G1 X111.499 Y196 E3318.43101
G1 F1500 E3311.93101
G0 F9000 X111.153 Y194.628
G0 X113.353 Y194.628
G0 X113.353 Y200.554
G0 X111.153 Y206.153
G0 X108.847 Y206.153
G0 X106.647 Y200.565
G0 X106.647 Y194.629
G0 X108.847 Y194.629
G0 X108.499 Y196
G1 F1500 E3318.43101
G1 X107.499 Y196 E3318.46427
G1 F1500 E3311.96427
;MESH:Viga_Rectangular.stl
G0 F9000 X109.914 Y194.622
G0 X110.002 Y54.419
G0 X109.998 Y54.918
;TYPE:WALL-INNER
G1 F1500 E3318.46427
G1 X110.118 Y54.68 E3318.47491
G1 X110.461 Y54.271 E3318.49621
G1 X110.929 Y53.998 E3318.51784
G1 X111.305 Y53.9 E3318.53335
G1 X123.75 Y53.9 E3319.03005
G1 X124.4 Y53.25 E3319.06674
G1 X124.4 Y15.75 E3320.56345
G1 X123.75 Y15.1 E3320.60014
G1 X96.25 Y15.1 E3321.69772
G1 X95.6 Y15.75 E3321.73441
G1 X95.6 Y53.25 E3323.23112
G1 X96.25 Y53.9 E3323.26781
G1 X108.707 Y53.9 E3323.76499
G1 X109.299 Y54.101 E3323.78994
G1 X109.731 Y54.463 E3323.81244
G1 X109.998 Y54.918 E3323.8335
G1 F1500 E3317.3335
G0 F9000 X110.002 Y54.419
G0 X110.03 Y194.566
G0 X110.25 Y194.786
;TYPE:WALL-OUTER
G1 F1500 E3323.8335
G1 F1200 X110.25 Y194.536 E3323.84389
G1 X110.25 Y166.707 E3325.00088
G1 F1195.2 X110.251 Y138.878 E3326.16251
G1 F1192.8 X110.251 Y111.049 E3327.32645
G1 F1190.5 X110.252 Y83.22 E3328.4927
G1 F1185.8 X110.252 Y55.391 E3329.66358
G1 F1324.5 X110.402 Y54.964 E3329.68062
G1 F1500 X110.726 Y54.578 E3329.69739
G1 X111.067 Y54.38 E3329.7105
G1 X111.342 Y54.303 E3329.72
G1 X123.916 Y54.3 E3330.13821
G1 X124.8 Y53.416 E3330.17979
G1 X124.8 Y15.584 E3331.43809
G1 X123.916 Y14.7 E3331.47967
G1 X96.084 Y14.7 E3332.40537
G1 X95.2 Y15.584 E3332.44695
G1 X95.2 Y53.416 E3333.70524
G1 X96.084 Y54.3 E3333.74683
G1 X108.659 Y54.303 E3334.16507
G1 X109.099 Y54.455 E3334.18055
G1 F1485.1 X109.421 Y54.725 E3334.19467
G1 F1452.8 X109.643 Y55.102 E3334.2097
G1 F1298.7 X109.751 Y55.356 E3334.2203
G1 F1185.8 X109.751 Y83.192 E3335.39147
G1 F1190.5 X109.751 Y111.028 E3336.55802
G1 F1192.8 X109.751 Y138.864 E3337.72225
G1 F1195.2 X109.751 Y166.7 E3338.88416
G1 F1200 X109.75 Y194.536 E3340.04145
G1 X109.75 Y194.786 E3340.05184
G1 X110.25 Y194.786 E3340.07263
G1 F1500 E3333.57263
G0 F9000 X110.03 Y194.566
G0 X110.071 Y54.271
G0 X110.238 Y54.412
;TYPE:FILL
G1 F1500 E3340.07263
G1 F3000 X95.679 Y39.853 E3340.75744
G0 F9000 X95.9 Y39.853
G0 X95.9 Y42.893
G0 X95.679 Y42.893
G1 F3000 X124.318 Y35.22 E3341.74357
G0 F9000 X124.319 Y34.552
G1 F3000 X104.947 Y15.18 E3342.65477
G0 F9000 X104.947 Y15.4
G0 X106.381 Y15.4
G0 X106.381 Y15.179
G1 F3000 X95.68 Y18.047 E3343.02325
G0 F9000 X95.9 Y18.047
G0 X96.462 Y15.4
G0 X96.462 Y15.18
G1 F3000 X124.319 Y43.037 E3344.33356
G1 X124.319 Y43.129
G1 X121.454 Y53.819 E3344.70166
G0 F9000 X121.454 Y53.6
G0 X118.131 Y53.6
G0 X118.131 Y53.82
G1 F3000 X95.679 Y31.367 E3345.75775
G0 F9000 X95.679 Y30.47
G1 F3000 X124.318 Y22.796 E3346.74389
G0 F9000 X124.1 Y22.796
G0 X124.1 Y19.947
G0 X124.319 Y19.947
G1 F3000 X115.243 Y53.82 E3347.91026
G0 F9000 X115.243 Y53.6
G0 X109.079 Y53.709
G0 X109.006 Y53.914
G1 F3000 X119.384 Y15.18 E3349.24399
G0 F9000 X119.384 Y15.4
G0 X121.917 Y15.4
G0 X121.917 Y15.18
G1 F3000 X124.319 Y17.581 E3349.35695
G0 F9000 X124.318 Y16.585
G1 F3000 X95.679 Y24.258 E3350.34308
G0 F9000 X95.9 Y24.258
G0 X95.9 Y22.882
G0 X95.679 Y22.882
G1 F3000 X124.319 Y51.522 E3351.69022
G0 F9000 X124.1 Y51.522
G0 X124.1 Y47.643
G0 X124.319 Y47.643
G1 F3000 X101.267 Y53.819 E3352.48398
G1 X101.16 Y53.819
G1 X95.679 Y48.338 E3352.74178
G0 F9000 X95.679 Y49.105
G1 F3000 X124.319 Y41.431 E3353.72796
G0 F9000 X124.1 Y41.431
G0 X124.1 Y29.008
G0 X124.318 Y29.008
G1 F3000 X95.68 Y36.682 E3354.71407
G0 F9000 X95.9 Y36.682
G0 X95.9 Y34.102
G0 X95.679 Y34.102
G1 F3000 X100.75 Y15.179 E3355.36565
G0 F9000 X100.75 Y15.4
G0 X106.961 Y15.4
G0 X106.961 Y15.179
G1 F3000 X96.608 Y53.819 E3356.69616
G0 F9000 X96.608 Y53.6
G0 X102.819 Y53.6
G0 X102.819 Y53.819
G1 F3000 X113.173 Y15.179 E3358.02667
G0 F9000 X113.432 Y15.18
G1 F3000 X124.319 Y26.066 E3358.53874
G0 F9000 X123.8 Y26.066
G1 F1500 E3352.03874
G0 F9000 X111.327 Y54.081
G0 X111.471 Y55.164
G0 X113.353 Y194.628
G0 X113.353 Y200.554
G0 X111.154 Y200.711
G0 X110.25 Y205.25
;TYPE:WALL-OUTER
G1 F1500 E3358.53874
G1 F1200 X109.75 Y205.25 E3358.55952
G1 X109.75 Y200.213 E3358.76894
G1 X110.25 Y200.213 E3358.78973
G1 X110.25 Y205.25 E3358.99914
G1 F1500 E3352.49914
;MESH:NONMESH
G0 F300 X110.25 Y205.25 Z13.6
G0 F9000 X110.03 Y205.03
G0 X109.914 Y200.376
G0 X108 Y199.729
;TIME_ELAPSED:4304.740319
;LAYER:67
;TYPE:SUPPORT
G1 F1500 E3358.99914
G1 X108 Y195.482 E3359.1404
G1 X107.5 Y195.482 E3359.15703
G1 X107.5 Y199.712 E3359.29772
G1 X107.867 Y199.712 E3359.30992
G1 X108.5 Y199.795 E3359.33116
G1 X108.5 Y199.088 E3359.35467
G1 X111.5 Y199.091 E3359.45445
G1 X111.5 Y199.806 E3359.47823
G1 X112.206 Y199.717 E3359.5019
G1 X112.5 Y199.713 E3359.51168
G1 X112.5 Y195.481 E3359.65244
G1 X112 Y195.481 E3359.66907
G1 X112 Y199.743 E3359.81082
G1 F1500 E3353.31082
;MESH:Viga_Rectangular.stl
G0 F9000 X112.108 Y200.6
G0 X113.353 Y200.554
G0 X113.353 Y194.628
G0 X111.153 Y194.628
G0 X110.086 Y194.495
G0 X110.002 Y54.419
G0 X109.995 Y54.93
;TYPE:WALL-INNER
G1 F1500 E3359.81082
G1 X110.118 Y54.682 E3359.82187
G1 X110.463 Y54.269 E3359.84335
G1 X110.937 Y53.996 E3359.86518
G1 X111.303 Y53.9 E3359.88028
G1 X123.75 Y53.9 E3360.37707
G1 X124.4 Y53.25 E3360.41376
G1 X124.4 Y15.75 E3361.91046
G1 X123.75 Y15.1 E3361.94715
G1 X96.25 Y15.1 E3363.04474
G1 X95.6 Y15.75 E3363.08143
G1 X95.6 Y53.25 E3364.57813
G1 X96.25 Y53.9 E3364.61482
G1 X108.53 Y53.9 E3365.10494
G1 X108.996 Y53.979 E3365.12381
G1 X109.314 Y54.115 E3365.13761
G1 X109.734 Y54.464 E3365.15941
G1 X109.995 Y54.93 E3365.18072
G1 F1500 E3358.68072
G0 F9000 X110.002 Y54.419
G0 X110.03 Y194.439
G0 X110.25 Y194.659
;TYPE:WALL-OUTER
G1 F1500 E3365.18072
G1 F1200 X110.25 Y194.409 E3365.19112
G1 X110.25 Y166.605 E3366.34707
G1 F1195.2 X110.251 Y138.801 E3367.50765
G1 F1192.8 X110.251 Y110.997 E3368.67054
G1 F1190.5 X110.252 Y83.193 E3369.83575
G1 F1185.8 X110.252 Y55.389 E3371.00558
G1 F1324.5 X110.402 Y54.965 E3371.02252
G1 F1500 X110.726 Y54.578 E3371.0393
G1 X111.072 Y54.378 E3371.0526
G1 X111.363 Y54.3 E3371.06262
G1 X123.916 Y54.3 E3371.48013
G1 X124.8 Y53.416 E3371.52171
G1 X124.8 Y15.584 E3372.78001
G1 X123.916 Y14.7 E3372.82159
G1 X96.084 Y14.7 E3373.74729
G1 X95.2 Y15.584 E3373.78887
G1 X95.2 Y53.416 E3375.04716
G1 X96.084 Y54.3 E3375.08874
G1 X108.535 Y54.302 E3375.50287
G1 X108.894 Y54.366 E3375.51499
G1 X109.087 Y54.452 E3375.52202
G1 F1485.1 X109.419 Y54.722 E3375.5364
G1 F1452.8 X109.643 Y55.102 E3375.55155
G1 F1298.7 X109.751 Y55.356 E3375.56215
G1 F1185.8 X109.751 Y83.167 E3376.73227
G1 F1190.5 X109.751 Y110.978 E3377.89777
G1 F1192.8 X109.751 Y138.789 E3379.06095
G1 F1195.2 X109.751 Y166.6 E3380.22182
G1 F1200 X109.75 Y194.411 E3381.37807
G1 X109.75 Y194.659 E3381.38838
G1 X110.25 Y194.659 E3381.40917
G1 F1500 E3374.90917
G0 F9000 X110.03 Y194.439
G0 X110.063 Y55.397
G0 X110.162 Y54.162
G0 X110.329 Y54.303
;TYPE:FILL
G1 F1500 E3381.40917
G1 F3000 X95.679 Y39.653 E3382.09826
G0 F9000 X95.9 Y39.653
G0 X95.9 Y36.828
G0 X95.68 Y36.828
G1 F3000 X124.318 Y29.154 E3383.08437
G0 F9000 X124.1 Y29.154
G0 X124.1 Y25.867
G0 X124.319 Y25.867
G1 F3000 X113.632 Y15.18 E3383.58705
G0 F9000 X113.027 Y15.179
G1 F3000 X102.673 Y53.819 E3384.91756
G0 F9000 X101.811 Y53.82
G1 F3000 X124.318 Y47.789 E3385.69256
G0 F9000 X124.1 Y47.789
G0 X124.1 Y51.323
G0 X124.319 Y51.323
G1 F3000 X95.679 Y22.683 E3387.0397
G0 F9000 X95.9 Y22.683
G0 X95.9 Y24.404
G0 X95.679 Y24.404
G1 F3000 X124.318 Y16.731 E3388.02583
G0 F9000 X124.319 Y17.382
G1 F3000 X122.117 Y15.18 E3388.1294
G0 F9000 X122.117 Y15.4
G0 X119.239 Y15.4
G0 X119.239 Y15.179
G1 F3000 X108.87 Y53.875 E3389.46184
G0 F9000 X108.908 Y53.659
G0 X115.097 Y53.6
G0 X115.097 Y53.82
G1 F3000 X124.319 Y19.403 E3390.64694
G0 F9000 X124.1 Y19.403
G0 X124.1 Y22.942
G0 X124.319 Y22.942
G1 F3000 X95.68 Y30.616 E3391.63308
G0 F9000 X95.679 Y31.168
G1 F3000 X118.33 Y53.82 E3392.69854
G0 F9000 X118.33 Y53.6
G0 X121.308 Y53.6
G0 X121.308 Y53.819
G1 F3000 X124.319 Y42.584 E3393.0854
G0 F9000 X124.319 Y42.837
G1 F3000 X96.661 Y15.18 E3394.38633
G0 F9000 X96.661 Y15.4
G0 X95.9 Y18.193
G0 X95.679 Y18.193
G1 F3000 X106.926 Y15.179 E3394.7736
G1 X106.815 Y15.18
G1 X96.462 Y53.82 E3396.1041
G0 F9000 X96.462 Y53.6
G0 X95.9 Y49.251
G0 X95.68 Y49.251
G1 F3000 X124.319 Y41.577 E3397.09025
G0 F9000 X124.1 Y41.577
G0 X124.1 Y35.366
G0 X124.318 Y35.366
G1 F3000 X95.679 Y43.039 E3398.07638
G0 F9000 X95.9 Y43.039
G0 X95.9 Y48.139
G0 X95.679 Y48.139
G1 F3000 X101.36 Y53.82 E3398.34359
G0 F9000 X101.36 Y53.6
G0 X95.9 Y33.558
G0 X95.679 Y33.558
G1 F3000 X100.604 Y15.179 E3398.97645
G0 F9000 X100.604 Y15.4
G0 X105.146 Y15.4
G0 X105.146 Y15.18
G1 F3000 X124.319 Y34.352 E3399.87826
G0 F9000 X123.8 Y34.352
G1 F1500 E3393.37826
G0 F9000 X111.327 Y54.081
G0 X111.471 Y55.164
G0 X113.353 Y194.628
G0 X113.353 Y200.554
G0 X111.154 Y200.711
G0 X110.25 Y205.25
;TYPE:WALL-OUTER
G1 F1500 E3399.87826
G1 F1200 X109.75 Y205.25 E3399.89905
G1 X109.75 Y200.34 E3400.10319
G1 X110.25 Y200.34 E3400.12397
G1 X110.25 Y205.25 E3400.32811
G1 F1500 E3393.82811
;MESH:NONMESH
G0 F300 X110.25 Y205.25 Z13.8
G0 F9000 X110.03 Y205.03
G0 X110.086 Y200.504
G0 X111.154 Y200.711
G0 X113.353 Y200.554
G0 X113.365 Y196
G0 X112.499 Y196
;TIME_ELAPSED:4357.424285
;LAYER:68
;TYPE:SUPPORT
G1 F1500 E3400.32811
G1 X112.499 Y199.713 E3400.4516
G1 X112.205 Y199.717 E3400.46138
G1 X111.499 Y199.806 E3400.48505
G1 X111.499 Y199.198 E3400.50527
G1 X108.499 Y199.195 E3400.60505
G1 X108.499 Y199.795 E3400.62501
G1 X107.866 Y199.712 E3400.64624
G1 X107.499 Y199.712 E3400.65845
G1 X107.499 Y196 E3400.78191
G1 X107.499 Y195.482 E3400.79914
G1 X108.499 Y195.482 E3400.8324
G1 X108.499 Y195.804 E3400.84311
G1 X111.499 Y195.804 E3400.94289
G1 X111.499 Y195.481 E3400.95363
G1 X112.499 Y195.481 E3400.98689
G1 X112.499 Y196 E3401.00415
G1 X107.499 Y196 E3401.17046
G1 F1500 E3394.67046
;MESH:Viga_Rectangular.stl
G0 F9000 X106.635 Y196
G0 X106.647 Y194.629
G0 X108.835 Y194.391
G0 X109.914 Y194.39
G0 X110.002 Y54.419
G0 X109.995 Y54.93
;TYPE:WALL-INNER
G1 F1500 E3401.17046
G1 X110.118 Y54.682 E3401.1815
G1 X110.46 Y54.271 E3401.20284
G1 X110.929 Y53.998 E3401.2245
G1 X111.305 Y53.9 E3401.24001
G1 X123.75 Y53.9 E3401.73672
G1 X124.4 Y53.25 E3401.77341
G1 X124.4 Y15.75 E3403.27011
G1 X123.75 Y15.1 E3403.3068
G1 X96.25 Y15.1 E3404.40439
G1 X95.6 Y15.75 E3404.44108
G1 X95.6 Y53.25 E3405.93778
G1 X96.25 Y53.9 E3405.97447
G1 X108.707 Y53.9 E3406.47166
G1 X109.298 Y54.101 E3406.49657
G1 X109.734 Y54.464 E3406.51922
G1 X109.995 Y54.93 E3406.54053
G1 F1500 E3400.04053
G0 F9000 X110.002 Y54.419
G0 X110.03 Y194.334
G0 X110.25 Y194.554
;TYPE:WALL-OUTER
G1 F1500 E3406.54053
G1 F1200 X110.25 Y194.304 E3406.55093
G1 X110.25 Y166.521 E3407.70601
G1 F1195.2 X110.251 Y138.738 E3408.86571
G1 F1192.8 X110.251 Y110.955 E3410.02773
G1 F1190.5 X110.252 Y83.172 E3411.19205
G1 F1185.8 X110.253 Y55.389 E3412.36099
G1 F1324.5 X110.402 Y54.966 E3412.37789
G1 F1500 X110.726 Y54.578 E3412.3947
G1 X111.067 Y54.38 E3412.40781
G1 X111.342 Y54.303 E3412.41731
G1 X123.916 Y54.3 E3412.83553
G1 X124.8 Y53.416 E3412.87711
G1 X124.8 Y15.584 E3414.1354
G1 X123.916 Y14.7 E3414.17698
G1 X96.084 Y14.7 E3415.10268
G1 X95.2 Y15.584 E3415.14426
G1 X95.2 Y53.416 E3416.40256
G1 X96.084 Y54.3 E3416.44414
G1 X108.659 Y54.303 E3416.86238
G1 X109.099 Y54.455 E3416.87787
G1 F1485.1 X109.42 Y54.723 E3416.89192
G1 F1452.8 X109.643 Y55.102 E3416.90702
G1 F1298.7 X109.751 Y55.357 E3416.91765
G1 F1185.8 X109.751 Y83.146 E3418.08685
G1 F1190.5 X109.751 Y110.935 E3419.25143
G1 F1192.8 X109.751 Y138.724 E3420.41369
G1 F1195.2 X109.751 Y166.513 E3421.57364
G1 F1200 X109.751 Y194.302 E3422.72898
G1 X109.75 Y194.554 E3422.73945
G1 X110.25 Y194.554 E3422.76024
G1 F1500 E3416.26024
G0 F9000 X110.03 Y194.334
G0 X110.063 Y55.399
G0 X110.315 Y54.008
G0 X110.423 Y54.197
;TYPE:FILL
G1 F1500 E3422.76024
G1 F3000 X95.679 Y39.453 E3423.45375
G0 F9000 X95.9 Y39.453
G0 X95.9 Y36.975
G0 X95.68 Y36.975
G1 F3000 X124.318 Y29.301 E3424.43986
G0 F9000 X124.1 Y29.301
G0 X124.1 Y25.666
G0 X124.319 Y25.666
G1 F3000 X113.832 Y15.18 E3424.93312
G0 F9000 X112.88 Y15.179
G1 F3000 X102.526 Y53.819 E3426.26363
G1 X102.36 Y53.82
G1 X124.318 Y47.936 E3427.01972
G0 F9000 X124.1 Y47.936
G0 X124.1 Y51.122
G0 X124.319 Y51.122
G1 F3000 X95.679 Y22.482 E3428.36686
G0 F9000 X95.9 Y22.482
G0 X95.9 Y24.551
G0 X95.679 Y24.551
G1 F3000 X124.318 Y16.878 E3429.35299
G0 F9000 X124.319 Y17.181
G1 F3000 X122.318 Y15.18 E3429.44711
G0 F9000 X122.318 Y15.4
G0 X119.092 Y15.4
G0 X119.092 Y15.179
G1 F3000 X108.738 Y53.819 E3430.77762
G0 F9000 X108.81 Y53.615
G0 X114.95 Y53.6
G0 X114.95 Y53.82
G1 F3000 X124.319 Y18.854 E3431.98162
G0 F9000 X124.1 Y18.854
G0 X124.1 Y23.089
G0 X124.318 Y23.089
G1 F3000 X95.679 Y30.763 E3432.96776
G0 F9000 X95.679 Y30.967
G1 F3000 X118.531 Y53.82 E3434.04267
G0 F9000 X118.531 Y53.6
G0 X121.161 Y53.6
G0 X121.161 Y53.819
G1 F3000 X124.319 Y42.035 E3434.44844
G0 F9000 X124.319 Y41.724
G1 F3000 X95.68 Y49.398 E3435.43458
G0 F9000 X95.9 Y49.398
G0 X95.9 Y47.938
G0 X95.679 Y47.938
G1 F3000 X101.56 Y53.819 E3435.7112
G0 F9000 X101.56 Y53.6
G0 X96.37 Y53.608
G0 X96.315 Y53.82
G1 F3000 X106.668 Y15.18 E3437.04171
G0 F9000 X107.474 Y15.179
G1 F3000 X95.679 Y18.34 E3437.44785
G0 F9000 X95.9 Y18.34
G0 X96.862 Y15.4
G0 X96.862 Y15.18
G1 F3000 X124.319 Y42.637 E3438.73935
G0 F9000 X124.1 Y42.637
G0 X124.1 Y35.513
G0 X124.318 Y35.513
G1 F3000 X95.679 Y43.186 E3439.72548
G0 F9000 X95.9 Y43.186
G0 X95.9 Y33.009
G0 X95.679 Y33.009
G1 F3000 X100.457 Y15.179 E3440.33943
G0 F9000 X100.457 Y15.4
G0 X105.347 Y15.4
G0 X105.347 Y15.18
G1 F3000 X124.319 Y34.151 E3441.23179
G0 F9000 X123.8 Y34.151
G1 F1500 E3434.73179
G0 F9000 X111.327 Y54.081
G0 X111.471 Y55.164
G0 X113.353 Y194.628
G0 X113.353 Y200.554
G0 X111.154 Y200.711
G0 X110.25 Y205.25
;TYPE:WALL-OUTER
G1 F1500 E3441.23179
G1 F1200 X109.75 Y205.25 E3441.25258
G1 X109.75 Y200.447 E3441.45226
G1 X110.25 Y200.447 E3441.47305
G1 X110.25 Y205.25 E3441.67274
G1 F1500 E3435.17274
;MESH:NONMESH
G0 F300 X110.25 Y205.25 Z14
G0 F9000 X110.03 Y205.03
G0 X109.914 Y200.61
G0 X108 Y199.729
;TIME_ELAPSED:4409.584778
;LAYER:69
;TYPE:SUPPORT
G1 F1500 E3441.67274
G1 X108 Y195.482 E3441.81399
G1 X107.5 Y195.482 E3441.83062
G1 X107.5 Y199.712 E3441.97131
G1 X107.867 Y199.712 E3441.98352
G1 X108.5 Y199.795 E3442.00475
G1 X108.5 Y199.281 E3442.02185
G1 X111.5 Y199.284 E3442.12163
G1 X111.5 Y199.806 E3442.13899
G1 X112.206 Y199.717 E3442.16266
G1 X112.5 Y199.713 E3442.17244
G1 X112.5 Y195.481 E3442.3132
G1 X112 Y195.481 E3442.32983
G1 X112 Y199.743 E3442.47158
G1 F1500 E3435.97158
;MESH:Viga_Rectangular.stl
G0 F9000 X112.108 Y200.6
G0 X113.353 Y200.554
G0 X113.353 Y194.628
G0 X111.153 Y194.628
G0 X110.086 Y194.3
G0 X110.002 Y54.419
G0 X110.004 Y54.936
;TYPE:WALL-INNER
G1 F1500 E3442.47158
G1 X110.116 Y54.684 E3442.48259
G1 X110.461 Y54.271 E3442.50407
G1 X110.929 Y53.998 E3442.52569
G1 X111.305 Y53.9 E3442.5412
G1 X123.75 Y53.9 E3443.03791
G1 X124.4 Y53.25 E3443.07459
G1 X124.4 Y15.75 E3444.5713
G1 X123.75 Y15.1 E3444.60799
G1 X96.25 Y15.1 E3445.70557
G1 X95.6 Y15.75 E3445.74226
G1 X95.6 Y53.25 E3447.23897
G1 X96.25 Y53.9 E3447.27566
G1 X108.707 Y53.9 E3447.77284
G1 X109.299 Y54.101 E3447.7978
G1 X109.734 Y54.467 E3447.82049
G1 X110.004 Y54.936 E3447.84208
G1 F1500 E3441.34208
G0 F9000 X110.002 Y54.419
G0 X110.03 Y194.244
G0 X110.25 Y194.464
;TYPE:WALL-OUTER
G1 F1500 E3447.84208
G1 F1200 X110.25 Y194.214 E3447.85248
G1 X110.25 Y147.945 E3449.77612
G1 F1195.2 X110.251 Y101.676 E3451.70746
G1 F1192.8 X110.252 Y55.407 E3453.64264
G1 F1304.3 X110.355 Y55.117 E3453.65441
G1 F1470.6 X110.479 Y54.873 E3453.6637
G1 F1500 X110.726 Y54.578 E3453.67649
G1 X111.067 Y54.38 E3453.68961
G1 X111.342 Y54.303 E3453.69911
G1 X123.916 Y54.3 E3454.11732
G1 X124.8 Y53.416 E3454.1589
G1 X124.8 Y15.584 E3455.4172
G1 X123.916 Y14.7 E3455.45878
G1 X96.084 Y14.7 E3456.38447
G1 X95.2 Y15.584 E3456.42605
G1 X95.2 Y53.416 E3457.68435
G1 X96.084 Y54.3 E3457.72593
G1 X108.659 Y54.303 E3458.14418
G1 X109.099 Y54.455 E3458.15966
G1 F1492.5 X109.422 Y54.726 E3458.17376
G1 F1477.8 X109.638 Y55.103 E3458.18842
G1 F1315.8 X109.75 Y55.375 E3458.19958
G1 F1192.8 X109.75 Y101.655 E3460.13522
G1 F1195.2 X109.75 Y147.935 E3462.06702
G1 F1200 X109.75 Y194.215 E3463.99111
G1 X109.75 Y194.464 E3464.00147
G1 X110.25 Y194.464 E3464.02225
G1 F1500 E3457.52225
G0 F9000 X110.03 Y194.244
G0 X110.063 Y55.402
G0 X110.442 Y53.935
G0 X110.551 Y54.125
;TYPE:FILL
G1 F1500 E3464.02225
G1 F3000 X95.679 Y39.253 E3464.72179
G0 F9000 X95.9 Y39.253
G0 X95.9 Y37.121
G0 X95.679 Y37.121
G1 F3000 X124.318 Y29.447 E3465.70793
G0 F9000 X124.1 Y29.447
G0 X124.1 Y25.467
G0 X124.319 Y25.467
G1 F3000 X114.032 Y15.18 E3466.1918
G0 F9000 X114.032 Y15.4
G0 X112.734 Y15.4
G0 X112.734 Y15.18
G1 F3000 X102.38 Y53.819 E3467.52228
G0 F9000 X102.905 Y53.82
G1 F3000 X124.318 Y48.082 E3468.2596
G0 F9000 X124.1 Y48.082
G0 X124.1 Y50.923
G0 X124.319 Y50.923
G1 F3000 X95.679 Y22.283 E3469.60674
G0 F9000 X95.9 Y22.283
G0 X95.9 Y24.697
G0 X95.679 Y24.697
G1 F3000 X124.318 Y17.024 E3470.59287
G1 X124.319 Y16.981
G1 X122.517 Y15.18 E3470.67761
G0 F9000 X122.517 Y15.4
G0 X118.946 Y15.4
G0 X118.946 Y15.179
G1 F3000 X108.592 Y53.819 E3472.00812
G0 F9000 X108.592 Y53.6
G0 X114.804 Y53.6
G0 X114.804 Y53.819
G1 F3000 X124.319 Y18.31 E3473.23082
G0 F9000 X124.1 Y18.31
G0 X124.1 Y23.235
G0 X124.318 Y23.235
G1 F3000 X95.68 Y30.909 E3474.21693
G1 X95.679 Y30.768
G1 X118.731 Y53.82 E3475.30122
G0 F9000 X118.731 Y53.6
G0 X121.015 Y53.6
G0 X121.015 Y53.82
G1 F3000 X124.319 Y41.491 E3475.72576
G0 F9000 X124.318 Y41.87
G1 F3000 X95.68 Y49.544 E3476.71187
G0 F9000 X95.9 Y49.544
G0 X95.9 Y47.738
G0 X95.679 Y47.738
G1 F3000 X101.759 Y53.819 E3476.99788
G0 F9000 X101.759 Y53.6
G0 X96.347 Y53.575
G0 X96.193 Y53.729
G1 F3000 X106.522 Y15.179 E3478.32528
G0 F9000 X105.547 Y15.18
G1 F3000 X124.319 Y33.952 E3479.20826
G0 F9000 X124.1 Y33.952
G0 X124.1 Y35.658
G0 X124.319 Y35.658
G1 F3000 X95.679 Y43.332 E3480.19443
G0 F9000 X95.9 Y43.332
G0 X95.9 Y32.464
G0 X95.679 Y32.464
G1 F3000 X100.311 Y15.179 E3480.78962
G0 F9000 X100.311 Y15.4
G0 X97.061 Y15.4
G0 X97.061 Y15.18
G1 F3000 X124.319 Y42.437 E3482.07173
G1 F1500 E3475.57173
G0 F9000 X124.1 Y42.437
G0 X108.019 Y15.4
G0 X108.019 Y15.179
G1 F1500 E3482.07173
G1 F3000 X95.679 Y18.486 E3482.49664
G0 F9000 X96.2 Y18.486
G1 F1500 E3475.99664
G0 F9000 X108.689 Y54.081
G0 X108.505 Y55.164
G0 X106.647 Y194.629
G0 X106.647 Y200.565
G0 X108.845 Y200.702
G0 X110.25 Y205.25
;TYPE:WALL-OUTER
G1 F1500 E3482.49664
G1 F1200 X109.75 Y205.25 E3482.51743
G1 X109.75 Y200.533 E3482.71354
G1 X110.25 Y200.533 E3482.73432
G1 X110.25 Y205.25 E3482.93043
G1 F1500 E3476.43043
;MESH:NONMESH
G0 F300 X110.25 Y205.25 Z14.2
G0 F9000 X110.03 Y205.03
G0 X110.086 Y200.697
G0 X111.154 Y200.711
G0 X113.353 Y200.554
G0 X113.365 Y196
G0 X112.499 Y196
;TIME_ELAPSED:4462.978017
;LAYER:70
;TYPE:SUPPORT
G1 F1500 E3482.93043
G1 X112.499 Y199.713 E3483.05393
G1 X112.205 Y199.717 E3483.06371
G1 X111.499 Y199.806 E3483.08738
G1 X111.499 Y199.36 E3483.10221
G1 X108.499 Y199.357 E3483.20199
G1 X108.499 Y199.795 E3483.21656
G1 X107.866 Y199.712 E3483.23779
G1 X107.499 Y199.712 E3483.25
G1 X107.499 Y196 E3483.37346
G1 X107.499 Y195.482 E3483.39069
G1 X108.499 Y195.482 E3483.42395
G1 X108.499 Y195.647 E3483.42944
G1 X111.499 Y195.647 E3483.52922
G1 X111.499 Y195.481 E3483.53474
G1 X112.499 Y195.481 E3483.568
G1 X112.499 Y196 E3483.58526
G1 X107.499 Y196 E3483.75156
G1 F1500 E3477.25156
;MESH:Viga_Rectangular.stl
G0 F9000 X106.635 Y196
G0 X106.647 Y194.629
G0 X108.835 Y194.234
G0 X109.914 Y194.233
G0 X110.002 Y54.419
G0 X110.006 Y54.933
;TYPE:WALL-INNER
G1 F1500 E3483.75156
G1 X110.117 Y54.683 E3483.76248
G1 X110.461 Y54.271 E3483.7839
G1 X110.929 Y53.998 E3483.80552
G1 X111.305 Y53.9 E3483.82103
G1 X123.75 Y53.9 E3484.31774
G1 X124.4 Y53.25 E3484.35443
G1 X124.4 Y15.75 E3485.85113
G1 X123.75 Y15.1 E3485.88782
G1 X96.25 Y15.1 E3486.98541
G1 X95.6 Y15.75 E3487.0221
G1 X95.6 Y53.25 E3488.5188
G1 X96.25 Y53.9 E3488.55549
G1 X108.707 Y53.9 E3489.05268
G1 X109.299 Y54.101 E3489.07763
G1 X109.733 Y54.465 E3489.10024
G1 X110.006 Y54.933 E3489.12186
G1 F1500 E3482.62186
G0 F9000 X110.002 Y54.419
G0 X110.03 Y194.177
G0 X110.25 Y194.397
;TYPE:WALL-OUTER
G1 F1500 E3489.12186
G1 F1200 X110.25 Y194.147 E3489.13226
G1 X110.25 Y166.397 E3490.28597
G1 F1197.6 X110.251 Y138.647 E3491.44199
G1 F1192.8 X110.251 Y110.897 E3492.60262
G1 F1190.5 X110.252 Y83.147 E3493.76556
G1 F1188.1 X110.253 Y55.397 E3494.93081
G1 F1290.3 X110.354 Y55.113 E3494.94246
G1 F1456.3 X110.479 Y54.873 E3494.95173
G1 F1500 X110.726 Y54.578 E3494.96453
G1 X111.067 Y54.38 E3494.97764
G1 X111.342 Y54.303 E3494.98714
G1 X123.916 Y54.3 E3495.40536
G1 X124.8 Y53.416 E3495.44694
G1 X124.8 Y15.584 E3496.70523
G1 X123.916 Y14.7 E3496.74681
G1 X96.084 Y14.7 E3497.67251
G1 X95.2 Y15.584 E3497.71409
G1 X95.2 Y53.416 E3498.97239
G1 X96.084 Y54.3 E3499.01397
G1 X108.659 Y54.303 E3499.43222
G1 X109.099 Y54.455 E3499.4477
G1 F1488.8 X109.421 Y54.726 E3499.4618
G1 F1459.9 X109.641 Y55.103 E3499.47672
G1 F1304.3 X109.752 Y55.362 E3499.4875
G1 F1188.1 X109.752 Y83.119 E3500.65304
G1 F1190.5 X109.752 Y110.876 E3501.81627
G1 F1192.8 X109.751 Y138.633 E3502.9772
G1 F1197.6 X109.751 Y166.39 E3504.13351
G1 F1200 X109.75 Y194.147 E3505.28751
G1 X109.75 Y194.397 E3505.2979
G1 X110.25 Y194.397 E3505.31869
G1 F1500 E3498.81869
G0 F9000 X110.03 Y194.177
G0 X110.063 Y55.403
G0 X110.568 Y53.862
G0 X110.678 Y54.053
;TYPE:FILL
G1 F1500 E3505.31869
G1 F3000 X95.679 Y39.054 E3506.0242
G0 F9000 X95.9 Y39.054
G0 X95.9 Y37.267
G0 X95.679 Y37.267
G1 F3000 X124.318 Y29.593 E3507.01034
G0 F9000 X124.1 Y29.593
G0 X124.1 Y33.753
G0 X124.319 Y33.753
G1 F3000 X105.746 Y15.18 E3507.88396
G0 F9000 X106.376 Y15.179
G1 F3000 X96.078 Y53.614 E3509.2074
G0 F9000 X96.232 Y53.46
G0 X95.9 Y49.69
G0 X95.68 Y49.69
G1 F3000 X124.318 Y42.016 E3510.19351
G0 F9000 X124.319 Y42.238
G1 F3000 X97.261 Y15.18 E3511.46623
G0 F9000 X97.261 Y15.4
G0 X100.165 Y15.4
G0 X100.165 Y15.179
G1 F3000 X95.679 Y31.92 E3512.04269
G0 F9000 X95.679 Y31.055
G1 F3000 X124.318 Y23.381 E3513.02883
G0 F9000 X124.1 Y23.381
G0 X124.1 Y25.267
G0 X124.319 Y25.267
G1 F3000 X114.231 Y15.18 E3513.50331
G0 F9000 X114.231 Y15.4
G0 X112.588 Y15.4
G0 X112.588 Y15.18
G1 F3000 X102.234 Y53.82 E3514.83382
G0 F9000 X101.959 Y53.819
G1 F3000 X95.679 Y47.539 E3515.12921
G0 F9000 X95.9 Y47.539
G0 X95.9 Y43.478
G0 X95.68 Y43.478
G1 F3000 X124.319 Y35.804 E3516.11536
G0 F9000 X124.1 Y35.804
G0 X124.1 Y40.946
G0 X124.319 Y40.946
G1 F3000 X120.87 Y53.819 E3516.55861
G0 F9000 X120.87 Y53.6
G0 X118.93 Y53.6
G0 X118.93 Y53.82
G1 F3000 X95.679 Y30.568 E3517.65229
G0 F9000 X95.9 Y30.568
G0 X95.9 Y24.843
G0 X95.68 Y24.843
G1 F3000 X124.318 Y17.17 E3518.63839
G0 F9000 X124.319 Y16.782
G1 F3000 X122.716 Y15.18 E3518.71377
G0 F9000 X122.716 Y15.4
G0 X124.1 Y17.765
G0 X124.319 Y17.765
G1 F3000 X114.658 Y53.819 E3519.95524
G0 F9000 X114.658 Y53.6
G0 X108.446 Y53.6
G0 X108.446 Y53.819
G1 F3000 X118.8 Y15.179 E3521.28575
G0 F9000 X118.8 Y15.4
G0 X108.565 Y15.4
G0 X108.565 Y15.179
G1 F3000 X95.679 Y18.632 E3521.72946
G0 F9000 X95.9 Y18.632
G0 X95.9 Y22.083
G0 X95.679 Y22.083
G1 F3000 X124.319 Y50.723 E3523.0766
G0 F9000 X124.1 Y50.723
G0 X124.1 Y48.228
G0 X124.319 Y48.228
G1 F3000 X103.45 Y53.819 E3523.79518
G0 F9000 X103.45 Y53.3
G1 F1500 E3517.29518
G0 F9000 X108.689 Y54.081
G0 X108.505 Y55.164
G0 X106.647 Y194.629
G0 X106.647 Y200.565
G0 X108.845 Y200.702
G0 X110.25 Y205.25
;TYPE:WALL-OUTER
G1 F1500 E3523.79518
G1 F1200 X109.75 Y205.25 E3523.81597
G1 X109.75 Y200.609 E3524.00892
G1 X110.25 Y200.609 E3524.02971
G1 X110.25 Y205.25 E3524.22266
G1 F1500 E3517.72266
;MESH:NONMESH
G0 F300 X110.25 Y205.25 Z14.4
G0 F9000 X110.03 Y205.03
G0 X109.914 Y200.772
G0 X108 Y199.729
;TIME_ELAPSED:4514.926903
;LAYER:71
;TYPE:SUPPORT
G1 F1500 E3524.22266
G1 X108 Y195.482 E3524.36391
G1 X107.5 Y195.482 E3524.38054
G1 X107.5 Y199.712 E3524.52123
G1 X107.867 Y199.712 E3524.53344
G1 X108.5 Y199.795 E3524.55467
G1 X108.5 Y199.406 E3524.56761
G1 X111.5 Y199.409 E3524.66739
G1 X111.5 Y199.806 E3524.6806
G1 X112.206 Y199.717 E3524.70426
G1 X112.5 Y199.713 E3524.71404
G1 X112.5 Y195.481 E3524.8548
G1 X112 Y195.481 E3524.87143
G1 X112 Y199.743 E3525.01318
G1 F1500 E3518.51318
;MESH:Viga_Rectangular.stl
G0 F9000 X112.108 Y200.6
G0 X113.353 Y200.554
G0 X113.353 Y194.628
G0 X111.153 Y194.628
G0 X110.086 Y194.169
G0 X110.002 Y54.419
G0 X110.006 Y54.933
;TYPE:WALL-INNER
G1 F1500 E3525.01318
G1 X110.117 Y54.683 E3525.0241
G1 X110.461 Y54.271 E3525.04552
G1 X110.929 Y53.998 E3525.06715
G1 X111.305 Y53.9 E3525.08266
G1 X123.75 Y53.9 E3525.57936
G1 X124.4 Y53.25 E3525.61605
G1 X124.4 Y15.75 E3527.11276
G1 X123.75 Y15.1 E3527.14945
G1 X96.25 Y15.1 E3528.24703
G1 X95.6 Y15.75 E3528.28372
G1 X95.6 Y53.25 E3529.78043
G1 X96.25 Y53.9 E3529.81711
G1 X108.707 Y53.9 E3530.3143
G1 X109.299 Y54.101 E3530.33925
G1 X109.733 Y54.465 E3530.36186
G1 X110.006 Y54.933 E3530.38349
G1 F1500 E3523.88349
G0 F9000 X110.002 Y54.419
G0 X110.03 Y194.113
G0 X110.25 Y194.333
;TYPE:WALL-OUTER
G1 F1500 E3530.38349
G1 F1200 X110.25 Y194.083 E3530.39388
G1 X110.25 Y166.346 E3531.54705
G1 F1197.6 X110.251 Y138.609 E3532.70253
G1 F1192.8 X110.251 Y110.872 E3533.86262
G1 F1190.5 X110.252 Y83.135 E3535.02501
G1 F1188.1 X110.253 Y55.398 E3536.18971
G1 F1290.3 X110.354 Y55.113 E3536.20141
G1 F1456.3 X110.479 Y54.873 E3536.21068
G1 F1500 X110.726 Y54.578 E3536.22347
G1 X111.067 Y54.38 E3536.23659
G1 X111.342 Y54.303 E3536.24609
G1 X123.916 Y54.3 E3536.6643
G1 X124.8 Y53.416 E3536.70588
G1 X124.8 Y15.584 E3537.96418
G1 X123.916 Y14.7 E3538.00576
G1 X96.084 Y14.7 E3538.93145
G1 X95.2 Y15.584 E3538.97303
G1 X95.2 Y53.416 E3540.23133
G1 X96.084 Y54.3 E3540.27291
G1 X108.659 Y54.303 E3540.69116
G1 X109.099 Y54.455 E3540.70664
G1 F1488.8 X109.421 Y54.726 E3540.72074
G1 F1459.9 X109.641 Y55.103 E3540.73566
G1 F1304.3 X109.752 Y55.363 E3540.74647
G1 F1188.1 X109.752 Y83.107 E3541.91147
G1 F1190.5 X109.752 Y110.851 E3543.07416
G1 F1192.8 X109.751 Y138.595 E3544.23454
G1 F1197.6 X109.751 Y166.339 E3545.39031
G1 F1200 X109.75 Y194.083 E3546.54377
G1 X109.75 Y194.333 E3546.55417
G1 X110.25 Y194.333 E3546.57495
G1 F1500 E3540.07495
G0 F9000 X110.03 Y194.113
G0 X110.063 Y55.404
G0 X110.695 Y53.789
G0 X110.805 Y53.979
;TYPE:FILL
G1 F1500 E3546.57495
G1 F3000 X95.679 Y38.853 E3547.28643
G0 F9000 X95.9 Y38.853
G0 X95.9 Y37.414
G0 X95.679 Y37.414
G1 F3000 X124.318 Y29.74 E3548.27257
G0 F9000 X124.1 Y29.74
G0 X124.1 Y33.552
G0 X124.319 Y33.552
G1 F3000 X105.947 Y15.18 E3549.13674
G0 F9000 X106.229 Y15.179
G1 F3000 X95.962 Y53.498 E3550.45619
G0 F9000 X96.116 Y53.344
G0 X95.9 Y49.837
G0 X95.68 Y49.837
G1 F3000 X124.318 Y42.163 E3551.4423
G1 X124.319 Y42.037
G1 X97.461 Y15.18 E3552.70559
G0 F9000 X97.461 Y15.4
G0 X100.018 Y15.4
G0 X100.018 Y15.179
G1 F3000 X95.679 Y31.371 E3553.26314
G1 X95.679 Y31.202
G1 X124.318 Y23.528 E3554.24928
G0 F9000 X124.1 Y23.528
G0 X124.1 Y25.066
G0 X124.319 Y25.066
G1 F3000 X114.432 Y15.18 E3554.71431
G0 F9000 X114.432 Y15.4
G0 X112.441 Y15.4
G0 X112.441 Y15.18
G1 F3000 X102.087 Y53.82 E3556.04482
G1 X102.159 Y53.819
G1 X95.679 Y47.338 E3556.34964
G0 F9000 X95.9 Y47.338
G0 X95.9 Y43.625
G0 X95.68 Y43.625
G1 F3000 X124.319 Y35.951 E3557.33579
G0 F9000 X124.1 Y35.951
G0 X124.1 Y40.397
G0 X124.319 Y40.397
G1 F3000 X120.723 Y53.819 E3557.79795
G0 F9000 X120.723 Y53.6
G0 X119.131 Y53.6
G0 X119.131 Y53.82
G1 F3000 X95.679 Y30.368 E3558.90106
G0 F9000 X95.9 Y30.368
G0 X95.9 Y24.99
G0 X95.679 Y24.99
G1 F3000 X124.318 Y17.317 E3559.88719
G1 X124.319 Y17.216
G1 X114.511 Y53.819 E3561.14756
G0 F9000 X114.511 Y53.6
G0 X108.299 Y53.6
G0 X108.299 Y53.819
G1 F3000 X118.653 Y15.179 E3562.47807
G0 F9000 X118.653 Y15.4
G0 X122.917 Y15.4
G0 X122.917 Y15.18
G1 F3000 X124.319 Y16.581 E3562.54399
G0 F9000 X124.1 Y16.581
G0 X109.113 Y15.4
G0 X109.113 Y15.179
G1 F3000 X95.679 Y18.779 E3563.00657
G0 F9000 X95.9 Y18.779
G0 X95.9 Y21.882
G0 X95.679 Y21.882
G1 F3000 X124.319 Y50.522 E3564.35371
G0 F9000 X124.1 Y50.522
G0 X124.1 Y48.375
G0 X124.319 Y48.375
G1 F3000 X103.999 Y53.819 E3565.05339
G0 F9000 X103.999 Y53.3
G1 F1500 E3558.55339
G0 F9000 X108.692 Y54.061
G0 X109.22 Y54.247
G0 X109.607 Y54.571
G0 X109.849 Y54.989
G0 X109.92 Y55.254
G0 X109.914 Y194.169
G0 X108.847 Y194.629
G0 X106.647 Y194.629
G0 X106.647 Y200.565
G0 X108.845 Y200.702
G0 X110.25 Y205.25
;TYPE:WALL-OUTER
G1 F1500 E3565.05339
G1 F1200 X109.75 Y205.25 E3565.07418
G1 X109.75 Y200.658 E3565.26509
G1 X110.25 Y200.658 E3565.28588
G1 X110.25 Y205.25 E3565.47679
G1 F1500 E3558.97679
;MESH:NONMESH
G0 F300 X110.25 Y205.25 Z14.6
G0 F9000 X110.03 Y205.03
G0 X110.086 Y200.822
G0 X111.154 Y200.711
G0 X113.353 Y200.554
G0 X113.365 Y196
G0 X112.499 Y196
;TIME_ELAPSED:4567.336797
;LAYER:72
;TYPE:SUPPORT
G1 F1500 E3565.47679
G1 X112.499 Y199.713 E3565.60029
G1 X112.205 Y199.717 E3565.61007
G1 X111.499 Y199.806 E3565.63374
G1 X111.499 Y199.458 E3565.64531
G1 X108.499 Y199.455 E3565.74509
G1 X108.499 Y199.795 E3565.7564
G1 X107.866 Y199.712 E3565.77763
G1 X107.499 Y199.712 E3565.78984
G1 X107.499 Y196 E3565.9133
G1 X107.499 Y195.482 E3565.93053
G1 X108.499 Y195.482 E3565.96379
G1 X108.499 Y195.551 E3565.96609
G1 X109.694 Y195.551 E3566.00583
G1 X109.886 Y195.567 E3566.01224
G1 X110.568 Y195.551 E3566.03493
G1 X111.499 Y195.551 E3566.06589
G1 X111.499 Y195.481 E3566.06822
G1 X112.499 Y195.481 E3566.10148
G1 X112.499 Y196 E3566.11874
G1 X107.499 Y196 E3566.28505
G1 F1500 E3559.78505
;MESH:Viga_Rectangular.stl
G0 F9000 X106.635 Y196
G0 X106.647 Y194.629
G0 X108.835 Y194.138
G0 X109.914 Y194.137
G0 X110.002 Y54.419
G0 X110.005 Y54.939
;TYPE:WALL-INNER
G1 F1500 E3566.28505
G1 X110.116 Y54.682 E3566.29622
G1 X110.461 Y54.271 E3566.31764
G1 X110.929 Y53.998 E3566.33926
G1 X111.305 Y53.9 E3566.35477
G1 X123.75 Y53.9 E3566.85148
G1 X124.4 Y53.25 E3566.88816
G1 X124.4 Y15.75 E3568.38487
G1 X123.75 Y15.1 E3568.42156
G1 X96.25 Y15.1 E3569.51914
G1 X95.6 Y15.75 E3569.55583
G1 X95.6 Y53.25 E3571.05254
G1 X96.25 Y53.9 E3571.08923
G1 X108.707 Y53.9 E3571.58641
G1 X109.299 Y54.101 E3571.61137
G1 X109.737 Y54.469 E3571.6342
G1 X110.005 Y54.939 E3571.65579
G1 F1500 E3565.15579
G0 F9000 X110.002 Y54.419
G0 X110.03 Y194.081
G0 X110.25 Y194.301
;TYPE:WALL-OUTER
G1 F1500 E3571.65579
G1 F1200 X110.251 Y55.453 E3577.42842
G1 F1263.2 X110.423 Y54.939 E3577.44983
G1 F1411.8 X110.726 Y54.578 E3577.46648
G1 F1500 X111.067 Y54.38 E3577.4796
G1 X111.342 Y54.303 E3577.4891
G1 X123.916 Y54.3 E3577.90731
G1 X124.8 Y53.416 E3577.94889
G1 X124.8 Y15.584 E3579.20719
G1 X123.916 Y14.7 E3579.24877
G1 X96.084 Y14.7 E3580.17447
G1 X95.2 Y15.584 E3580.21605
G1 X95.2 Y53.416 E3581.47434
G1 X96.084 Y54.3 E3581.51592
G1 X108.659 Y54.303 E3581.93417
G1 X109.099 Y54.455 E3581.94965
G1 X109.424 Y54.728 E3581.96377
G1 X109.621 Y55.071 E3581.97693
G1 F1333.3 X109.749 Y55.455 E3581.99207
G1 F1200 X109.75 Y194.301 E3587.76462
G1 X110.25 Y194.301 E3587.78541
G1 F1500 E3581.28541
G0 F9000 X110.03 Y194.081
G0 X110.063 Y55.407
G0 X110.131 Y55.059
G0 X110.883 Y53.703
G0 X110.937 Y53.911
;TYPE:FILL
G1 F1500 E3587.78541
G1 F3000 X95.679 Y38.653 E3588.5031
G0 F9000 X95.9 Y38.653
G0 X95.9 Y37.56
G0 X95.679 Y37.56
G1 F3000 X124.319 Y29.886 E3589.48927
G0 F9000 X124.1 Y29.886
G0 X124.1 Y33.352
G0 X124.319 Y33.352
G1 F3000 X106.146 Y15.18 E3590.34405
G1 X106.083 Y15.179
G1 X95.847 Y53.383 E3591.65954
G0 F9000 X96.001 Y53.229
G0 X95.9 Y49.983
G0 X95.679 Y49.983
G1 F3000 X124.318 Y42.309 E3592.64568
G0 F9000 X124.319 Y41.838
G1 F3000 X97.661 Y15.18 E3593.89959
G0 F9000 X97.661 Y15.4
G0 X99.872 Y15.4
G0 X99.872 Y15.18
G1 F3000 X95.679 Y30.827 E3594.43837
G0 F9000 X95.679 Y31.348
G1 F3000 X124.318 Y23.674 E3595.42451
G0 F9000 X124.1 Y23.674
G0 X124.1 Y24.867
G0 X124.319 Y24.867
G1 F3000 X114.631 Y15.18 E3595.88018
G0 F9000 X114.631 Y15.4
G0 X112.295 Y15.4
G0 X112.295 Y15.179
G1 F3000 X101.942 Y53.819 E3597.21068
G0 F9000 X102.359 Y53.819
G1 F3000 X95.679 Y47.139 E3597.52489
G0 F9000 X95.9 Y47.139
G0 X95.9 Y43.771
G0 X95.68 Y43.771
G1 F3000 X124.318 Y36.097 E3598.511
G0 F9000 X124.1 Y36.097
G0 X124.1 Y39.853
G0 X124.319 Y39.853
G1 F3000 X120.577 Y53.819 E3598.99189
G0 F9000 X120.577 Y53.6
G0 X119.33 Y53.6
G0 X119.33 Y53.82
G1 F3000 X95.679 Y30.168 E3600.10439
G0 F9000 X95.9 Y30.168
G0 X95.9 Y25.136
G0 X95.68 Y25.136
G1 F3000 X124.318 Y17.462 E3601.0905
G0 F9000 X124.318 Y16.672
G1 F3000 X114.365 Y53.819 E3602.36959
G0 F9000 X114.365 Y53.6
G0 X108.153 Y53.6
G0 X108.153 Y53.819
G1 F3000 X118.507 Y15.18 E3603.70007
G0 F9000 X118.507 Y15.4
G0 X123.117 Y15.4
G0 X123.117 Y15.18
G1 F3000 X124.319 Y16.382 E3603.75661
G0 F9000 X124.1 Y16.382
G0 X109.658 Y15.4
G0 X109.658 Y15.179
G1 F3000 X95.679 Y18.925 E3604.23796
G0 F9000 X95.9 Y18.925
G0 X95.9 Y21.683
G0 X95.679 Y21.683
G1 F3000 X124.319 Y50.323 E3605.58509
G0 F9000 X124.1 Y50.323
G0 X124.1 Y48.521
G0 X124.319 Y48.521
G1 F3000 X104.543 Y53.819 E3606.26604
G0 F9000 X104.543 Y53.3
G1 F1500 E3599.76604
G0 F9000 X108.692 Y54.061
G0 X109.22 Y54.247
G0 X109.607 Y54.571
G0 X109.857 Y55.002
G0 X109.914 Y194.137
G0 X108.847 Y194.629
G0 X106.647 Y194.629
G0 X106.647 Y200.565
G0 X108.845 Y200.702
G0 X110.25 Y205.25
;TYPE:WALL-OUTER
G1 F1500 E3606.26604
G1 F1200 X109.75 Y205.25 E3606.28683
G1 X109.75 Y200.707 E3606.4757
G1 X110.25 Y200.707 E3606.49649
G1 X110.25 Y205.25 E3606.68537
G1 F1500 E3600.18537
;MESH:NONMESH
G0 F300 X110.25 Y205.25 Z14.8
G0 F9000 X110.03 Y205.03
G0 X109.914 Y200.87
G0 X108 Y199.729
;TIME_ELAPSED:4619.279664
;LAYER:73
;TYPE:SUPPORT
G1 F1500 E3606.68537
G1 X108 Y195.482 E3606.82662
G1 X107.5 Y195.482 E3606.84325
G1 X107.5 Y199.712 E3606.98394
G1 X107.867 Y199.712 E3606.99615
G1 X108.5 Y199.795 E3607.01738
G1 X108.5 Y199.474 E3607.02806
G1 X111.5 Y199.477 E3607.12784
G1 X111.5 Y199.806 E3607.13878
G1 X112.206 Y199.717 E3607.16245
G1 X112.5 Y199.713 E3607.17223
G1 X112.5 Y195.481 E3607.31299
G1 X112 Y195.481 E3607.32962
G1 X112 Y199.743 E3607.47137
G1 F1500 E3600.97137
;MESH:Viga_Rectangular.stl
G0 F9000 X112.108 Y200.6
G0 X113.353 Y200.554
G0 X113.353 Y194.628
G0 X111.166 Y194.105
G0 X110.086 Y194.105
G0 X110.002 Y54.419
G0 X109.998 Y54.919
;TYPE:WALL-INNER
G1 F1500 E3607.47137
G1 X110.119 Y54.678 E3607.48214
G1 X110.461 Y54.271 E3607.50335
G1 X110.929 Y53.998 E3607.52498
G1 X111.305 Y53.9 E3607.54049
G1 X123.75 Y53.9 E3608.03719
G1 X124.4 Y53.25 E3608.07388
G1 X124.4 Y15.75 E3609.57059
G1 X123.75 Y15.1 E3609.60728
G1 X96.25 Y15.1 E3610.70486
G1 X95.6 Y15.75 E3610.74155
G1 X95.6 Y53.25 E3612.23826
G1 X96.25 Y53.9 E3612.27495
G1 X108.707 Y53.9 E3612.77213
G1 X109.299 Y54.101 E3612.79708
G1 X109.732 Y54.464 E3612.81964
G1 X109.998 Y54.919 E3612.84067
G1 F1500 E3606.34067
G0 F9000 X110.002 Y54.419
G0 X110.03 Y194.049
G0 X110.25 Y194.269
;TYPE:WALL-OUTER
G1 F1500 E3612.84067
G1 F1200 X110.251 Y55.453 E3618.61197
G1 F1333.3 X110.363 Y55.121 E3618.62508
G1 F1500 X110.398 Y54.969 E3618.63027
G1 X110.726 Y54.578 E3618.64724
G1 X111.067 Y54.38 E3618.66036
G1 X111.342 Y54.303 E3618.66986
G1 X123.916 Y54.3 E3619.08807
G1 X124.8 Y53.416 E3619.12965
G1 X124.8 Y15.584 E3620.38795
G1 X123.916 Y14.7 E3620.42953
G1 X96.084 Y14.7 E3621.35522
G1 X95.2 Y15.584 E3621.3968
G1 X95.2 Y53.416 E3622.6551
G1 X96.084 Y54.3 E3622.69668
G1 X108.659 Y54.303 E3623.11493
G1 X109.099 Y54.455 E3623.13041
G1 X109.422 Y54.726 E3623.14444
G1 X109.629 Y55.086 E3623.15825
G1 F1333.3 X109.749 Y55.453 E3623.17269
G1 F1200 X109.75 Y194.269 E3628.94399
G1 X110.25 Y194.269 E3628.96478
G1 F1500 E3622.46478
G0 F9000 X110.03 Y194.049
G0 X110.063 Y55.408
G0 X110.139 Y55.02
G0 X111.042 Y53.66
G0 X111.097 Y53.87
;TYPE:FILL
G1 F1500 E3628.96478
G1 F3000 X95.679 Y38.453 E3629.68997
G0 F9000 X95.679 Y37.707
G1 F3000 X124.318 Y30.033 E3630.67611
G0 F9000 X124.1 Y30.033
G0 X124.1 Y33.151
G0 X124.319 Y33.151
G1 F3000 X106.347 Y15.18 E3631.52144
G0 F9000 X105.936 Y15.179
G1 F3000 X95.731 Y53.267 E3632.83293
G0 F9000 X95.885 Y53.113
G0 X95.9 Y50.13
G0 X95.679 Y50.13
G1 F3000 X124.318 Y42.456 E3633.81907
G0 F9000 X124.319 Y41.637
G1 F3000 X97.862 Y15.18 E3635.06353
G0 F9000 X97.862 Y15.4
G0 X99.725 Y15.4
G0 X99.725 Y15.18
G1 F3000 X95.679 Y30.278 E3635.58341
G0 F9000 X95.679 Y29.967
G1 F3000 X119.531 Y53.82 E3636.70536
G0 F9000 X120.43 Y53.819
G1 F3000 X124.319 Y39.304 E3637.20516
G0 F9000 X124.1 Y39.304
G0 X124.1 Y36.244
G0 X124.318 Y36.244
G1 F3000 X95.68 Y43.918 E3638.19127
G0 F9000 X95.9 Y43.918
G0 X95.9 Y46.938
G0 X95.679 Y46.938
G1 F3000 X102.56 Y53.819 E3638.51493
G0 F9000 X101.795 Y53.819
G1 F3000 X112.148 Y15.179 E3639.84543
G0 F9000 X112.148 Y15.4
G0 X110.206 Y15.4
G0 X110.206 Y15.179
G1 F3000 X95.679 Y19.072 E3640.34565
G0 F9000 X95.9 Y19.072
G0 X95.9 Y21.482
G0 X95.679 Y21.482
G1 F3000 X124.319 Y50.122 E3641.69279
G0 F9000 X124.1 Y50.122
G0 X124.1 Y48.668
G0 X124.319 Y48.668
G1 F3000 X105.092 Y53.819 E3642.35483
G0 F9000 X105.092 Y53.6
G0 X108.006 Y53.6
G0 X108.006 Y53.82
G1 F3000 X118.36 Y15.18 E3643.68534
G0 F9000 X118.36 Y15.4
G0 X114.832 Y15.4
G0 X114.832 Y15.18
G1 F3000 X124.319 Y24.666 E3644.13156
G0 F9000 X124.318 Y23.821
G1 F3000 X95.679 Y31.495 E3645.1177
G0 F9000 X95.9 Y31.495
G0 X95.9 Y25.283
G0 X95.68 Y25.283
G1 F3000 X124.318 Y17.609 E3646.10381
G0 F9000 X124.1 Y17.609
G0 X124.1 Y16.181
G0 X124.319 Y16.181
G1 F3000 X123.318 Y15.18 E3646.15089
G0 F9000 X123.318 Y15.4
G0 X124.1 Y16.123
G0 X124.318 Y16.123
G1 F3000 X114.218 Y53.819 E3647.44889
G0 F9000 X114.218 Y53.3
G1 F1500 E3640.94889
G0 F9000 X110.989 Y54.151
G0 X110.571 Y54.393
G0 X110.261 Y54.762
G0 X110.139 Y55.02
G0 X110.086 Y194.105
G0 X111.153 Y194.628
G0 X113.353 Y194.628
G0 X113.353 Y200.554
G0 X111.154 Y200.711
G0 X110.25 Y205.25
;TYPE:WALL-OUTER
G1 F1500 E3647.44889
G1 F1200 X109.75 Y205.25 E3647.46967
G1 X109.75 Y200.726 E3647.65776
G1 X110.25 Y200.726 E3647.67855
G1 X110.25 Y205.25 E3647.86663
G1 F1500 E3641.36663
;MESH:NONMESH
G0 F300 X110.25 Y205.25 Z15
G0 F9000 X110.03 Y205.03
G0 X110.086 Y200.89
G0 X111.154 Y200.711
G0 X113.353 Y200.554
G0 X113.365 Y196
G0 X112.499 Y196
;TIME_ELAPSED:4671.108991
;LAYER:74
;TYPE:SUPPORT
G1 F1500 E3647.86663
G1 X112.499 Y199.713 E3647.99013
G1 X112.208 Y199.717 E3647.99981
G1 X111.499 Y199.806 E3648.02358
G1 X111.499 Y199.49 E3648.03409
G1 X108.499 Y199.491 E3648.13387
G1 X108.499 Y199.795 E3648.14398
G1 X107.866 Y199.712 E3648.16521
G1 X107.499 Y199.712 E3648.17742
G1 X107.499 Y196 E3648.30088
G1 X107.499 Y195.482 E3648.31811
G1 X108.499 Y195.482 E3648.35137
G1 X108.499 Y195.51 E3648.3523
G1 X109.237 Y195.51 E3648.37685
G1 X109.889 Y195.567 E3648.39861
G1 X110.699 Y195.547 E3648.42556
G1 X110.699 Y195.51 E3648.42679
G1 X111.499 Y195.51 E3648.4534
G1 X111.499 Y195.481 E3648.45437
G1 X112.499 Y195.481 E3648.48763
G1 X112.499 Y196 E3648.50489
G1 X107.499 Y196 E3648.67119
G1 F1500 E3642.17119
;MESH:Viga_Rectangular.stl
G0 F9000 X106.635 Y196
G0 X106.647 Y194.629
G0 X108.835 Y194.097
G0 X109.914 Y194.096
G0 X110.002 Y54.419
G0 X109.998 Y54.919
;TYPE:WALL-INNER
G1 F1500 E3648.67119
G1 X110.119 Y54.678 E3648.68195
G1 X110.461 Y54.271 E3648.70317
G1 X110.929 Y53.998 E3648.72479
G1 X111.305 Y53.9 E3648.7403
G1 X123.75 Y53.9 E3649.23701
G1 X124.4 Y53.25 E3649.2737
G1 X124.4 Y15.75 E3650.7704
G1 X123.75 Y15.1 E3650.80709
G1 X96.25 Y15.1 E3651.90468
G1 X95.6 Y15.75 E3651.94137
G1 X95.6 Y53.25 E3653.43807
G1 X96.25 Y53.9 E3653.47476
G1 X108.707 Y53.9 E3653.97195
G1 X109.299 Y54.101 E3653.9969
G1 X109.732 Y54.464 E3654.01945
G1 X109.998 Y54.919 E3654.04049
G1 F1500 E3647.54049
G0 F9000 X110.002 Y54.419
G0 X110.03 Y194.04
G0 X110.25 Y194.26
;TYPE:WALL-OUTER
G1 F1500 E3654.04049
G1 F1200 X110.25 Y194.01 E3654.05088
G1 X110.25 Y124.731 E3656.93117
G1 F1197.6 X110.251 Y55.452 E3659.81721
G1 F1330.4 X110.363 Y55.12 E3659.83035
G1 F1500 X110.398 Y54.969 E3659.83551
G1 X110.726 Y54.578 E3659.85248
G1 X111.067 Y54.38 E3659.8656
G1 X111.342 Y54.303 E3659.8751
G1 X123.916 Y54.3 E3660.29331
G1 X124.8 Y53.416 E3660.33489
G1 X124.8 Y15.584 E3661.59319
G1 X123.916 Y14.7 E3661.63477
G1 X96.084 Y14.7 E3662.56046
G1 X95.2 Y15.584 E3662.60205
G1 X95.2 Y53.416 E3663.86034
G1 X96.084 Y54.3 E3663.90192
G1 X108.659 Y54.303 E3664.32017
G1 X109.099 Y54.455 E3664.33565
G1 X109.422 Y54.726 E3664.34968
G1 X109.629 Y55.086 E3664.36349
G1 F1330.4 X109.749 Y55.453 E3664.37797
G1 F1197.6 X109.749 Y124.732 E3667.26401
G1 F1200 X109.75 Y194.011 E3670.1443
G1 X109.75 Y194.26 E3670.15465
G1 X110.25 Y194.26 E3670.17544
G1 F1500 E3663.67544
G0 F9000 X110.03 Y194.04
G0 X110.063 Y55.409
G0 X110.139 Y55.02
G0 X111.2 Y53.618
G0 X111.255 Y53.829
;TYPE:FILL
G1 F1500 E3670.17544
G1 F3000 X95.679 Y38.253 E3670.90809
G0 F9000 X95.68 Y37.852
G1 F3000 X124.319 Y30.179 E3671.89422
G0 F9000 X124.1 Y30.179
G0 X124.1 Y32.952
G0 X124.319 Y32.952
G1 F3000 X106.546 Y15.18 E3672.73018
G0 F9000 X105.79 Y15.179
G1 F3000 X95.68 Y52.913 E3674.02949
G0 F9000 X95.9 Y52.913
G0 X95.9 Y50.276
G0 X95.679 Y50.276
G1 F3000 X124.319 Y42.602 E3675.01566
G0 F9000 X124.1 Y42.602
G0 X124.1 Y41.437
G0 X124.319 Y41.437
G1 F3000 X98.061 Y15.18 E3676.25073
G0 F9000 X98.061 Y15.4
G0 X99.579 Y15.4
G0 X99.579 Y15.179
G1 F3000 X95.679 Y29.733 E3676.75188
G1 X95.679 Y29.768
G1 X119.73 Y53.82 E3677.88319
G0 F9000 X120.284 Y53.819
G1 F3000 X124.319 Y38.759 E3678.40175
G0 F9000 X124.1 Y38.759
G0 X124.1 Y36.39
G0 X124.318 Y36.39
G1 F3000 X95.679 Y44.064 E3679.38789
G0 F9000 X95.9 Y44.064
G0 X95.9 Y46.739
G0 X95.679 Y46.739
G1 F3000 X102.759 Y53.819 E3679.72091
G0 F9000 X102.759 Y53.6
G0 X101.649 Y53.6
G0 X101.649 Y53.819
G1 F3000 X112.002 Y15.179 E3681.05142
G0 F9000 X112.002 Y15.4
G0 X110.751 Y15.4
G0 X110.751 Y15.179
G1 F3000 X95.679 Y19.218 E3681.5704
G0 F9000 X95.9 Y19.218
G0 X95.9 Y21.283
G0 X95.679 Y21.283
G1 F3000 X124.319 Y49.923 E3682.91754
G0 F9000 X124.1 Y49.923
G0 X124.1 Y48.814
G0 X124.319 Y48.814
G1 F3000 X105.637 Y53.819 E3683.56082
G0 F9000 X105.637 Y53.6
G0 X107.86 Y53.6
G0 X107.86 Y53.819
G1 F3000 X118.214 Y15.18 E3684.8913
G0 F9000 X118.214 Y15.4
G0 X115.032 Y15.4
G0 X115.032 Y15.18
G1 F3000 X124.319 Y24.467 E3685.32813
G0 F9000 X124.318 Y23.967
G1 F3000 X95.679 Y31.641 E3686.31427
G0 F9000 X95.9 Y31.641
G0 X95.9 Y25.429
G0 X95.679 Y25.429
G1 F3000 X124.318 Y17.755 E3687.30041
G0 F9000 X124.1 Y17.755
G0 X124.1 Y15.982
G0 X124.319 Y15.982
G1 F3000 X123.517 Y15.18 E3687.33813
G0 F9000 X124.275 Y15.74
G1 F3000 X114.072 Y53.819 E3688.64932
G0 F9000 X114.072 Y53.3
G1 F1500 E3682.14932
G0 F9000 X110.989 Y54.151
G0 X110.571 Y54.393
G0 X110.261 Y54.762
G0 X110.139 Y55.02
G0 X110.086 Y194.096
G0 X111.153 Y194.628
G0 X113.353 Y194.628
G0 X113.353 Y200.554
G0 X111.154 Y200.71
G0 X110.25 Y205.25
;TYPE:WALL-OUTER
G1 F1500 E3688.64932
G1 F1200 X109.75 Y205.25 E3688.67011
G1 X109.75 Y200.743 E3688.85749
G1 X110.25 Y200.743 E3688.87828
G1 X110.25 Y205.25 E3689.06566
G1 F1500 E3682.56566
;MESH:NONMESH
G0 F300 X110.25 Y205.25 Z15.2
G0 F9000 X110.03 Y205.03
G0 X109.914 Y200.906
G0 X108 Y199.729
;TIME_ELAPSED:4722.485003
;LAYER:75
;TYPE:SUPPORT
G1 F1500 E3689.06566
G1 X108 Y195.482 E3689.20691
G1 X107.5 Y195.482 E3689.22354
G1 X107.5 Y199.712 E3689.36423
G1 X107.867 Y199.712 E3689.37644
G1 X108.5 Y199.795 E3689.39767
G1 X108.5 Y199.491 E3689.40778
G1 X111.5 Y199.49 E3689.50756
G1 X111.5 Y199.805 E3689.51804
G1 X112.214 Y199.717 E3689.54197
G1 X112.5 Y199.713 E3689.55148
G1 X112.5 Y195.481 E3689.69224
G1 X112 Y195.481 E3689.70887
G1 X112 Y199.744 E3689.85066
G1 F1500 E3683.35066
;MESH:Viga_Rectangular.stl
G0 F9000 X112.033 Y200.609
G0 X113.353 Y200.554
G0 X113.353 Y194.628
G0 X111.166 Y194.096
G0 X110.086 Y194.096
G0 X110.002 Y54.419
G0 X109.998 Y54.918
;TYPE:WALL-INNER
G1 F1500 E3689.85066
G1 X110.119 Y54.679 E3689.86135
G1 X110.461 Y54.271 E3689.8826
G1 X110.929 Y53.998 E3689.90422
G1 X111.305 Y53.9 E3689.91973
G1 X123.75 Y53.9 E3690.41644
G1 X124.4 Y53.25 E3690.45313
G1 X124.4 Y15.75 E3691.94983
G1 X123.75 Y15.1 E3691.98652
G1 X96.25 Y15.1 E3693.08411
G1 X95.6 Y15.75 E3693.12079
G1 X95.6 Y53.25 E3694.6175
G1 X96.25 Y53.9 E3694.65419
G1 X108.707 Y53.9 E3695.15137
G1 X109.299 Y54.101 E3695.17633
G1 X109.733 Y54.464 E3695.19891
G1 X109.998 Y54.918 E3695.21989
G1 F1500 E3688.71989
G0 F9000 X110.002 Y54.419
G0 X110.03 Y194.04
G0 X110.25 Y194.26
;TYPE:WALL-OUTER
G1 F1500 E3695.21989
G1 F1200 X110.25 Y194.01 E3695.23028
G1 X110.25 Y124.732 E3698.11053
G1 F1197.6 X110.251 Y55.454 E3700.99653
G1 F1330.4 X110.363 Y55.119 E3701.00978
G1 F1500 X110.396 Y54.97 E3701.01486
G1 X110.726 Y54.578 E3701.0319
G1 X111.067 Y54.38 E3701.04501
G1 X111.342 Y54.303 E3701.05451
G1 X123.916 Y54.3 E3701.47273
G1 X124.8 Y53.416 E3701.51431
G1 X124.8 Y15.584 E3702.7726
G1 X123.916 Y14.7 E3702.81418
G1 X96.084 Y14.7 E3703.73988
G1 X95.2 Y15.584 E3703.78146
G1 X95.2 Y53.416 E3705.03976
G1 X96.084 Y54.3 E3705.08134
G1 X108.659 Y54.303 E3705.49958
G1 X109.099 Y54.455 E3705.51507
G1 X109.424 Y54.728 E3705.52919
G1 X109.628 Y55.087 E3705.54292
G1 F1330.4 X109.749 Y55.454 E3705.55741
G1 F1197.6 X109.749 Y124.732 E3708.44342
G1 F1200 X109.75 Y194.01 E3711.32366
G1 X109.75 Y194.26 E3711.33405
G1 X110.25 Y194.26 E3711.35484
G1 F1500 E3704.85484
G0 F9000 X110.03 Y194.04
G0 X110.063 Y55.41
G0 X110.139 Y55.021
G0 X110.261 Y54.762
G0 X110.071 Y54.426
G0 X111.446 Y53.6
G0 X111.446 Y53.82
;TYPE:FILL
G1 F1500 E3711.35484
G1 F3000 X95.679 Y38.052 E3712.0965
G1 X95.68 Y37.999
G1 X124.319 Y30.326 E3713.08263
G0 F9000 X124.1 Y30.326
G0 X124.1 Y32.751
G0 X124.319 Y32.751
G1 F3000 X106.747 Y15.18 E3713.90914
G0 F9000 X106.747 Y15.4
G0 X105.643 Y15.4
G0 X105.643 Y15.179
G1 F3000 X95.679 Y52.366 E3715.18961
G0 F9000 X95.9 Y52.366
G0 X95.9 Y50.423
G0 X95.679 Y50.423
G1 F3000 X124.319 Y42.749 E3716.17578
G0 F9000 X124.1 Y42.749
G0 X124.1 Y41.237
G0 X124.319 Y41.237
G1 F3000 X98.262 Y15.18 E3717.40143
G0 F9000 X98.262 Y15.4
G0 X99.432 Y15.4
G0 X99.432 Y15.179
G1 F3000 X95.679 Y29.185 E3717.8837
G0 F9000 X95.679 Y29.567
G1 F3000 X119.931 Y53.82 E3719.02446
G0 F9000 X120.137 Y53.819
G1 F3000 X124.319 Y38.211 E3719.5619
G0 F9000 X124.1 Y38.211
G0 X124.1 Y36.537
G0 X124.318 Y36.537
G1 F3000 X95.68 Y44.211 E3720.54801
G0 F9000 X95.9 Y44.211
G0 X95.9 Y46.538
G0 X95.679 Y46.538
G1 F3000 X102.96 Y53.819 E3720.89048
G0 F9000 X102.96 Y53.6
G0 X101.502 Y53.6
G0 X101.502 Y53.819
G1 F3000 X111.855 Y15.179 E3722.22099
G0 F9000 X111.3 Y15.179
G1 F3000 X95.679 Y19.365 E3722.75887
G0 F9000 X95.9 Y19.365
G0 X95.9 Y21.082
G0 X95.679 Y21.082
G1 F3000 X124.319 Y49.722 E3724.10601
G0 F9000 X124.319 Y48.961
G1 F3000 X106.185 Y53.819 E3724.73042
G0 F9000 X106.185 Y53.6
G0 X107.713 Y53.6
G0 X107.713 Y53.819
G1 F3000 X118.067 Y15.18 E3726.0609
G0 F9000 X118.067 Y15.4
G0 X115.232 Y15.4
G0 X115.232 Y15.18
G1 F3000 X124.319 Y24.266 E3726.4883
G1 X124.318 Y24.114
G1 X95.679 Y31.788 E3727.47444
G0 F9000 X95.9 Y31.788
G0 X95.9 Y25.576
G0 X95.679 Y25.576
G1 F3000 X124.318 Y17.902 E3728.46058
G0 F9000 X124.1 Y17.902
G0 X124.005 Y15.777
G0 X124.159 Y15.624
G1 F3000 X113.925 Y53.819 E3729.77576
G0 F9000 X113.925 Y53.3
G1 F1500 E3723.27576
G0 F9000 X110.989 Y54.151
G0 X110.571 Y54.393
G0 X110.261 Y54.762
G0 X110.139 Y55.021
G0 X110.086 Y194.096
G0 X111.153 Y194.628
G0 X113.353 Y194.628
G0 X113.353 Y200.554
G0 X111.155 Y200.746
G0 X110.25 Y205.25
;TYPE:WALL-OUTER
G1 F1500 E3729.77576
G1 F1200 X109.75 Y205.25 E3729.79655
G1 X109.75 Y200.742 E3729.98397
G1 X110.25 Y200.742 E3730.00476
G1 X110.25 Y205.25 E3730.19218
G1 F1500 E3723.69218
;MESH:NONMESH
G0 F300 X110.25 Y205.25 Z15.4
G0 F9000 X110.03 Y205.03
G0 X110.086 Y200.905
G0 X111.155 Y200.746
G0 X113.353 Y200.554
G0 X113.365 Y196
G0 X112.499 Y196
;TIME_ELAPSED:4773.926136
;LAYER:76
;TYPE:SUPPORT
G1 F1500 E3730.19218
G1 X112.499 Y199.713 E3730.31567
G1 X112.18 Y199.721 E3730.32629
G1 X111.821 Y199.758 E3730.33829
G1 X111.499 Y199.816 E3730.34917
G1 X111.499 Y199.474 E3730.36055
G1 X108.499 Y199.477 E3730.46033
G1 X108.499 Y199.795 E3730.47091
G1 X107.866 Y199.712 E3730.49214
G1 X107.499 Y199.712 E3730.50435
G1 X107.499 Y196 E3730.62781
G1 X107.499 Y195.482 E3730.64504
G1 X108.499 Y195.482 E3730.6783
G1 X108.499 Y195.521 E3730.67959
G1 X109.351 Y195.52 E3730.70793
G1 X109.885 Y195.567 E3730.72576
G1 X110.699 Y195.547 E3730.75284
G1 X110.699 Y195.519 E3730.75377
G1 X111.499 Y195.518 E3730.78038
G1 X111.499 Y195.481 E3730.78161
G1 X112.499 Y195.481 E3730.81487
G1 X112.499 Y196 E3730.83214
G1 X107.499 Y196 E3730.99844
G1 F1500 E3724.49844
;MESH:Viga_Rectangular.stl
G0 F9000 X106.635 Y196
G0 X106.647 Y194.629
G0 X108.835 Y194.107
G0 X109.914 Y194.106
G0 X110.002 Y54.419
G0 X110.005 Y54.939
;TYPE:WALL-INNER
G1 F1500 E3730.99844
G1 X110.114 Y54.685 E3731.00947
G1 X110.461 Y54.271 E3731.03103
G1 X110.929 Y53.998 E3731.05265
G1 X111.305 Y53.9 E3731.06816
G1 X123.75 Y53.9 E3731.56487
G1 X124.4 Y53.25 E3731.60156
G1 X124.4 Y15.75 E3733.09826
G1 X123.75 Y15.1 E3733.13495
G1 X96.25 Y15.1 E3734.23254
G1 X95.6 Y15.75 E3734.26922
G1 X95.6 Y53.25 E3735.76593
G1 X96.25 Y53.9 E3735.80262
G1 X108.707 Y53.9 E3736.29981
G1 X109.299 Y54.101 E3736.32476
G1 X109.734 Y54.465 E3736.3474
G1 X110.005 Y54.939 E3736.36919
G1 F1500 E3729.86919
G0 F9000 X110.002 Y54.419
G0 X110.03 Y194.049
G0 X110.25 Y194.269
;TYPE:WALL-OUTER
G1 F1500 E3736.36919
G1 F1200 X110.25 Y194.019 E3736.37958
G1 X110.25 Y124.736 E3739.26003
G1 F1197.6 X110.251 Y55.453 E3742.14625
G1 F1260.5 X110.423 Y54.939 E3742.1677
G1 F1411.8 X110.726 Y54.578 E3742.18436
G1 F1500 X111.067 Y54.38 E3742.19747
G1 X111.342 Y54.303 E3742.20697
G1 X123.916 Y54.3 E3742.62518
G1 X124.8 Y53.416 E3742.66676
G1 X124.8 Y15.584 E3743.92506
G1 X123.916 Y14.7 E3743.96664
G1 X96.084 Y14.7 E3744.89234
G1 X95.2 Y15.584 E3744.93392
G1 X95.2 Y53.416 E3746.19222
G1 X96.084 Y54.3 E3746.2338
G1 X108.659 Y54.303 E3746.65204
G1 X109.099 Y54.455 E3746.66753
G1 X109.423 Y54.726 E3746.68157
G1 X109.621 Y55.071 E3746.6948
G1 F1330.4 X109.749 Y55.454 E3746.70995
G1 F1197.6 X109.749 Y124.737 E3749.59616
G1 F1200 X109.75 Y194.02 E3752.47661
G1 X109.75 Y194.269 E3752.48697
G1 X110.25 Y194.269 E3752.50775
G1 F1500 E3746.00775
G0 F9000 X110.03 Y194.049
G0 X110.063 Y55.412
G0 X110.139 Y55.021
G0 X110.261 Y54.762
G0 X110.235 Y54.231
G0 X111.645 Y53.6
G0 X111.645 Y53.82
;TYPE:FILL
G1 F1500 E3752.50775
G1 F3000 X95.679 Y37.853 E3753.25877
G0 F9000 X95.68 Y38.145
G1 F3000 X124.318 Y30.472 E3754.24487
G0 F9000 X124.1 Y30.472
G0 X124.1 Y32.552
G0 X124.319 Y32.552
G1 F3000 X106.947 Y15.18 E3755.06199
G0 F9000 X106.947 Y15.4
G0 X105.497 Y15.4
G0 X105.497 Y15.18
G1 F3000 X95.68 Y51.82 E3756.32363
G0 F9000 X95.9 Y51.82
G0 X95.9 Y50.569
G0 X95.68 Y50.569
G1 F3000 X124.319 Y42.895 E3757.30977
G0 F9000 X124.1 Y42.895
G0 X124.1 Y41.037
G0 X124.319 Y41.037
G1 F3000 X98.461 Y15.18 E3758.52603
G0 F9000 X99.286 Y15.179
G1 F3000 X95.679 Y28.64 E3758.98954
G0 F9000 X95.679 Y29.368
G1 F3000 X120.131 Y53.82 E3760.13968
G1 X119.99 Y53.819
G1 X124.319 Y37.666 E3760.69589
G0 F9000 X124.318 Y36.683
G1 F3000 X95.679 Y44.357 E3761.68204
G0 F9000 X95.9 Y44.357
G0 X95.9 Y46.338
G0 X95.679 Y46.338
G1 F3000 X103.159 Y53.819 E3762.03389
G0 F9000 X103.159 Y53.6
G0 X101.356 Y53.6
G0 X101.356 Y53.819
G1 F3000 X111.709 Y15.179 E3763.3644
G1 X111.844 Y15.179
G1 X95.68 Y19.511 E3763.92099
G0 F9000 X95.9 Y19.511
G0 X95.9 Y20.882
G0 X95.679 Y20.882
G1 F3000 X124.319 Y49.522 E3765.26812
G0 F9000 X124.318 Y49.107
G1 F3000 X106.731 Y53.819 E3765.8737
G0 F9000 X107.567 Y53.819
G1 F3000 X117.921 Y15.179 E3767.20421
G0 F9000 X117.921 Y15.4
G0 X115.432 Y15.4
G0 X115.432 Y15.18
G1 F3000 X124.319 Y24.067 E3767.62223
G1 X124.318 Y24.26
G1 X95.679 Y31.934 E3768.60837
G0 F9000 X95.9 Y31.934
G0 X95.9 Y25.722
G0 X95.679 Y25.722
G1 F3000 X124.318 Y18.049 E3769.5945
G0 F9000 X124.1 Y18.049
G0 X123.89 Y15.662
G0 X124.044 Y15.509
G1 F3000 X113.779 Y53.82 E3770.91368
G0 F9000 X113.779 Y53.3
G1 F1500 E3764.41368
G0 F9000 X110.989 Y54.151
G0 X110.571 Y54.393
G0 X110.261 Y54.762
G0 X110.139 Y55.021
G0 X110.086 Y194.105
G0 X111.153 Y194.628
G0 X113.353 Y194.628
G0 X113.353 Y200.554
G0 X111.155 Y200.747
G0 X110.25 Y205.25
;TYPE:WALL-OUTER
G1 F1500 E3770.91368
G1 F1200 X109.75 Y205.25 E3770.93447
G1 X109.75 Y200.726 E3771.12255
G1 X110.25 Y200.726 E3771.14334
G1 X110.25 Y205.25 E3771.33143
G1 F1500 E3764.83143
;MESH:NONMESH
G0 F300 X110.25 Y205.25 Z15.6
G0 F9000 X110.03 Y205.03
G0 X109.914 Y200.89
G0 X108 Y199.729
;TIME_ELAPSED:4824.742245
;LAYER:77
;TYPE:SUPPORT
G1 F1500 E3771.33143
G1 X108 Y195.482 E3771.47268
G1 X107.5 Y195.482 E3771.48931
G1 X107.5 Y199.712 E3771.63
G1 X107.867 Y199.712 E3771.64221
G1 X108.5 Y199.795 E3771.66344
G1 X108.5 Y199.458 E3771.67465
G1 X111.5 Y199.455 E3771.77443
G1 X111.5 Y199.814 E3771.78637
G1 X111.873 Y199.75 E3771.79896
G1 X112.207 Y199.717 E3771.81012
G1 X112.5 Y199.713 E3771.81987
G1 X112.5 Y195.481 E3771.96063
G1 X112 Y195.481 E3771.97726
G1 X112 Y199.738 E3772.11884
G1 F1500 E3765.61884
;MESH:Viga_Rectangular.stl
G0 F9000 X111.986 Y200.607
G0 X113.353 Y200.554
G0 X113.353 Y194.628
G0 X111.153 Y194.628
G0 X110.086 Y194.138
G0 X110.002 Y54.419
G0 X110.005 Y54.942
;TYPE:WALL-INNER
G1 F1500 E3772.11884
G1 X110.115 Y54.684 E3772.13004
G1 X110.461 Y54.271 E3772.15154
G1 X110.929 Y53.998 E3772.17317
G1 X111.305 Y53.9 E3772.18867
G1 X123.75 Y53.9 E3772.68538
G1 X124.4 Y53.25 E3772.72207
G1 X124.4 Y15.75 E3774.21878
G1 X123.75 Y15.1 E3774.25547
G1 X96.25 Y15.1 E3775.35305
G1 X95.6 Y15.75 E3775.38974
G1 X95.6 Y53.25 E3776.88644
G1 X96.25 Y53.9 E3776.92313
G1 X108.707 Y53.9 E3777.42032
G1 X109.299 Y54.101 E3777.44527
G1 X109.734 Y54.465 E3777.46791
G1 X110.005 Y54.942 E3777.48981
G1 F1500 E3770.98981
G0 F9000 X110.002 Y54.419
G0 X110.03 Y194.082
G0 X110.25 Y194.302
;TYPE:WALL-OUTER
G1 F1500 E3777.48981
G1 F1200 X110.25 Y194.052 E3777.5002
G1 X110.25 Y124.753 E3780.38132
G1 F1197.6 X110.251 Y55.454 E3783.2682
G1 F1260.5 X110.422 Y54.939 E3783.28968
G1 F1411.8 X110.726 Y54.578 E3783.30635
G1 F1500 X111.067 Y54.38 E3783.31947
G1 X111.342 Y54.303 E3783.32897
G1 X123.916 Y54.3 E3783.74718
G1 X124.8 Y53.416 E3783.78876
G1 X124.8 Y15.584 E3785.04706
G1 X123.916 Y14.7 E3785.08864
G1 X96.084 Y14.7 E3786.01433
G1 X95.2 Y15.584 E3786.05592
G1 X95.2 Y53.416 E3787.31421
G1 X96.084 Y54.3 E3787.35579
G1 X108.659 Y54.303 E3787.77404
G1 X109.099 Y54.455 E3787.78952
G1 X109.423 Y54.727 E3787.80359
G1 X109.62 Y55.071 E3787.81678
G1 F1330.4 X109.749 Y55.455 E3787.83197
G1 F1197.6 X109.749 Y124.754 E3790.71885
G1 F1200 X109.75 Y194.053 E3793.59997
G1 X109.75 Y194.302 E3793.61032
G1 X110.25 Y194.302 E3793.63111
G1 F1500 E3787.13111
G0 F9000 X110.03 Y194.082
G0 X110.063 Y55.413
G0 X110.139 Y55.021
G0 X110.261 Y54.762
G0 X110.235 Y54.231
G0 X111.845 Y53.6
G0 X111.845 Y53.82
;TYPE:FILL
G1 F1500 E3793.63111
G1 F3000 X95.679 Y37.654 E3794.39151
G0 F9000 X95.679 Y38.291
G1 F3000 X124.318 Y30.618 E3795.37764
G0 F9000 X124.1 Y30.618
G0 X124.1 Y32.352
G0 X124.319 Y32.352
G1 F3000 X107.146 Y15.18 E3796.18538
G0 F9000 X107.146 Y15.4
G0 X105.352 Y15.4
G0 X105.352 Y15.179
G1 F3000 X95.68 Y51.275 E3797.42829
G0 F9000 X95.68 Y50.715
G1 F3000 X124.319 Y43.041 E3798.41443
G0 F9000 X124.1 Y43.041
G0 X124.1 Y40.838
G0 X124.319 Y40.838
G1 F3000 X98.661 Y15.18 E3799.6213
G0 F9000 X99.14 Y15.179
G1 F3000 X95.679 Y28.096 E3800.06608
G0 F9000 X95.9 Y28.096
G0 X95.9 Y29.168
G0 X95.679 Y29.168
G1 F3000 X120.33 Y53.82 E3801.22561
G0 F9000 X119.844 Y53.82
G1 F3000 X124.319 Y37.122 E3801.80059
G0 F9000 X124.319 Y36.829
G1 F3000 X95.679 Y44.503 E3802.78676
G0 F9000 X95.9 Y44.503
G0 X95.9 Y46.139
G0 X95.679 Y46.139
G1 F3000 X103.359 Y53.819 E3803.148
G0 F9000 X103.359 Y53.6
G0 X101.21 Y53.6
G0 X101.21 Y53.819
G1 F3000 X111.563 Y15.18 E3804.47847
G0 F9000 X112.389 Y15.179
G1 F3000 X95.679 Y19.657 E3805.05386
G0 F9000 X95.9 Y19.657
G0 X95.9 Y20.683
G0 X95.679 Y20.683
G1 F3000 X124.319 Y49.323 E3806.401
G1 X124.318 Y49.253
G1 X107.275 Y53.819 E3806.98784
G1 X107.421 Y53.819
G1 X117.775 Y15.179 E3808.31835
G0 F9000 X117.775 Y15.4
G0 X115.631 Y15.4
G0 X115.631 Y15.18
G1 F3000 X124.319 Y23.867 E3808.72699
G0 F9000 X124.318 Y24.406
G1 F3000 X95.68 Y32.08 E3809.71309
G0 F9000 X95.9 Y32.08
G0 X95.9 Y25.868
G0 X95.679 Y25.868
G1 F3000 X124.318 Y18.195 E3810.69923
G0 F9000 X124.1 Y18.195
G0 X123.775 Y15.547
G0 X123.929 Y15.393
G1 F3000 X113.633 Y53.819 E3812.02236
G0 F9000 X113.633 Y53.3
G1 F1500 E3805.52236
G0 F9000 X110.989 Y54.151
G0 X110.571 Y54.393
G0 X110.261 Y54.762
G0 X110.139 Y55.021
G0 X110.086 Y194.138
G0 X111.153 Y194.628
G0 X113.353 Y194.628
G0 X113.353 Y200.554
G0 X111.155 Y200.74
G0 X110.25 Y205.25
;TYPE:WALL-OUTER
G1 F1500 E3812.02236
G1 F1200 X109.75 Y205.25 E3812.04315
G1 X109.75 Y200.707 E3812.23203
G1 X110.25 Y200.707 E3812.25281
G1 X110.25 Y205.25 E3812.44169
G1 F1500 E3805.94169
;MESH:NONMESH
G0 F300 X110.25 Y205.25 Z15.8
G0 F9000 X110.03 Y205.03
G0 X109.914 Y200.871
G0 X108.845 Y200.702
G0 X106.647 Y200.565
G0 X106.635 Y196
G0 X107.499 Y196
;TIME_ELAPSED:4875.925838
;LAYER:78
;TYPE:SUPPORT
G1 F1500 E3812.44169
G1 X107.499 Y195.482 E3812.45892
G1 X108.499 Y195.482 E3812.49218
G1 X108.499 Y195.586 E3812.49564
G1 X111.499 Y195.583 E3812.59542
G1 X111.499 Y195.481 E3812.59881
G1 X112.499 Y195.481 E3812.63207
G1 X112.499 Y196 E3812.64933
G1 X112.499 Y199.713 E3812.77283
G1 X112.204 Y199.717 E3812.78264
G1 X111.796 Y199.758 E3812.79628
G1 X111.499 Y199.811 E3812.80631
G1 X111.499 Y199.406 E3812.81978
G1 X108.499 Y199.409 E3812.91957
G1 X108.499 Y199.795 E3812.9324
G1 X107.866 Y199.712 E3812.95364
G1 X107.499 Y199.712 E3812.96584
G1 X107.499 Y196 E3813.08931
G1 X112.499 Y196 E3813.25561
G1 F1500 E3806.75561
;MESH:Viga_Rectangular.stl
G0 F9000 X113.365 Y196
G0 X113.353 Y194.628
G0 X111.165 Y194.17
G0 X110.086 Y194.17
G0 X110.002 Y54.419
G0 X110.014 Y54.95
;TYPE:WALL-INNER
G1 F1500 E3813.25561
G1 X110.173 Y54.615 E3813.27041
G1 X110.461 Y54.271 E3813.28831
G1 X110.929 Y53.998 E3813.30994
G1 X111.305 Y53.9 E3813.32545
G1 X123.75 Y53.9 E3813.82215
G1 X124.4 Y53.25 E3813.85884
G1 X124.4 Y15.75 E3815.35555
G1 X123.75 Y15.1 E3815.39224
G1 X96.25 Y15.1 E3816.48982
G1 X95.6 Y15.75 E3816.52651
G1 X95.6 Y53.25 E3818.02322
G1 X96.25 Y53.9 E3818.0599
G1 X108.707 Y53.9 E3818.55709
G1 X109.299 Y54.101 E3818.58204
G1 X109.733 Y54.464 E3818.60463
G1 X110.014 Y54.95 E3818.62703
G1 F1500 E3812.12703
G0 F9000 X110.002 Y54.419
G0 X110.03 Y194.114
G0 X110.25 Y194.334
;TYPE:WALL-OUTER
G1 F1500 E3818.62703
G1 F1200 X110.25 Y166.54 E3819.78257
G1 F1197.6 X110.249 Y138.746 E3820.94042
G1 F1192.8 X110.249 Y110.952 E3822.1029
G1 F1190.5 X110.248 Y83.158 E3823.26768
G1 F1188.1 X110.248 Y55.364 E3824.43478
G1 F1287.6 X110.349 Y55.164 E3824.44346
G1 F1452.8 X110.479 Y54.872 E3824.45443
G1 F1500 X110.726 Y54.578 E3824.46721
G1 X111.067 Y54.38 E3824.48032
G1 X111.342 Y54.303 E3824.48982
G1 X123.916 Y54.3 E3824.90803
G1 X124.8 Y53.416 E3824.94961
G1 X124.8 Y15.584 E3826.20791
G1 X123.916 Y14.7 E3826.24949
G1 X96.084 Y14.7 E3827.17519
G1 X95.2 Y15.584 E3827.21677
G1 X95.2 Y53.416 E3828.47507
G1 X96.084 Y54.3 E3828.51665
G1 X108.659 Y54.303 E3828.93489
G1 X109.099 Y54.455 E3828.95038
G1 F1477.8 X109.421 Y54.725 E3828.96456
G1 F1432 X109.649 Y55.117 E3828.98036
G1 F1287.6 X109.747 Y55.393 E3828.99171
G1 F1188.1 X109.747 Y83.131 E3830.15645
G1 F1190.5 X109.748 Y110.869 E3831.31889
G1 F1192.8 X109.748 Y138.607 E3832.47902
G1 F1197.6 X109.749 Y166.345 E3833.63454
G1 F1200 X109.749 Y194.083 E3834.78775
G1 X109.75 Y194.334 E3834.79819
G1 X110.25 Y194.334 E3834.81898
G1 F1500 E3828.31898
G0 F9000 X110.03 Y194.114
G0 X110.061 Y55.308
G0 X110.247 Y54.78
G0 X110.538 Y54.432
G0 X112.046 Y53.6
G0 X112.046 Y53.82
;TYPE:FILL
G1 F1500 E3834.81898
G1 F3000 X95.679 Y37.453 E3835.58883
G0 F9000 X95.679 Y38.438
G1 F3000 X124.318 Y30.765 E3836.57496
G0 F9000 X124.1 Y30.765
G0 X124.1 Y32.152
G0 X124.319 Y32.152
G1 F3000 X107.347 Y15.18 E3837.37327
G0 F9000 X107.347 Y15.4
G0 X105.205 Y15.4
G0 X105.205 Y15.179
G1 F3000 X95.68 Y50.727 E3838.59731
G1 X95.68 Y50.862
G1 X124.319 Y43.188 E3839.58345
G0 F9000 X124.1 Y43.188
G0 X124.1 Y40.637
G0 X124.319 Y40.637
G1 F3000 X98.862 Y15.18 E3840.78087
G1 X98.993 Y15.179
G1 X95.679 Y27.547 E3841.20674
G0 F9000 X95.9 Y27.547
G0 X95.9 Y28.968
G0 X95.679 Y28.968
G1 F3000 X120.531 Y53.82 E3842.37571
G0 F9000 X119.697 Y53.819
G1 F3000 X124.319 Y36.573 E3842.96955
G0 F9000 X124.318 Y36.976
G1 F3000 X95.679 Y44.65 E3843.95569
G0 F9000 X95.9 Y44.65
G0 X95.9 Y45.938
G0 X95.679 Y45.938
G1 F3000 X103.56 Y53.819 E3844.32639
G0 F9000 X103.56 Y53.6
G0 X101.063 Y53.6
G0 X101.063 Y53.819
G1 F3000 X111.416 Y15.179 E3845.65689
G0 F9000 X111.416 Y15.4
G0 X112.938 Y15.4
G0 X112.938 Y15.179
G1 F3000 X95.679 Y19.804 E3846.25118
G0 F9000 X95.679 Y20.482
G1 F3000 X124.319 Y49.122 E3847.59832
G0 F9000 X124.318 Y49.4
G1 F3000 X107.824 Y53.819 E3848.16626
G0 F9000 X107.274 Y53.819
G1 F3000 X117.628 Y15.179 E3849.49677
G0 F9000 X117.628 Y15.4
G0 X115.832 Y15.4
G0 X115.832 Y15.18
G1 F3000 X124.319 Y23.666 E3849.89595
G0 F9000 X124.318 Y24.553
G1 F3000 X95.68 Y32.227 E3850.88206
G0 F9000 X95.9 Y32.227
G0 X95.9 Y26.015
G0 X95.679 Y26.015
G1 F3000 X124.318 Y18.342 E3851.86819
G0 F9000 X124.1 Y18.342
G0 X123.659 Y15.431
G0 X123.813 Y15.277
G1 F3000 X113.486 Y53.819 E3853.19532
G0 F9000 X113.486 Y53.3
G1 F1500 E3846.69532
G0 F9000 X110.989 Y54.151
G0 X110.571 Y54.393
G0 X110.247 Y54.78
G0 X110.097 Y55.207
G0 X110.086 Y194.17
G0 X111.153 Y194.628
G0 X113.353 Y194.628
G0 X113.353 Y200.554
G0 X111.155 Y200.741
G0 X110.25 Y205.25
;TYPE:WALL-OUTER
G1 F1500 E3853.19532
G1 F1200 X109.75 Y205.25 E3853.21611
G1 X109.75 Y200.658 E3853.40702
G1 X110.25 Y200.658 E3853.42781
G1 X110.25 Y205.25 E3853.61873
G1 F1500 E3847.11873
;MESH:NONMESH
G0 F300 X110.25 Y205.25 Z16
G0 F9000 X110.03 Y205.03
G0 X109.914 Y200.822
G0 X108 Y199.729
;TIME_ELAPSED:4926.793463
;LAYER:79
;TYPE:SUPPORT
G1 F1500 E3853.61873
G1 X107.867 Y199.712 E3853.62319
G1 X107.5 Y199.712 E3853.63539
G1 X107.5 Y195.482 E3853.77608
G1 X108 Y195.482 E3853.79271
G1 X108 Y199.729 E3853.93397
G1 X108.5 Y199.795 E3853.95074
G1 X108.5 Y199.36 E3853.96521
G1 X111.5 Y199.357 E3854.06499
G1 X111.5 Y199.793 E3854.07949
G1 X112.149 Y199.718 E3854.10122
G1 X112.5 Y199.713 E3854.1129
G1 X112.5 Y195.481 E3854.25365
G1 X112 Y195.481 E3854.27028
G1 X112 Y199.736 E3854.41181
G1 F1500 E3847.91181
;MESH:Viga_Rectangular.stl
G0 F9000 X112.099 Y200.593
G0 X113.353 Y200.554
G0 X113.353 Y194.628
G0 X111.153 Y194.628
G0 X110.086 Y194.234
G0 X110.002 Y54.419
G0 X109.998 Y54.919
;TYPE:WALL-INNER
G1 F1500 E3854.41181
G1 X110.119 Y54.678 E3854.42257
G1 X110.461 Y54.271 E3854.44379
G1 X110.929 Y53.998 E3854.46541
G1 X111.305 Y53.9 E3854.48092
G1 X123.75 Y53.9 E3854.97763
G1 X124.4 Y53.25 E3855.01432
G1 X124.4 Y15.75 E3856.51102
G1 X123.75 Y15.1 E3856.54771
G1 X96.25 Y15.1 E3857.64529
G1 X95.6 Y15.75 E3857.68198
G1 X95.6 Y53.25 E3859.17869
G1 X96.25 Y53.9 E3859.21538
G1 X108.707 Y53.9 E3859.71256
G1 X109.299 Y54.101 E3859.73752
G1 X109.735 Y54.466 E3859.76021
G1 X109.998 Y54.919 E3859.78112
G1 F1500 E3853.28112
G0 F9000 X110.002 Y54.419
G0 X109.97 Y194.179
G0 X109.75 Y194.398
;TYPE:WALL-OUTER
G1 F1500 E3859.78112
G1 F1200 X110.25 Y194.398 E3859.80191
G1 X110.25 Y148.072 E3861.72792
G1 F1197.6 X110.251 Y101.746 E3863.65778
G1 F1195.2 X110.252 Y55.42 E3865.5915
G1 F1330.4 X110.401 Y54.965 E3865.60945
G1 F1500 X110.726 Y54.578 E3865.62626
G1 X111.067 Y54.38 E3865.63937
G1 X111.342 Y54.303 E3865.64887
G1 X123.916 Y54.3 E3866.06708
G1 X124.8 Y53.416 E3866.10867
G1 X124.8 Y15.584 E3867.36696
G1 X123.916 Y14.7 E3867.40854
G1 X96.084 Y14.7 E3868.33424
G1 X95.2 Y15.584 E3868.37582
G1 X95.2 Y53.416 E3869.63412
G1 X96.084 Y54.3 E3869.6757
G1 X108.659 Y54.303 E3870.09394
G1 X109.099 Y54.455 E3870.10943
G1 X109.423 Y54.727 E3870.1235
G1 X109.614 Y55.055 E3870.13612
G1 F1330.4 X109.751 Y55.382 E3870.14942
G1 F1195.2 X109.751 Y101.637 E3872.08017
G1 F1197.6 X109.751 Y147.892 E3874.00707
G1 F1200 X109.751 Y194.147 E3875.93013
G1 X109.75 Y194.398 E3875.94057
G1 F1500 E3869.44057
G0 F9000 X109.97 Y194.179
G0 X109.939 Y55.324
G0 X109.849 Y54.989
G0 X109.967 Y54.471
G0 X108.369 Y53.6
G0 X108.369 Y53.819
;TYPE:FILL
G1 F1500 E3875.94057
G1 F3000 X124.319 Y49.545 E3876.48978
G0 F9000 X124.319 Y48.923
G1 F3000 X95.679 Y20.283 E3877.83692
G0 F9000 X95.679 Y19.95
G1 F3000 X113.482 Y15.179 E3878.44995
G0 F9000 X113.482 Y15.4
G0 X111.27 Y15.4
G0 X111.27 Y15.18
G1 F3000 X100.916 Y53.82 E3879.78046
G0 F9000 X100.916 Y53.6
G0 X103.759 Y53.6
G0 X103.759 Y53.819
G1 F3000 X95.679 Y45.739 E3880.16052
G0 F9000 X95.68 Y44.796
G1 F3000 X124.319 Y37.122 E3881.14666
G0 F9000 X124.1 Y37.122
G0 X124.1 Y36.027
G0 X124.319 Y36.027
G1 F3000 X119.551 Y53.82 E3881.75933
G0 F9000 X119.551 Y53.6
G0 X120.73 Y53.6
G0 X120.73 Y53.82
G1 F3000 X95.679 Y28.768 E3882.93768
G0 F9000 X95.9 Y28.768
G0 X95.9 Y27.002
G0 X95.679 Y27.002
G1 F3000 X98.847 Y15.179 E3883.34479
G0 F9000 X99.061 Y15.18
G1 F3000 X124.319 Y40.438 E3884.53285
G0 F9000 X124.1 Y40.438
G0 X124.1 Y43.334
G0 X124.318 Y43.334
G1 F3000 X95.68 Y51.008 E3885.51895
G0 F9000 X95.679 Y50.182
G1 F3000 X105.059 Y15.179 E3886.72424
G0 F9000 X105.059 Y15.4
G0 X107.546 Y15.4
G0 X107.546 Y15.18
G1 F3000 X124.319 Y31.952 E3887.51316
G0 F9000 X124.1 Y31.952
G0 X124.1 Y30.911
G0 X124.318 Y30.911
G1 F3000 X95.679 Y38.585 E3888.4993
G0 F9000 X95.9 Y38.585
G0 X95.9 Y37.253
G0 X95.679 Y37.253
G1 F3000 X112.245 Y53.82 E3889.27854
G0 F9000 X112.245 Y53.6
G0 X113.34 Y53.6
G0 X113.34 Y53.819
G1 F3000 X123.694 Y15.179 E3890.60905
G0 F9000 X123.63 Y15.392
G0 X124.1 Y18.488
G0 X124.318 Y18.488
G1 F3000 X95.679 Y26.161 E3891.59518
G0 F9000 X95.9 Y26.161
G0 X95.9 Y32.373
G0 X95.68 Y32.373
G1 F3000 X124.318 Y24.699 E3892.58129
G0 F9000 X124.1 Y24.699
G0 X124.1 Y23.467
G0 X124.319 Y23.467
G1 F3000 X116.031 Y15.18 E3892.97111
G0 F9000 X116.031 Y15.4
G0 X117.482 Y15.4
G0 X117.482 Y15.179
G1 F3000 X107.128 Y53.819 E3894.30162
G0 F9000 X107.128 Y53.3
G1 F1500 E3887.80162
G0 F9000 X109.22 Y54.247
G0 X109.607 Y54.571
G0 X109.849 Y54.989
G0 X109.921 Y55.259
G0 X109.914 Y194.235
G0 X108.847 Y194.629
G0 X106.647 Y194.629
G0 X106.647 Y200.565
G0 X108.845 Y200.702
G0 X110.25 Y205.25
;TYPE:WALL-OUTER
G1 F1500 E3894.30162
G1 F1200 X109.75 Y205.25 E3894.32241
G1 X109.75 Y200.609 E3894.51536
G1 X110.25 Y200.609 E3894.53615
G1 X110.25 Y205.25 E3894.7291
G1 F1500 E3888.2291
;MESH:NONMESH
G0 F300 X110.25 Y205.25 Z16.2
G0 F9000 X110.03 Y205.03
G0 X110.086 Y200.772
G0 X111.155 Y200.749
G0 X113.353 Y200.554
G0 X113.365 Y196
G0 X112.499 Y196
;TIME_ELAPSED:4978.389212
;LAYER:80
;TYPE:SUPPORT
G1 F1500 E3894.7291
G1 X112.499 Y199.711 E3894.85253
G1 X112.237 Y199.711 E3894.86124
G1 X111.816 Y199.746 E3894.87529
G1 X111.499 Y199.809 E3894.88604
G1 X111.499 Y199.28 E3894.90364
G1 X108.499 Y199.283 E3895.00342
G1 X108.499 Y199.796 E3895.02048
G1 X107.856 Y199.712 E3895.04205
G1 X107.499 Y199.712 E3895.05392
G1 X107.499 Y196 E3895.17738
G1 X107.499 Y195.482 E3895.19461
G1 X108.499 Y195.482 E3895.22787
G1 X108.499 Y195.716 E3895.23565
G1 X111.499 Y195.713 E3895.33543
G1 X111.499 Y195.481 E3895.34315
G1 X112.499 Y195.481 E3895.37641
G1 X112.499 Y196 E3895.39367
G1 X107.499 Y196 E3895.55997
G1 F1500 E3889.05997
;MESH:Viga_Rectangular.stl
G0 F9000 X106.635 Y196
G0 X106.647 Y194.629
G0 X108.835 Y194.301
G0 X109.914 Y194.301
G0 X110.002 Y54.419
G0 X110.006 Y54.932
;TYPE:WALL-INNER
G1 F1500 E3895.55997
G1 X110.172 Y54.615 E3895.57426
G1 X110.461 Y54.271 E3895.59219
G1 X110.929 Y53.998 E3895.61381
G1 X111.305 Y53.9 E3895.62932
G1 X123.75 Y53.9 E3896.12603
G1 X124.4 Y53.25 E3896.16272
G1 X124.4 Y15.75 E3897.65942
G1 X123.75 Y15.1 E3897.69611
G1 X96.25 Y15.1 E3898.7937
G1 X95.6 Y15.75 E3898.83038
G1 X95.6 Y53.25 E3900.32709
G1 X96.25 Y53.9 E3900.36378
G1 X108.707 Y53.9 E3900.86097
G1 X109.299 Y54.101 E3900.88592
G1 X109.736 Y54.468 E3900.90869
G1 X110.006 Y54.932 E3900.93012
G1 F1500 E3894.43012
G0 F9000 X110.002 Y54.419
G0 X109.97 Y194.245
G0 X109.75 Y194.464
;TYPE:WALL-OUTER
G1 F1500 E3900.93012
G1 F1200 X110.25 Y194.464 E3900.95091
G1 X110.25 Y148.116 E3902.87783
G1 F1197.6 X110.251 Y101.768 E3904.80861
G1 F1195.2 X110.252 Y55.42 E3906.74325
G1 F1307.2 X110.355 Y55.116 E3906.7555
G1 F1470.6 X110.479 Y54.872 E3906.76478
G1 F1500 X110.726 Y54.578 E3906.77756
G1 X111.067 Y54.38 E3906.79067
G1 X111.342 Y54.303 E3906.80017
G1 X123.916 Y54.3 E3907.21838
G1 X124.8 Y53.416 E3907.25996
G1 X124.8 Y15.584 E3908.51826
G1 X123.916 Y14.7 E3908.55984
G1 X96.084 Y14.7 E3909.48554
G1 X95.2 Y15.584 E3909.52712
G1 X95.2 Y53.416 E3910.78541
G1 X96.084 Y54.3 E3910.82699
G1 X108.659 Y54.303 E3911.24524
G1 X109.099 Y54.455 E3911.26072
G1 X109.423 Y54.727 E3911.27479
G1 X109.614 Y55.055 E3911.28742
G1 F1330.4 X109.751 Y55.382 E3911.30071
G1 F1195.2 X109.751 Y101.659 E3913.23238
G1 F1197.6 X109.751 Y147.936 E3915.16021
G1 F1200 X109.751 Y194.213 E3917.08418
G1 X109.75 Y194.464 E3917.09462
G1 F1500 E3910.59462
G0 F9000 X109.97 Y194.245
G0 X109.939 Y55.324
G0 X109.849 Y54.989
G0 X108.888 Y53.642
G0 X108.815 Y53.847
;TYPE:FILL
G1 F1500 E3917.09462
G1 F3000 X124.319 Y49.692 E3917.62848
G0 F9000 X124.319 Y48.722
G1 F3000 X95.679 Y20.082 E3918.97562
G1 X95.679 Y20.097
G1 X114.031 Y15.179 E3919.60754
G0 F9000 X114.031 Y15.4
G0 X116.232 Y15.4
G0 X116.232 Y15.18
G1 F3000 X124.319 Y23.266 E3919.98791
G0 F9000 X124.1 Y23.266
G0 X124.1 Y24.846
G0 X124.318 Y24.846
G1 F3000 X95.68 Y32.52 E3920.97402
G0 F9000 X95.9 Y32.52
G0 X95.9 Y28.567
G0 X95.679 Y28.567
G1 F3000 X120.931 Y53.82 E3922.16182
G0 F9000 X120.931 Y53.6
G0 X119.404 Y53.6
G0 X119.404 Y53.82
G1 F3000 X124.319 Y35.48 E3922.79333
G0 F9000 X124.1 Y35.48
G0 X124.1 Y37.269
G0 X124.319 Y37.269
G1 F3000 X95.68 Y44.943 E3923.77947
G0 F9000 X95.679 Y45.538
G1 F3000 X103.96 Y53.819 E3924.16899
G0 F9000 X103.96 Y53.6
G0 X106.981 Y53.6
G0 X106.981 Y53.819
G1 F3000 X117.335 Y15.179 E3925.4995
G0 F9000 X117.335 Y15.4
G0 X123.547 Y15.4
G0 X123.547 Y15.179
G1 F3000 X113.193 Y53.819 E3926.83001
G0 F9000 X112.446 Y53.82
G1 F3000 X95.679 Y37.053 E3927.61868
G0 F9000 X95.9 Y37.053
G0 X95.9 Y38.732
G0 X95.679 Y38.732
G1 F3000 X124.318 Y31.058 E3928.60482
G0 F9000 X124.319 Y31.751
G1 F3000 X107.747 Y15.18 E3929.38429
G0 F9000 X107.747 Y15.4
G0 X104.912 Y15.4
G0 X104.912 Y15.179
G1 F3000 X95.679 Y49.634 E3930.5707
G0 F9000 X95.9 Y49.634
G0 X95.9 Y51.155
G0 X95.68 Y51.155
G1 F3000 X124.318 Y43.481 E3931.55681
G0 F9000 X124.1 Y43.481
G0 X124.1 Y40.237
G0 X124.319 Y40.237
G1 F3000 X99.262 Y15.18 E3932.73541
G0 F9000 X98.7 Y15.179
G1 F3000 X95.679 Y26.454 E3933.12365
G1 X95.679 Y26.308
G1 X124.318 Y18.635 E3934.10978
G0 F9000 X124.1 Y18.635
G0 X111.123 Y15.4
G0 X111.123 Y15.18
G1 F3000 X100.769 Y53.82 E3935.44029
G0 F9000 X100.769 Y53.3
G1 F1500 E3928.94029
G0 F9000 X108.689 Y54.081
G0 X108.505 Y55.164
G0 X106.647 Y194.629
G0 X106.647 Y200.565
G0 X108.845 Y200.702
G0 X110.25 Y205.25
;TYPE:WALL-OUTER
G1 F1500 E3935.44029
G1 F1200 X109.75 Y205.25 E3935.46108
G1 X109.75 Y200.532 E3935.65723
G1 X110.25 Y200.532 E3935.67802
G1 X110.25 Y205.25 E3935.87417
G1 F1500 E3929.37417
;MESH:NONMESH
G0 F300 X110.25 Y205.25 Z16.4
G0 F9000 X110.03 Y205.03
G0 X109.914 Y200.696
G0 X108 Y199.728
;TIME_ELAPSED:5029.583611
;LAYER:81
;TYPE:SUPPORT
G1 F1500 E3935.87417
G1 X108 Y195.482 E3936.01539
G1 X107.5 Y195.482 E3936.03202
G1 X107.5 Y199.712 E3936.17271
G1 X107.857 Y199.712 E3936.18459
G1 X108.5 Y199.788 E3936.20612
G1 X108.5 Y199.197 E3936.22578
G1 X111.5 Y199.194 E3936.32556
G1 X111.5 Y199.809 E3936.34601
G1 X111.694 Y199.759 E3936.35268
G1 X112.123 Y199.711 E3936.36704
G1 X112.5 Y199.711 E3936.37957
G1 X112.5 Y195.481 E3936.52027
G1 X112 Y195.481 E3936.5369
G1 X112 Y199.725 E3936.67805
G1 F1500 E3930.17805
;MESH:Viga_Rectangular.stl
G0 F9000 X112.097 Y200.583
G0 X113.353 Y200.564
G0 X113.353 Y194.628
G0 X111.153 Y194.628
G0 X110.086 Y194.391
G0 X110.002 Y54.419
G0 X110.006 Y54.932
;TYPE:WALL-INNER
G1 F1500 E3936.67805
G1 X110.172 Y54.615 E3936.69233
G1 X110.461 Y54.271 E3936.71027
G1 X110.929 Y53.998 E3936.73189
G1 X111.305 Y53.9 E3936.7474
G1 X123.75 Y53.9 E3937.2441
G1 X124.4 Y53.25 E3937.28079
G1 X124.4 Y15.75 E3938.7775
G1 X123.75 Y15.1 E3938.81419
G1 X96.25 Y15.1 E3939.91177
G1 X95.6 Y15.75 E3939.94846
G1 X95.6 Y53.25 E3941.44517
G1 X96.25 Y53.9 E3941.48186
G1 X108.707 Y53.9 E3941.97904
G1 X109.299 Y54.101 E3942.004
G1 X109.736 Y54.468 E3942.02677
G1 X110.006 Y54.932 E3942.0482
G1 F1500 E3935.5482
G0 F9000 X110.002 Y54.419
G0 X109.97 Y194.336
G0 X109.75 Y194.555
;TYPE:WALL-OUTER
G1 F1500 E3942.0482
G1 F1200 X110.25 Y194.555 E3942.06899
G1 X110.25 Y148.177 E3943.99716
G1 F1197.6 X110.251 Y101.799 E3945.92919
G1 F1195.2 X110.252 Y55.421 E3947.86507
G1 F1307.2 X110.355 Y55.116 E3947.87736
G1 F1470.6 X110.479 Y54.872 E3947.88665
G1 F1500 X110.726 Y54.578 E3947.89942
G1 X111.067 Y54.38 E3947.91253
G1 X111.342 Y54.303 E3947.92203
G1 X123.916 Y54.3 E3948.34024
G1 X124.8 Y53.416 E3948.38182
G1 X124.8 Y15.584 E3949.64012
G1 X123.916 Y14.7 E3949.6817
G1 X96.084 Y14.7 E3950.6074
G1 X95.2 Y15.584 E3950.64898
G1 X95.2 Y53.416 E3951.90728
G1 X96.084 Y54.3 E3951.94886
G1 X108.659 Y54.303 E3952.3671
G1 X109.099 Y54.455 E3952.38259
G1 X109.423 Y54.727 E3952.39666
G1 X109.614 Y55.055 E3952.40928
G1 F1330.4 X109.752 Y55.382 E3952.42259
G1 F1195.2 X109.752 Y101.69 E3954.35556
G1 F1197.6 X109.751 Y147.998 E3956.28467
G1 F1200 X109.75 Y194.306 E3958.20993
G1 X109.75 Y194.555 E3958.22028
G1 F1500 E3951.72028
G0 F9000 X109.97 Y194.336
G0 X109.939 Y55.324
G0 X109.121 Y53.723
G0 X109.047 Y53.931
;TYPE:FILL
G1 F1500 E3958.22028
G1 F3000 X124.319 Y49.839 E3958.74615
G0 F9000 X124.1 Y49.839
G0 X124.1 Y48.523
G0 X124.319 Y48.523
G1 F3000 X95.679 Y19.883 E3960.09329
G0 F9000 X95.679 Y20.243
G1 F3000 X114.575 Y15.179 E3960.74395
G0 F9000 X114.575 Y15.4
G0 X116.432 Y15.4
G0 X116.432 Y15.18
G1 F3000 X124.319 Y23.067 E3961.11493
G0 F9000 X124.1 Y23.067
G0 X124.1 Y24.992
G0 X124.318 Y24.992
G1 F3000 X95.679 Y32.666 E3962.10107
G0 F9000 X95.9 Y32.666
G0 X95.9 Y36.853
G0 X95.679 Y36.853
G1 F3000 X112.645 Y53.82 E3962.89912
G0 F9000 X113.047 Y53.819
G1 F3000 X123.4 Y15.179 E3964.22962
G0 F9000 X123.4 Y15.4
G0 X124.1 Y18.78
G0 X124.318 Y18.78
G1 F3000 X95.68 Y26.454 E3965.21573
G0 F9000 X95.679 Y25.908
G1 F3000 X98.554 Y15.179 E3965.58517
G0 F9000 X99.461 Y15.18
G1 F3000 X124.319 Y40.037 E3966.75439
G0 F9000 X124.1 Y40.037
G0 X124.1 Y37.415
G0 X124.318 Y37.415
G1 F3000 X95.68 Y45.089 E3967.7405
G0 F9000 X95.679 Y45.338
G1 F3000 X104.159 Y53.819 E3968.1394
G0 F9000 X104.159 Y53.6
G0 X106.835 Y53.6
G0 X106.835 Y53.819
G1 F3000 X117.189 Y15.18 E3969.46988
G0 F9000 X117.189 Y15.4
G0 X110.977 Y15.4
G0 X110.977 Y15.179
G1 F3000 X100.623 Y53.82 E3970.80042
G0 F9000 X100.623 Y53.6
G0 X95.9 Y51.301
G0 X95.679 Y51.301
G1 F3000 X124.318 Y43.627 E3971.78656
G0 F9000 X124.1 Y43.627
G0 X124.1 Y34.934
G0 X124.319 Y34.934
G1 F3000 X119.259 Y53.819 E3972.43683
G0 F9000 X119.259 Y53.6
G0 X121.13 Y53.6
G0 X121.13 Y53.82
G1 F3000 X95.679 Y28.368 E3973.63399
G0 F9000 X95.9 Y28.368
G0 X95.9 Y38.878
G0 X95.679 Y38.878
G1 F3000 X124.318 Y31.204 E3974.62013
G0 F9000 X124.319 Y31.552
G1 F3000 X107.946 Y15.18 E3975.39025
G0 F9000 X107.946 Y15.4
G0 X104.766 Y15.4
G0 X104.766 Y15.179
G1 F3000 X95.679 Y49.089 E3976.55789
G0 F9000 X96.2 Y49.089
G1 F1500 E3970.05789
G0 F9000 X108.689 Y54.081
G0 X108.505 Y55.164
G0 X106.647 Y194.629
G0 X106.647 Y200.565
G0 X108.846 Y200.689
G0 X110.25 Y205.25
;TYPE:WALL-OUTER
G1 F1500 E3976.55789
G1 F1200 X109.75 Y205.25 E3976.57868
G1 X109.75 Y200.446 E3976.77841
G1 X110.25 Y200.446 E3976.79919
G1 X110.25 Y205.25 E3976.99892
G1 F1500 E3970.49892
;MESH:NONMESH
G0 F300 X110.25 Y205.25 Z16.6
G0 F9000 X110.03 Y205.03
G0 X110.086 Y200.609
G0 X111.155 Y200.748
G0 X113.353 Y200.564
G0 X113.365 Y196
G0 X112.499 Y196
;TIME_ELAPSED:5081.566505
;LAYER:82
;TYPE:SUPPORT
G1 F1500 E3976.99892
G1 X112.499 Y199.711 E3977.12235
G1 X112.06 Y199.711 E3977.13695
G1 X111.499 Y199.784 E3977.15577
G1 X111.499 Y199.087 E3977.17895
G1 X108.499 Y199.09 E3977.27873
G1 X108.499 Y199.792 E3977.30208
G1 X107.931 Y199.712 E3977.32116
G1 X107.499 Y199.712 E3977.33552
G1 X107.499 Y196 E3977.45899
G1 X107.499 Y195.482 E3977.47622
G1 X108.499 Y195.482 E3977.50948
G1 X108.499 Y195.912 E3977.52378
G1 X111.499 Y195.909 E3977.62356
G1 X111.499 Y195.481 E3977.63779
G1 X112.499 Y195.481 E3977.67105
G1 X112.499 Y196 E3977.68831
G1 X107.499 Y196 E3977.85462
G1 F1500 E3971.35462
;MESH:Viga_Rectangular.stl
G0 F9000 X109.914 Y194.497
G0 X110.002 Y54.419
G0 X110.006 Y54.94
;TYPE:WALL-INNER
G1 F1500 E3977.85462
G1 X110.118 Y54.683 E3977.8658
G1 X110.46 Y54.272 E3977.88715
G1 X110.929 Y53.998 E3977.90882
G1 X111.305 Y53.9 E3977.92433
G1 X123.75 Y53.9 E3978.42104
G1 X124.4 Y53.25 E3978.45773
G1 X124.4 Y15.75 E3979.95443
G1 X123.75 Y15.1 E3979.99112
G1 X96.25 Y15.1 E3981.08871
G1 X95.6 Y15.75 E3981.1254
G1 X95.6 Y53.25 E3982.6221
G1 X96.25 Y53.9 E3982.65879
G1 X108.707 Y53.9 E3983.15598
G1 X109.299 Y54.101 E3983.18093
G1 X109.734 Y54.466 E3983.20359
G1 X110.006 Y54.94 E3983.22541
G1 F1500 E3976.72541
G0 F9000 X110.002 Y54.419
G0 X110.03 Y194.44
G0 X110.25 Y194.66
;TYPE:WALL-OUTER
G1 F1500 E3983.22541
G1 F1200 X110.25 Y194.41 E3983.2358
G1 X110.25 Y124.93 E3986.12444
G1 F1197.6 X110.25 Y55.45 E3989.01886
G1 F1260.5 X110.424 Y54.942 E3989.04012
G1 F1411.8 X110.726 Y54.578 E3989.05683
G1 F1500 X111.067 Y54.38 E3989.06994
G1 X111.342 Y54.303 E3989.07944
G1 X123.916 Y54.3 E3989.49766
G1 X124.8 Y53.416 E3989.53924
G1 X124.8 Y15.584 E3990.79753
G1 X123.916 Y14.7 E3990.83911
G1 X96.084 Y14.7 E3991.76481
G1 X95.2 Y15.584 E3991.80639
G1 X95.2 Y53.416 E3993.06469
G1 X96.084 Y54.3 E3993.10627
G1 X108.659 Y54.303 E3993.52452
G1 X109.099 Y54.455 E3993.54
G1 X109.422 Y54.726 E3993.55402
G1 X109.621 Y55.073 E3993.56733
G1 F1330.4 X109.748 Y55.438 E3993.58182
G1 F1197.6 X109.749 Y124.924 E3996.47649
G1 F1200 X109.75 Y194.41 E3999.36538
G1 X109.75 Y194.66 E3999.37578
G1 X110.25 Y194.66 E3999.39656
G1 F1500 E3992.89656
G0 F9000 X110.03 Y194.44
G0 X109.936 Y55.398
G0 X109.351 Y53.804
G0 X109.276 Y54.015
;TYPE:FILL
G1 F1500 E3999.39656
G1 F3000 X124.319 Y49.985 E3999.91454
G0 F9000 X124.1 Y49.985
G0 X124.1 Y48.323
G0 X124.319 Y48.323
G1 F3000 X95.679 Y19.683 E4001.26168
G0 F9000 X95.679 Y20.389
G1 F3000 X115.12 Y15.179 E4001.9311
G0 F9000 X115.12 Y15.4
G0 X116.631 Y15.4
G0 X116.631 Y15.18
G1 F3000 X124.319 Y22.867 E4002.2927
G0 F9000 X124.1 Y22.867
G0 X124.1 Y25.138
G0 X124.318 Y25.138
G1 F3000 X95.679 Y32.812 E4003.27884
G0 F9000 X95.9 Y32.812
G0 X95.9 Y36.654
G0 X95.679 Y36.654
G1 F3000 X112.845 Y53.82 E4004.08628
G1 X112.901 Y53.819
G1 X123.254 Y15.179 E4005.41678
G0 F9000 X123.254 Y15.4
G0 X124.1 Y18.926
G0 X124.318 Y18.926
G1 F3000 X95.679 Y26.6 E4006.40292
G0 F9000 X95.9 Y26.6
G0 X95.9 Y25.363
G0 X95.679 Y25.363
G1 F3000 X98.408 Y15.179 E4006.75359
G0 F9000 X98.408 Y15.4
G0 X99.661 Y15.4
G0 X99.661 Y15.18
G1 F3000 X124.319 Y39.838 E4007.91343
G0 F9000 X124.1 Y39.838
G0 X124.1 Y37.561
G0 X124.318 Y37.561
G1 F3000 X95.68 Y45.235 E4008.89954
G1 X95.679 Y45.139
G1 X104.359 Y53.819 E4009.30782
G0 F9000 X104.359 Y53.6
G0 X106.689 Y53.6
G0 X106.689 Y53.819
G1 F3000 X117.043 Y15.18 E4010.6383
G0 F9000 X117.043 Y15.4
G0 X110.831 Y15.4
G0 X110.831 Y15.179
G1 F3000 X100.478 Y53.819 E4011.9688
G0 F9000 X100.478 Y53.6
G0 X95.9 Y51.447
G0 X95.679 Y51.447
G1 F3000 X124.319 Y43.773 E4012.95497
G0 F9000 X124.1 Y43.773
G0 X124.1 Y34.39
G0 X124.319 Y34.39
G1 F3000 X119.113 Y53.819 E4013.62398
G0 F9000 X119.113 Y53.6
G0 X121.33 Y53.6
G0 X121.33 Y53.82
G1 F3000 X95.679 Y28.169 E4014.83052
G0 F9000 X95.9 Y28.169
G0 X95.9 Y39.023
G0 X95.68 Y39.023
G1 F3000 X124.319 Y31.35 E4015.81666
G1 X124.319 Y31.353
G1 X108.146 Y15.18 E4016.57738
G0 F9000 X108.146 Y15.4
G0 X104.619 Y15.4
G0 X104.619 Y15.179
G1 F3000 X95.679 Y48.544 E4017.72625
G0 F9000 X96.2 Y48.544
G1 F1500 E4011.22625
G0 F9000 X108.689 Y54.081
G0 X108.505 Y55.164
G0 X106.647 Y194.629
G0 X106.647 Y200.565
G0 X108.845 Y200.704
G0 X110.25 Y205.25
;TYPE:WALL-OUTER
G1 F1500 E4017.72625
G1 F1200 X109.75 Y205.25 E4017.74704
G1 X109.75 Y200.339 E4017.95122
G1 X110.25 Y200.339 E4017.97201
G1 X110.25 Y205.25 E4018.17618
G1 F1500 E4011.67618
;MESH:NONMESH
G0 F300 X110.25 Y205.25 Z16.8
G0 F9000 X110.03 Y205.03
G0 X109.914 Y200.503
G0 X108 Y199.723
;TIME_ELAPSED:5133.180530
;LAYER:83
;TYPE:SUPPORT
G1 F1500 E4018.17618
G1 X108 Y195.482 E4018.31724
G1 X107.5 Y195.482 E4018.33387
G1 X107.5 Y199.712 E4018.47456
G1 X107.811 Y199.712 E4018.4849
G1 X108.19 Y199.736 E4018.49753
G1 X108.5 Y199.792 E4018.50801
G1 X108.5 Y198.964 E4018.53555
G1 X111.5 Y198.961 E4018.63533
G1 X111.5 Y199.784 E4018.6627
G1 X111.809 Y199.734 E4018.67311
G1 X112.144 Y199.711 E4018.68428
G1 X112.5 Y199.711 E4018.69612
G1 X112.5 Y195.481 E4018.83681
G1 X112 Y195.481 E4018.85344
G1 X112 Y199.721 E4018.99447
G1 F1500 E4012.49447
;MESH:Viga_Rectangular.stl
G0 F9000 X111.928 Y200.592
G0 X113.353 Y200.564
G0 X113.353 Y194.628
G0 X111.153 Y194.628
G0 X110.086 Y194.623
G0 X110.002 Y54.419
G0 X110.004 Y54.937
;TYPE:WALL-INNER
G1 F1500 E4018.99447
G1 X110.12 Y54.68 E4019.00572
G1 X110.46 Y54.271 E4019.02695
G1 X110.928 Y53.999 E4019.04855
G1 X111.299 Y53.9 E4019.06388
G1 X123.75 Y53.9 E4019.56082
G1 X124.4 Y53.25 E4019.59751
G1 X124.4 Y15.75 E4021.09422
G1 X123.75 Y15.1 E4021.13091
G1 X96.25 Y15.1 E4022.22849
G1 X95.6 Y15.75 E4022.26518
G1 X95.6 Y53.25 E4023.76189
G1 X96.25 Y53.9 E4023.79858
G1 X108.723 Y53.9 E4024.2964
G1 X109.3 Y54.102 E4024.3208
G1 X109.732 Y54.463 E4024.34327
G1 X110.004 Y54.937 E4024.36508
G1 F1500 E4017.86508
G0 F9000 X110.002 Y54.419
G0 X109.97 Y194.568
G0 X109.75 Y194.787
;TYPE:WALL-OUTER
G1 F1500 E4024.36508
G1 F1200 X110.25 Y194.787 E4024.38587
G1 X110.25 Y159.944 E4025.83447
G1 F1197.6 X110.251 Y125.101 E4027.28597
G1 F1192.8 X110.252 Y90.258 E4028.74327
G1 F1190.5 X110.253 Y55.415 E4030.20346
G1 F1298.7 X110.354 Y55.118 E4030.21551
G1 F1463.4 X110.481 Y54.871 E4030.22498
G1 F1500 X110.726 Y54.578 E4030.23768
G1 X111.067 Y54.38 E4030.2508
G1 X111.36 Y54.3 E4030.2609
G1 X123.916 Y54.3 E4030.67852
G1 X124.8 Y53.416 E4030.7201
G1 X124.8 Y15.584 E4031.97839
G1 X123.916 Y14.7 E4032.01997
G1 X96.084 Y14.7 E4032.94567
G1 X95.2 Y15.584 E4032.98725
G1 X95.2 Y53.416 E4034.24555
G1 X96.084 Y54.3 E4034.28713
G1 X108.671 Y54.306 E4034.70577
G1 X109.099 Y54.455 E4034.72085
G1 X109.42 Y54.724 E4034.73478
G1 X109.614 Y55.055 E4034.74754
G1 F1327.4 X109.752 Y55.373 E4034.76057
G1 F1190.5 X109.752 Y90.164 E4036.21858
G1 F1192.8 X109.751 Y124.955 E4037.6737
G1 F1197.6 X109.751 Y159.746 E4039.12303
G1 F1200 X109.75 Y194.537 E4040.56948
G1 X109.75 Y194.787 E4040.57987
G1 F1500 E4034.07987
G0 F9000 X109.97 Y194.568
G0 X109.939 Y55.319
G0 X109.584 Y53.95
G0 X109.442 Y54.118
;TYPE:FILL
G1 F1500 E4040.57987
G1 F3000 X124.319 Y50.132 E4041.09213
G0 F9000 X124.1 Y50.132
G0 X124.1 Y48.122
G0 X124.319 Y48.122
G1 F3000 X95.679 Y19.482 E4042.43927
G0 F9000 X95.9 Y19.482
G0 X95.9 Y20.536
G0 X95.679 Y20.536
G1 F3000 X115.669 Y15.179 E4043.1276
G0 F9000 X115.669 Y15.4
G0 X116.832 Y15.4
G0 X116.832 Y15.18
G1 F3000 X124.319 Y22.667 E4043.47977
G0 F9000 X124.1 Y22.667
G0 X124.1 Y25.285
G0 X124.318 Y25.285
G1 F3000 X95.679 Y32.959 E4044.46591
G0 F9000 X95.9 Y32.959
G0 X95.9 Y36.453
G0 X95.679 Y36.453
G1 F3000 X113.045 Y53.82 E4045.28277
G0 F9000 X112.754 Y53.819
G1 F3000 X123.107 Y15.179 E4046.61328
G0 F9000 X123.107 Y15.4
G0 X124.1 Y19.073
G0 X124.318 Y19.073
G1 F3000 X95.68 Y26.747 E4047.59939
G0 F9000 X95.9 Y26.747
G0 X95.9 Y27.968
G0 X95.679 Y27.968
G1 F3000 X121.531 Y53.82 E4048.81539
G0 F9000 X121.531 Y53.6
G0 X118.966 Y53.6
G0 X118.966 Y53.819
G1 F3000 X124.319 Y33.841 E4049.5033
G0 F9000 X124.1 Y33.841
G0 X124.1 Y31.497
G0 X124.319 Y31.497
G1 F3000 X95.68 Y39.17 E4050.48943
G0 F9000 X95.9 Y39.17
G0 X95.9 Y44.938
G0 X95.679 Y44.938
G1 F3000 X104.559 Y53.819 E4050.90714
G0 F9000 X104.559 Y53.6
G0 X106.542 Y53.6
G0 X106.542 Y53.819
G1 F3000 X116.896 Y15.18 E4052.23762
G0 F9000 X116.896 Y15.4
G0 X110.684 Y15.4
G0 X110.684 Y15.179
G1 F3000 X100.331 Y53.819 E4053.56812
G0 F9000 X100.331 Y53.6
G0 X95.9 Y51.594
G0 X95.679 Y51.594
G1 F3000 X124.318 Y43.92 E4054.55426
G0 F9000 X124.1 Y43.92
G0 X124.1 Y39.637
G0 X124.319 Y39.637
G1 F3000 X99.861 Y15.18 E4055.70467
G0 F9000 X99.861 Y15.4
G0 X98.261 Y15.4
G0 X98.261 Y15.179
G1 F3000 X95.679 Y24.815 E4056.03647
G0 F9000 X95.9 Y24.815
G0 X104.472 Y15.4
G0 X104.472 Y15.179
G1 F3000 X95.679 Y47.996 E4057.16647
G0 F9000 X95.9 Y47.996
G0 X95.9 Y45.382
G0 X95.68 Y45.382
G1 F3000 X124.318 Y37.708 E4058.15258
G0 F9000 X124.1 Y37.708
G0 X124.1 Y31.152
G0 X124.319 Y31.152
G1 F3000 X108.347 Y15.18 E4058.90385
G0 F9000 X108.347 Y15.7
G1 F1500 E4052.40385
G0 F9000 X109.939 Y55.319
G0 X109.9 Y186.012
G0 X109.979 Y194.637
G0 X108.847 Y194.629
G0 X106.647 Y194.629
G0 X106.647 Y200.565
G0 X108.845 Y200.704
G0 X110.25 Y205.25
;TYPE:WALL-OUTER
G1 F1500 E4058.90385
G1 F1200 X109.75 Y205.25 E4058.92464
G1 X109.75 Y200.213 E4059.13405
G1 X110.25 Y200.213 E4059.15484
G1 X110.25 Y205.25 E4059.36425
G1 F1500 E4052.86425
;MESH:NONMESH
G0 F300 X110.25 Y205.25 Z17
G0 F9000 X110.03 Y205.03
G0 X110.086 Y200.376
G0 X111.155 Y200.691
G0 X113.353 Y200.564
G0 X113.365 Y196
G0 X112.499 Y196
;TIME_ELAPSED:5186.076105
;LAYER:84
;TYPE:SUPPORT
G1 F1500 E4059.36425
G1 X112.499 Y199.711 E4059.48768
G1 X112.042 Y199.711 E4059.50288
G1 X111.499 Y199.766 E4059.52103
G1 X111.499 Y198.81 E4059.55283
G1 X108.499 Y198.813 E4059.65261
G1 X108.499 Y199.786 E4059.68497
G1 X108.04 Y199.712 E4059.70044
G1 X107.499 Y199.712 E4059.71843
G1 X107.499 Y196 E4059.84189
G1 X107.499 Y195.482 E4059.85912
G1 X108.499 Y195.482 E4059.89238
G1 X108.499 Y196 E4059.90961
G1 X108.499 Y196.189 E4059.9159
G1 X111.499 Y196.186 E4060.01568
G1 X111.499 Y196 E4060.02186
G1 X111.499 Y195.481 E4060.03912
G1 X112.499 Y195.481 E4060.07238
G1 X112.499 Y196 E4060.08965
G1 X111.499 Y196 E4060.12291
G1 F1500 E4053.62291
G0 F9000 X111.153 Y194.628
G0 X113.353 Y194.628
G0 X113.353 Y200.564
G0 X111.153 Y206.153
G0 X108.847 Y206.153
G0 X106.647 Y200.565
G0 X106.647 Y194.629
G0 X108.847 Y194.629
G0 X108.499 Y196
G1 F1500 E4060.12291
G1 X107.499 Y196 E4060.15617
G1 F1500 E4053.65617
;MESH:Viga_Rectangular.stl
G0 F9000 X109.914 Y194.774
G0 X110.002 Y54.419
G0 X110.006 Y54.94
;TYPE:WALL-INNER
G1 F1500 E4060.15617
G1 X110.118 Y54.682 E4060.16739
G1 X110.46 Y54.271 E4060.18873
G1 X110.929 Y53.998 E4060.21039
G1 X111.305 Y53.9 E4060.2259
G1 X123.75 Y53.9 E4060.72261
G1 X124.4 Y53.25 E4060.7593
G1 X124.4 Y15.75 E4062.256
G1 X123.75 Y15.1 E4062.29269
G1 X96.25 Y15.1 E4063.39028
G1 X95.6 Y15.75 E4063.42696
G1 X95.6 Y53.25 E4064.92367
G1 X96.25 Y53.9 E4064.96036
G1 X108.707 Y53.9 E4065.45755
G1 X109.298 Y54.101 E4065.48246
G1 X109.733 Y54.463 E4065.50505
G1 X110.006 Y54.94 E4065.52698
G1 F1500 E4059.02698
G0 F9000 X110.002 Y54.419
G0 X110.03 Y194.717
G0 X110.25 Y194.937
;TYPE:WALL-OUTER
G1 F1500 E4065.52698
G1 F1200 X110.25 Y194.687 E4065.53738
G1 X110.25 Y125.068 E4068.4318
G1 F1197.6 X110.25 Y55.449 E4071.33201
G1 F1260.5 X110.425 Y54.938 E4071.35339
G1 F1411.8 X110.726 Y54.578 E4071.36997
G1 F1500 X111.067 Y54.38 E4071.38309
G1 X111.342 Y54.303 E4071.39258
G1 X123.916 Y54.3 E4071.8108
G1 X124.8 Y53.416 E4071.85238
G1 X124.8 Y15.584 E4073.11067
G1 X123.916 Y14.7 E4073.15226
G1 X96.084 Y14.7 E4074.07795
G1 X95.2 Y15.584 E4074.11953
G1 X95.2 Y53.416 E4075.37783
G1 X96.084 Y54.3 E4075.41941
G1 X108.659 Y54.303 E4075.83766
G1 X109.099 Y54.455 E4075.85314
G1 X109.421 Y54.724 E4075.86709
G1 X109.621 Y55.073 E4075.88047
G1 F1330.4 X109.748 Y55.437 E4075.89493
G1 F1197.6 X109.749 Y125.062 E4078.79539
G1 F1200 X109.75 Y194.687 E4081.69006
G1 X109.75 Y194.937 E4081.70046
G1 X110.25 Y194.937 E4081.72124
G1 F1500 E4075.22124
G0 F9000 X110.03 Y194.717
G0 X109.936 Y55.396
G0 X109.716 Y54.061
G0 X109.575 Y54.228
;TYPE:FILL
G1 F1500 E4081.72124
G1 F3000 X124.318 Y50.278 E4082.22889
G0 F9000 X124.1 Y50.278
G0 X124.1 Y47.923
G0 X124.319 Y47.923
G1 F3000 X95.679 Y19.283 E4083.57603
G0 F9000 X95.9 Y19.283
G0 X95.9 Y20.681
G0 X95.68 Y20.681
G1 F3000 X116.213 Y15.179 E4084.28305
G0 F9000 X116.75 Y15.179
G1 F3000 X106.396 Y53.819 E4085.61356
G0 F9000 X106.396 Y53.6
G0 X104.759 Y53.6
G0 X104.759 Y53.819
G1 F3000 X95.679 Y44.739 E4086.04066
G0 F9000 X95.679 Y45.528
G1 F3000 X124.318 Y37.854 E4087.0268
G0 F9000 X124.1 Y37.854
G0 X124.1 Y39.438
G0 X124.319 Y39.438
G1 F3000 X100.061 Y15.18 E4088.16782
G0 F9000 X100.061 Y15.4
G0 X98.115 Y15.4
G0 X98.115 Y15.179
G1 F3000 X95.679 Y24.27 E4088.48086
G0 F9000 X95.9 Y24.27
G0 X95.9 Y26.893
G0 X95.679 Y26.893
G1 F3000 X124.318 Y19.219 E4089.467
G0 F9000 X124.1 Y19.219
G0 X124.1 Y22.467
G0 X124.319 Y22.467
G1 F3000 X117.031 Y15.18 E4089.80978
G0 F9000 X117.031 Y15.4
G0 X122.961 Y15.4
G0 X122.961 Y15.18
G1 F3000 X112.608 Y53.82 E4091.14028
G0 F9000 X113.245 Y53.82
G1 F3000 X95.679 Y36.254 E4091.96653
G0 F9000 X95.9 Y36.254
G0 X95.9 Y39.316
G0 X95.68 Y39.316
G1 F3000 X124.318 Y31.643 E4092.95263
G0 F9000 X124.319 Y30.952
G1 F3000 X108.546 Y15.18 E4093.69452
G0 F9000 X108.546 Y15.4
G0 X110.538 Y15.4
G0 X110.538 Y15.179
G1 F3000 X100.185 Y53.819 E4095.02503
G0 F9000 X100.185 Y53.6
G0 X95.9 Y51.74
G0 X95.68 Y51.74
G1 F3000 X124.319 Y44.066 E4096.01117
G0 F9000 X124.1 Y44.066
G0 X121.73 Y53.6
G0 X121.73 Y53.82
G1 F3000 X95.679 Y27.768 E4097.23655
G0 F9000 X95.9 Y27.768
G0 X95.9 Y33.105
G0 X95.679 Y33.105
G1 F3000 X124.318 Y25.431 E4098.22269
G0 F9000 X124.1 Y25.431
G0 X124.1 Y33.296
G0 X124.319 Y33.296
G1 F3000 X118.82 Y53.819 E4098.92937
G0 F9000 X118.82 Y53.6
G0 X95.9 Y47.451
G0 X95.679 Y47.451
G1 F3000 X104.326 Y15.18 E4100.04057
G0 F9000 X104.326 Y15.7
G1 F1500 E4093.54057
G0 F9000 X109.936 Y55.396
G0 X109.914 Y194.774
G0 X108.847 Y194.629
G0 X106.647 Y194.629
G0 X106.647 Y200.565
G0 X108.845 Y200.694
G0 X110.25 Y205.25
;TYPE:WALL-OUTER
G1 F1500 E4100.04057
G1 F1200 X109.75 Y205.25 E4100.06136
G1 X109.75 Y200.062 E4100.27705
G1 X110.25 Y200.062 E4100.29783
G1 X110.25 Y205.25 E4100.51353
G1 F1500 E4094.01353
;MESH:NONMESH
G0 F300 X110.25 Y205.25 Z17.2
G0 F9000 X110.03 Y205.03
G0 X109.914 Y200.226
G0 X108 Y199.55
;TIME_ELAPSED:5240.160039
;LAYER:85
;TYPE:SUPPORT
G1 F1500 E4100.51353
G1 X108 Y195.482 E4100.64883
G1 X107.5 Y195.482 E4100.66546
G1 X107.5 Y199.508 E4100.79936
G1 X107.751 Y199.508 E4100.80771
G1 X108.077 Y199.563 E4100.81871
G1 X108.5 Y199.715 E4100.83366
G1 X108.5 Y198.636 E4100.86955
G1 X111.5 Y198.633 E4100.96933
G1 X111.5 Y199.716 E4101.00535
G1 X111.905 Y199.569 E4101.01968
G1 X112.315 Y199.507 E4101.03347
G1 X112.5 Y199.507 E4101.03962
G1 X112.5 Y195.481 E4101.17353
G1 X112 Y195.481 E4101.19016
G1 X112 Y199.555 E4101.32566
G1 F1500 E4094.82566
;MESH:Viga_Rectangular.stl
G0 F9000 X112.12 Y200.411
G0 X113.353 Y200.36
G0 X113.353 Y194.628
G0 X111.153 Y194.628
G0 X110.086 Y194.955
G0 X110.002 Y54.419
G0 X110.006 Y54.939
;TYPE:WALL-INNER
G1 F1500 E4101.32566
G1 X110.12 Y54.679 E4101.33699
G1 X110.464 Y54.269 E4101.35835
G1 X110.935 Y53.998 E4101.38004
G1 X111.297 Y53.902 E4101.39499
G1 X123.75 Y53.9 E4101.89201
G1 X124.4 Y53.25 E4101.9287
G1 X124.4 Y15.75 E4103.42541
G1 X123.75 Y15.1 E4103.4621
G1 X96.25 Y15.1 E4104.55968
G1 X95.6 Y15.75 E4104.59637
G1 X95.6 Y53.25 E4106.09308
G1 X96.25 Y53.9 E4106.12976
G1 X108.706 Y53.9 E4106.62691
G1 X109.307 Y54.109 E4106.65231
G1 X109.734 Y54.465 E4106.6745
G1 X110.006 Y54.939 E4106.69631
G1 F1500 E4100.19631
G0 F9000 X110.002 Y54.419
G0 X110.03 Y194.899
G0 X110.25 Y195.119
;TYPE:WALL-OUTER
G1 F1500 E4106.69631
G1 F1200 X110.25 Y194.869 E4106.7067
G1 X110.25 Y125.159 E4109.60491
G1 F1197.6 X110.25 Y55.449 E4112.50891
G1 F1260.5 X110.425 Y54.938 E4112.53029
G1 F1411.8 X110.725 Y54.58 E4112.54679
G1 F1500 X111.071 Y54.38 E4112.56008
G1 X111.347 Y54.303 E4112.56961
G1 X123.916 Y54.3 E4112.98766
G1 X124.8 Y53.416 E4113.02924
G1 X124.8 Y15.584 E4114.28754
G1 X123.916 Y14.7 E4114.32912
G1 X96.084 Y14.7 E4115.25482
G1 X95.2 Y15.584 E4115.2964
G1 X95.2 Y53.416 E4116.55469
G1 X96.084 Y54.3 E4116.59628
G1 X108.659 Y54.303 E4117.01452
G1 X109.088 Y54.453 E4117.02964
G1 X109.42 Y54.723 E4117.04387
G1 X109.621 Y55.073 E4117.05729
G1 F1330.4 X109.748 Y55.436 E4117.07172
G1 F1197.6 X109.749 Y125.153 E4119.97601
G1 F1200 X109.75 Y194.87 E4122.8745
G1 X109.75 Y195.119 E4122.88486
G1 X110.25 Y195.119 E4122.90564
G1 F1500 E4116.40564
G0 F9000 X110.03 Y194.899
G0 X109.936 Y55.394
G0 X109.849 Y54.172
G0 X109.707 Y54.34
;TYPE:FILL
G1 F1500 E4122.90564
G1 F3000 X110.592 Y54.103 E4122.93612
G0 F9000 X110.482 Y53.912
G0 X111.65 Y53.6
G0 X111.65 Y53.819
G1 F3000 X124.319 Y50.425 E4123.37235
G0 F9000 X124.1 Y50.425
G0 X124.1 Y47.722
G0 X124.319 Y47.722
G1 F3000 X95.679 Y19.082 E4124.71949
G0 F9000 X95.9 Y19.082
G0 X95.9 Y20.828
G0 X95.68 Y20.828
G1 F3000 X116.762 Y15.179 E4125.44541
G1 X116.603 Y15.179
G1 X106.249 Y53.819 E4126.77592
G0 F9000 X106.249 Y53.6
G0 X104.96 Y53.6
G0 X104.96 Y53.819
G1 F3000 X95.679 Y44.538 E4127.21247
G0 F9000 X95.9 Y44.538
G0 X95.9 Y45.675
G0 X95.679 Y45.675
G1 F3000 X124.318 Y38.001 E4128.19861
G0 F9000 X124.1 Y38.001
G0 X124.1 Y39.237
G0 X124.319 Y39.237
G1 F3000 X100.262 Y15.18 E4129.33018
G0 F9000 X100.262 Y15.4
G0 X97.968 Y15.4
G0 X97.968 Y15.179
G1 F3000 X95.679 Y23.721 E4129.62431
G0 F9000 X95.9 Y23.721
G0 X95.9 Y27.04
G0 X95.679 Y27.04
G1 F3000 X124.318 Y19.366 E4130.61045
G0 F9000 X124.1 Y19.366
G0 X124.1 Y22.266
G0 X124.319 Y22.266
G1 F3000 X117.232 Y15.18 E4130.94378
G0 F9000 X117.232 Y15.4
G0 X122.814 Y15.4
G0 X122.814 Y15.18
G1 F3000 X112.461 Y53.82 E4132.27428
G0 F9000 X113.446 Y53.82
G1 F3000 X95.679 Y36.053 E4133.10999
G0 F9000 X95.9 Y36.053
G0 X95.9 Y33.252
G0 X95.679 Y33.252
G1 F3000 X124.318 Y25.578 E4134.09613
G0 F9000 X124.1 Y25.578
G0 X124.1 Y30.752
G0 X124.319 Y30.752
G1 F3000 X108.747 Y15.18 E4134.82859
G0 F9000 X108.747 Y15.4
G0 X110.391 Y15.4
G0 X110.391 Y15.179
G1 F3000 X100.038 Y53.819 E4136.15909
G0 F9000 X100.038 Y53.6
G0 X96.474 Y53.6
G0 X96.474 Y53.819
G1 F3000 X95.679 Y53.023 E4136.19651
G0 F9000 X95.9 Y53.023
G0 X95.9 Y51.887
G0 X95.68 Y51.887
G1 F3000 X124.319 Y44.213 E4137.18265
G0 F9000 X124.1 Y44.213
G0 X121.931 Y53.6
G0 X121.931 Y53.82
G1 F3000 X95.679 Y27.567 E4138.41749
G0 F9000 X95.9 Y27.567
G0 X95.9 Y39.463
G0 X95.68 Y39.463
G1 F3000 X124.318 Y31.79 E4139.40359
G0 F9000 X124.319 Y32.748
G1 F3000 X118.673 Y53.819 E4140.12913
G0 F9000 X118.673 Y53.6
G0 X95.9 Y46.902
G0 X95.679 Y46.902
G1 F3000 X104.179 Y15.18 E4141.22143
G0 F9000 X104.179 Y15.7
G1 F1500 E4134.72143
G0 F9000 X109.936 Y55.394
G0 X109.914 Y194.956
G0 X108.847 Y194.629
G0 X106.647 Y194.629
G0 X106.647 Y200.361
G0 X108.843 Y200.748
G0 X110.25 Y205.25
;TYPE:WALL-OUTER
G1 F1500 E4141.22143
G1 F1200 X109.75 Y205.25 E4141.24222
G1 X109.75 Y199.885 E4141.46527
G1 X110.25 Y199.885 E4141.48606
G1 X110.25 Y205.25 E4141.70911
G1 F1500 E4135.20911
;MESH:NONMESH
G0 F300 X110.25 Y205.25 Z17.4
G0 F9000 X110.03 Y205.03
G0 X110.086 Y200.048
G0 X111.154 Y200.657
G0 X113.353 Y200.36
G0 X113.365 Y196
G0 X112.499 Y196
;TIME_ELAPSED:5293.574884
;LAYER:86
;TYPE:SUPPORT
G1 F1500 E4141.70911
G1 X112.499 Y199.246 E4141.81707
G1 X112.345 Y199.246 E4141.82219
G1 X112.001 Y199.347 E4141.83412
G1 X111.499 Y199.613 E4141.85301
G1 X111.499 Y198.409 E4141.89306
G1 X108.499 Y198.412 E4141.99284
G1 X108.499 Y199.455 E4142.02753
G1 X108.347 Y199.542 E4142.03336
G1 X108.11 Y199.401 E4142.04253
G1 X107.67 Y199.247 E4142.05803
G1 X107.499 Y199.247 E4142.06372
G1 X107.499 Y196 E4142.17172
G1 X107.499 Y195.762 E4142.17963
G1 X108.499 Y195.762 E4142.21289
G1 X108.499 Y196 E4142.22081
G1 X108.499 Y196.58 E4142.2401
G1 X111.499 Y196.577 E4142.33988
G1 X111.499 Y196 E4142.35907
G1 X111.499 Y195.761 E4142.36702
G1 X112.499 Y195.761 E4142.40028
G1 X112.499 Y196 E4142.40823
G1 X111.499 Y196 E4142.44149
G1 F1500 E4135.94149
G0 F9000 X111.153 Y194.908
G0 X113.353 Y194.908
G0 X113.353 Y200.099
G0 X111.153 Y206.153
G0 X108.847 Y206.153
G0 X106.647 Y200.1
G0 X106.647 Y194.909
G0 X108.847 Y194.909
G0 X108.499 Y196
G1 F1500 E4142.44149
G1 X107.499 Y196 E4142.47475
G1 F1500 E4135.97475
;MESH:Viga_Rectangular.stl
G0 F9000 X109.914 Y195.165
G0 X110.002 Y54.419
G0 X110.005 Y54.939
;TYPE:WALL-INNER
G1 F1500 E4142.47475
G1 X110.119 Y54.682 E4142.48597
G1 X110.46 Y54.272 E4142.50725
G1 X110.929 Y53.998 E4142.52893
G1 X111.305 Y53.9 E4142.54444
G1 X123.75 Y53.9 E4143.04115
G1 X124.4 Y53.25 E4143.07784
G1 X124.4 Y15.75 E4144.57454
G1 X123.75 Y15.1 E4144.61123
G1 X96.25 Y15.1 E4145.70882
G1 X95.6 Y15.75 E4145.74551
G1 X95.6 Y53.25 E4147.24221
G1 X96.25 Y53.9 E4147.2789
G1 X108.707 Y53.9 E4147.77609
G1 X109.299 Y54.101 E4147.80104
G1 X109.736 Y54.467 E4147.82379
G1 X110.005 Y54.939 E4147.84547
G1 F1500 E4141.34547
G0 F9000 X110.002 Y54.419
G0 X110.03 Y195.108
G0 X110.25 Y195.328
;TYPE:WALL-OUTER
G1 F1500 E4147.84547
G1 F1200 X110.25 Y195.078 E4147.85587
G1 X110.25 Y167.146 E4149.01714
G1 F1197.6 X110.25 Y139.214 E4150.18074
G1 F1192.8 X110.251 Y111.282 E4151.34899
G1 F1190.5 X110.251 Y83.35 E4152.51956
G1 F1188.1 X110.252 Y55.418 E4153.69245
G1 F1295.9 X110.354 Y55.119 E4153.70461
G1 F1463.4 X110.481 Y54.873 E4153.71405
G1 F1500 X110.726 Y54.578 E4153.7268
G1 X111.067 Y54.38 E4153.73992
G1 X111.342 Y54.303 E4153.74942
G1 X123.916 Y54.3 E4154.16763
G1 X124.8 Y53.416 E4154.20921
G1 X124.8 Y15.584 E4155.46751
G1 X123.916 Y14.7 E4155.50909
G1 X96.084 Y14.7 E4156.43478
G1 X95.2 Y15.584 E4156.47636
G1 X95.2 Y53.416 E4157.73466
G92 E0
G1 X96.084 Y54.3 E0.04158
G1 X108.659 Y54.303 E0.45983
G1 X109.099 Y54.455 E0.47531
G1 X109.424 Y54.728 E0.48943
G1 X109.614 Y55.056 E0.50203
G1 F1324.5 X109.75 Y55.371 E0.51496
G1 F1188.1 X109.75 Y83.312 E1.68823
G1 F1190.5 X109.75 Y111.253 E2.85917
G1 F1192.8 X109.75 Y139.194 E4.02779
G1 F1197.6 X109.75 Y167.135 E5.19177
G1 F1200 X109.75 Y195.076 E6.35342
G1 X109.75 Y195.328 E6.3639
G1 X110.25 Y195.328 E6.38468
G1 F1500 E-0.11532
G0 F9000 X110.03 Y195.108
G0 X110.008 Y54.343
G0 X109.806 Y54.459
;TYPE:FILL
G1 F1500 E6.38468
G1 F3000 X110.311 Y54.324 E6.40207
G0 F9000 X110.145 Y54.184
G0 X110.834 Y53.779
G0 X111.081 Y53.713
G0 X112.195 Y53.6
G0 X112.195 Y53.819
G1 F3000 X124.318 Y50.571 E6.8195
G0 F9000 X124.1 Y50.571
G0 X124.1 Y47.523
G0 X124.319 Y47.523
G1 F3000 X95.679 Y18.883 E8.16664
G0 F9000 X95.9 Y18.883
G0 X95.9 Y20.974
G0 X95.679 Y20.974
G1 F3000 X117.307 Y15.179 E8.91137
G1 X117.432 Y15.18
G1 X124.319 Y22.067 E9.23531
G0 F9000 X124.1 Y22.067
G0 X124.1 Y19.512
G0 X124.318 Y19.512
G1 F3000 X95.679 Y27.186 E10.22145
G1 X95.679 Y27.368
G1 X122.13 Y53.82 E11.46565
G0 F9000 X122.13 Y53.6
G0 X118.527 Y53.6
G0 X118.527 Y53.819
G1 F3000 X124.319 Y32.203 E12.20996
G0 F9000 X124.318 Y31.936
G1 F3000 X95.68 Y39.609 E13.19606
G0 F9000 X95.9 Y39.609
G0 X95.9 Y35.853
G0 X95.679 Y35.853
G1 F3000 X113.645 Y53.82 E14.04115
G0 F9000 X113.645 Y53.6
G0 X112.315 Y53.6
G0 X112.315 Y53.82
G1 F3000 X122.668 Y15.18 E15.37165
G0 F9000 X122.668 Y15.4
G0 X116.457 Y15.4
G0 X116.457 Y15.179
G1 F3000 X106.103 Y53.819 E16.70216
G0 F9000 X105.159 Y53.819
G1 F3000 X95.679 Y44.339 E17.14807
G0 F9000 X95.9 Y44.339
G0 X95.9 Y45.821
G0 X95.679 Y45.821
G1 F3000 X124.318 Y38.147 E18.13421
G0 F9000 X124.319 Y39.037
G1 F3000 X100.461 Y15.18 E19.2564
G0 F9000 X100.461 Y15.4
G0 X97.822 Y15.4
G0 X97.822 Y15.179
G1 F3000 X95.679 Y23.177 E19.5318
G0 F9000 X95.9 Y23.177
G0 X95.9 Y33.398
G0 X95.68 Y33.398
G1 F3000 X124.319 Y25.724 E20.51794
G0 F9000 X124.1 Y25.724
G0 X124.1 Y30.552
G0 X124.319 Y30.552
G1 F3000 X108.946 Y15.18 E21.24101
G0 F9000 X108.946 Y15.4
G0 X110.245 Y15.4
G0 X110.245 Y15.179
G1 F3000 X99.892 Y53.819 E22.57152
G0 F9000 X99.892 Y53.6
G0 X96.674 Y53.6
G0 X96.674 Y53.819
G1 F3000 X95.679 Y52.824 E22.61832
G0 F9000 X95.68 Y52.033
G1 F3000 X124.319 Y44.359 E23.60446
G0 F9000 X124.1 Y44.359
G0 X95.9 Y46.358
G0 X95.679 Y46.358
G1 F3000 X104.034 Y15.179 E24.67806
G0 F9000 X104.034 Y15.7
G1 F1500 E18.17806
G0 F9000 X109.936 Y55.316
G0 X109.914 Y195.165
G0 X108.847 Y194.909
G0 X106.647 Y194.909
G0 X106.647 Y200.1
G0 X108.339 Y200.536
G0 X108.855 Y200.226
G0 X110.25 Y205.25
;TYPE:WALL-OUTER
G1 F1500 E24.67806
G1 F1200 X109.75 Y205.25 E24.69885
G1 X109.75 Y199.661 E24.93121
G1 X110.25 Y199.661 E24.952
G1 X110.25 Y205.25 E25.18437
G1 F1500 E18.68437
;MESH:NONMESH
G0 F300 X110.25 Y205.25 Z17.6
G0 F9000 X110.03 Y205.03
G0 X109.914 Y199.825
G0 X108 Y199.093
;TIME_ELAPSED:5430.910991
;LAYER:87
;TYPE:SUPPORT
G1 F1500 E25.18437
G1 X108 Y196.119 E25.28328
G1 X107.5 Y196.119 E25.29991
G1 X107.5 Y198.901 E25.39244
G1 X107.66 Y198.901 E25.39776
G1 X108.119 Y199.161 E25.41531
G1 X108.324 Y199.34 E25.42436
G1 X108.5 Y199.259 E25.4308
G1 X108.5 Y198.151 E25.46766
G1 X111.5 Y198.148 E25.56744
G1 X111.5 Y199.255 E25.60425
G1 X111.669 Y199.337 E25.6105
G1 X111.982 Y199.089 E25.62378
G1 X112.353 Y198.9 E25.63763
G1 X112.5 Y198.9 E25.64252
G1 X112.5 Y196.118 E25.73505
G1 X112 Y196.118 E25.75168
G1 X112 Y199.08 E25.8502
G1 F1500 E19.3502
;MESH:Viga_Rectangular.stl
G0 F9000 X112.451 Y199.82
G0 X113.353 Y199.753
G0 X113.353 Y195.265
G0 X111.153 Y195.265
G0 X110.086 Y195.444
G0 X110.002 Y54.419
G0 X110.005 Y54.943
;TYPE:WALL-INNER
G1 F1500 E25.8502
G1 X110.117 Y54.685 E25.86142
G1 X110.46 Y54.272 E25.88285
G1 X110.929 Y53.998 E25.90453
G1 X111.305 Y53.9 E25.92004
G1 X123.75 Y53.9 E26.41675
G1 X124.4 Y53.25 E26.45343
G1 X124.4 Y15.75 E27.95014
G1 X123.75 Y15.1 E27.98683
G1 X96.25 Y15.1 E29.08441
G1 X95.6 Y15.75 E29.1211
G1 X95.6 Y53.25 E30.61781
G1 X96.25 Y53.9 E30.6545
G1 X108.707 Y53.9 E31.15168
G1 X109.299 Y54.101 E31.17664
G1 X109.735 Y54.467 E31.19936
G1 X110.005 Y54.943 E31.2212
G1 F1500 E24.7212
G0 F9000 X110.002 Y54.419
G0 X110.03 Y195.388
G0 X110.25 Y195.608
;TYPE:WALL-OUTER
G1 F1500 E31.2212
G1 F1200 X110.25 Y195.358 E31.23159
G1 X110.25 Y125.404 E34.13994
G1 F1197.6 X110.25 Y55.45 E37.05411
G1 F1260.5 X110.419 Y54.957 E37.07473
G1 F1411.8 X110.725 Y54.579 E37.09192
G1 F1500 X111.067 Y54.38 E37.10508
G1 X111.342 Y54.303 E37.11458
G1 X123.916 Y54.3 E37.53279
G1 X124.8 Y53.416 E37.57437
G1 X124.8 Y15.584 E38.83267
G1 X123.916 Y14.7 E38.87425
G1 X96.084 Y14.7 E39.79995
G1 X95.2 Y15.584 E39.84153
G1 X95.2 Y53.416 E41.09983
G1 X96.084 Y54.3 E41.14141
G1 X108.659 Y54.303 E41.55965
G1 X109.099 Y54.455 E41.57514
G1 X109.422 Y54.726 E41.58916
G1 X109.621 Y55.074 E41.60249
G1 F1330.4 X109.749 Y55.434 E41.61682
G1 F1197.6 X109.749 Y125.396 E44.53132
G1 F1200 X109.75 Y195.358 E47.44
G1 X109.75 Y195.608 E47.4504
G1 X110.25 Y195.608 E47.47118
G1 F1500 E40.97118
G0 F9000 X110.03 Y195.388
G0 X110.002 Y54.419
G0 X109.905 Y54.58
;TYPE:FILL
G1 F1500 E47.47118
G1 F3000 X110.159 Y54.512 E47.47993
G0 F9000 X109.99 Y54.369
G0 X110.31 Y54.082
G0 X110.834 Y53.779
G0 X111.081 Y53.713
G0 X112.168 Y53.6
G0 X112.168 Y53.82
G1 F3000 X122.521 Y15.18 E48.81043
G0 F9000 X122.521 Y15.4
G0 X117.855 Y15.4
G0 X117.855 Y15.179
G1 F3000 X95.679 Y21.121 E49.57403
G0 F9000 X95.9 Y21.121
G0 X95.9 Y22.628
G0 X95.679 Y22.628
G1 F3000 X97.675 Y15.179 E49.83052
G0 F9000 X97.675 Y15.4
G0 X100.662 Y15.4
G0 X100.662 Y15.18
G1 F3000 X124.319 Y38.837 E50.94328
G0 F9000 X124.318 Y38.294
G1 F3000 X95.679 Y45.968 E51.92942
G1 X95.679 Y45.809
G1 X103.886 Y15.18 E52.98408
G0 F9000 X103.886 Y15.4
G0 X109.147 Y15.4
G0 X109.147 Y15.18
G1 F3000 X124.319 Y30.351 E53.6977
G0 F9000 X124.1 Y30.351
G0 X124.1 Y31.654
G0 X124.319 Y31.654
G1 F3000 X118.38 Y53.819 E54.46091
G0 F9000 X118.38 Y53.6
G0 X122.331 Y53.6
G0 X122.331 Y53.82
G1 F3000 X95.679 Y27.167 E55.71457
G1 X95.679 Y27.333
G1 X124.318 Y19.659 E56.70071
G0 F9000 X124.1 Y19.659
G0 X124.1 Y21.866
G0 X124.319 Y21.866
G1 F3000 X117.632 Y15.18 E57.01522
G0 F9000 X117.632 Y15.4
G0 X116.31 Y15.4
G0 X116.31 Y15.179
G1 F3000 X105.956 Y53.819 E58.34573
G0 F9000 X105.36 Y53.819
G1 F3000 X95.679 Y44.138 E58.80109
G0 F9000 X95.9 Y44.138
G0 X95.9 Y39.756
G0 X95.68 Y39.756
G1 F3000 X124.318 Y32.083 E59.78719
G0 F9000 X124.1 Y32.083
G0 X124.1 Y25.871
G0 X124.319 Y25.871
G1 F3000 X95.68 Y33.545 E60.77334
G0 F9000 X95.9 Y33.545
G0 X95.9 Y35.653
G0 X95.679 Y35.653
G1 F3000 X113.846 Y53.82 E61.62786
G0 F9000 X113.846 Y53.6
G0 X112.744 Y53.6
G0 X112.744 Y53.819
G1 F3000 X124.318 Y50.718 E62.02639
G0 F9000 X124.1 Y50.718
G0 X124.1 Y47.322
G0 X124.319 Y47.322
G1 F3000 X95.679 Y18.682 E63.37352
G0 F9000 X95.9 Y18.682
G0 X110.098 Y15.4
G0 X110.098 Y15.179
G1 F3000 X99.745 Y53.819 E64.70403
G0 F9000 X99.745 Y53.6
G0 X96.875 Y53.6
G0 X96.875 Y53.819
G1 F3000 X95.679 Y52.623 E64.76028
G0 F9000 X95.68 Y52.18
G1 F3000 X124.319 Y44.506 E65.74642
G0 F9000 X123.8 Y44.506
G1 F1500 E59.24642
G0 F9000 X111.327 Y54.081
G0 X111.471 Y55.164
G0 X113.353 Y195.265
G0 X113.353 Y199.753
G0 X111.779 Y200.345
G0 X111.146 Y200.023
G0 X110.25 Y205.25
;TYPE:WALL-OUTER
G1 F1500 E65.74642
G1 F1200 X109.75 Y205.25 E65.76721
G1 X109.75 Y199.4 E66.01043
G1 X110.25 Y199.4 E66.03121
G1 X110.25 Y205.25 E66.27443
G1 F1500 E59.77443
;MESH:NONMESH
G0 F300 X110.25 Y205.25 Z17.8
G0 F9000 X110.03 Y205.03
G0 X110.086 Y199.563
G0 X111.146 Y200.023
G0 X111.779 Y200.345
G0 X113.353 Y199.753
G0 X113.365 Y196.615
G0 X112.499 Y196.615
;TIME_ELAPSED:5483.373515
;LAYER:88
;TYPE:SUPPORT
G1 F1500 E66.27443
G1 X112.499 Y198.403 E66.3339
G1 X112.348 Y198.403 E66.33892
G1 X111.906 Y198.741 E66.35743
G1 X111.694 Y198.985 E66.36818
G1 X111.499 Y198.913 E66.37509
G1 X111.499 Y197.802 E66.41204
G1 X108.499 Y197.805 E66.51182
G1 X108.499 Y198.91 E66.54858
G1 X108.299 Y198.982 E66.55565
G1 X108.137 Y198.782 E66.56421
G1 X107.675 Y198.404 E66.58406
G1 X107.499 Y198.404 E66.58991
G1 X107.499 Y196.616 E66.64938
G1 X108.499 Y196.616 E66.68264
G1 X108.499 Y197.217 E66.70263
G1 X111.499 Y197.214 E66.80241
G1 X111.499 Y196.615 E66.82234
G1 X112.499 Y196.615 E66.8556
G1 F1500 E60.3556
;MESH:Viga_Rectangular.stl
G0 F9000 X110.086 Y195.801
G0 X110.002 Y54.419
G0 X110.005 Y54.943
;TYPE:WALL-INNER
G1 F1500 E66.8556
G1 X110.117 Y54.685 E66.86682
G1 X110.46 Y54.272 E66.88825
G1 X110.929 Y53.998 E66.90993
G1 X111.305 Y53.9 E66.92544
G1 X123.75 Y53.9 E67.42214
G1 X124.4 Y53.25 E67.45883
G1 X124.4 Y15.75 E68.95554
G1 X123.75 Y15.1 E68.99223
G1 X96.25 Y15.1 E70.08981
G1 X95.6 Y15.75 E70.1265
G1 X95.6 Y53.25 E71.62321
G1 X96.25 Y53.9 E71.65989
G1 X108.707 Y53.9 E72.15708
G1 X109.299 Y54.101 E72.18203
G1 X109.735 Y54.467 E72.20475
G1 X110.005 Y54.943 E72.2266
G1 F1500 E65.7266
G0 F9000 X110.002 Y54.419
G0 X110.03 Y195.745
G0 X110.25 Y195.965
;TYPE:WALL-OUTER
G1 F1500 E72.2266
G1 F1200 X110.25 Y195.715 E72.23699
G1 X110.25 Y125.582 E75.15278
G1 F1197.6 X110.25 Y55.449 E78.0744
G1 F1260.5 X110.419 Y54.957 E78.09499
G1 F1411.8 X110.725 Y54.579 E78.11218
G1 F1500 X111.067 Y54.38 E78.12534
G1 X111.342 Y54.303 E78.13484
G1 X123.916 Y54.3 E78.55305
G1 X124.8 Y53.416 E78.59463
G1 X124.8 Y15.584 E79.85293
G1 X123.916 Y14.7 E79.89451
G1 X96.084 Y14.7 E80.82021
G1 X95.2 Y15.584 E80.86179
G1 X95.2 Y53.416 E82.12008
G1 X96.084 Y54.3 E82.16166
G1 X108.659 Y54.303 E82.57991
G1 X109.099 Y54.455 E82.59539
G1 X109.422 Y54.726 E82.60942
G1 X109.621 Y55.074 E82.62275
G1 F1330.4 X109.749 Y55.433 E82.63704
G1 F1197.6 X109.749 Y125.574 E85.559
G1 F1200 X109.75 Y195.715 E88.47512
G1 X109.75 Y195.965 E88.48552
G1 X110.25 Y195.965 E88.50631
G1 F1500 E82.00631
G0 F9000 X110.03 Y195.745
G0 X110.062 Y55.428
G0 X110.138 Y55.022
G0 X110.261 Y54.762
G0 X110.235 Y54.231
G0 X112.022 Y53.6
G0 X112.022 Y53.819
;TYPE:FILL
G1 F1500 E88.50631
G1 F3000 X122.376 Y15.179 E89.83682
G0 F9000 X122.376 Y15.4
G0 X118.401 Y15.4
G0 X118.401 Y15.179
G1 F3000 X95.679 Y21.267 E90.61921
G0 F9000 X95.679 Y22.084
G1 F3000 X97.529 Y15.179 E90.85697
G0 F9000 X97.529 Y15.4
G0 X100.861 Y15.4
G0 X100.861 Y15.18
G1 F3000 X124.319 Y38.637 E91.96034
G1 X124.319 Y38.44
G1 X95.68 Y46.114 E92.94648
G0 F9000 X95.679 Y45.265
G1 F3000 X103.741 Y15.179 E93.98245
G0 F9000 X103.741 Y15.4
G0 X109.346 Y15.4
G0 X109.346 Y15.18
G1 F3000 X124.319 Y30.152 E94.68671
G0 F9000 X124.319 Y31.11
G1 F3000 X118.234 Y53.82 E95.46869
G0 F9000 X118.234 Y53.6
G0 X114.045 Y53.6
G0 X114.045 Y53.82
G1 F3000 X95.679 Y35.453 E96.3326
G0 F9000 X95.9 Y35.453
G0 X95.9 Y33.691
G0 X95.68 Y33.691
G1 F3000 X124.318 Y26.017 E97.3187
G0 F9000 X124.1 Y26.017
G0 X124.1 Y21.667
G0 X124.319 Y21.667
G1 F3000 X117.832 Y15.18 E97.62383
G0 F9000 X117.832 Y15.4
G0 X116.164 Y15.4
G0 X116.164 Y15.179
G1 F3000 X105.81 Y53.819 E98.95434
G0 F9000 X105.559 Y53.819
G1 F3000 X95.679 Y43.938 E99.41909
G0 F9000 X95.9 Y43.938
G0 X95.9 Y39.902
G0 X95.679 Y39.902
G1 F3000 X124.318 Y32.229 E100.40522
G0 F9000 X124.1 Y32.229
G0 X124.1 Y44.652
G0 X124.318 Y44.652
G1 F3000 X95.68 Y52.326 E101.39133
G1 X95.679 Y52.424
G1 X97.074 Y53.819 E101.45695
G0 F9000 X97.074 Y53.6
G0 X99.599 Y53.6
G0 X99.599 Y53.82
G1 F3000 X109.952 Y15.18 E102.78745
G0 F9000 X109.952 Y15.4
G0 X95.9 Y18.483
G0 X95.679 Y18.483
G1 F3000 X124.319 Y47.123 E104.13459
G0 F9000 X124.1 Y47.123
G0 X124.1 Y50.864
G0 X124.318 Y50.864
G1 F3000 X113.288 Y53.819 E104.51439
G0 F9000 X113.288 Y53.6
G0 X122.53 Y53.6
G0 X122.53 Y53.82
G1 F3000 X95.679 Y26.968 E105.7774
G0 F9000 X95.679 Y27.479
G1 F3000 X124.318 Y19.805 E106.76354
G0 F9000 X123.8 Y19.805
G1 F1500 E100.26354
G0 F9000 X111.327 Y54.081
G0 X111.471 Y55.164
G0 X113.353 Y195.762
G0 X113.353 Y199.256
G0 X111.951 Y199.996
G0 X111.147 Y199.685
G0 X110.25 Y205.25
;TYPE:WALL-OUTER
G1 F1500 E106.76354
G1 F1200 X109.75 Y205.25 E106.78433
G1 X109.75 Y199.054 E107.04193
G1 X110.25 Y199.054 E107.06271
G1 X110.25 Y205.25 E107.32031
G1 F1500 E100.82031
;MESH:NONMESH
G0 F300 X110.25 Y205.25 Z18
G0 F9000 X110.03 Y205.03
G0 X110.086 Y199.217
G0 X111.147 Y199.685
G0 X111.951 Y199.996
G0 X113.353 Y199.256
G0 X113.353 Y195.762
G0 X111.153 Y195.762
G0 X110.069 Y195.815
G0 X110.002 Y54.419
G0 X110.005 Y54.943
;TIME_ELAPSED:5537.109293
;LAYER:89
;TYPE:WALL-INNER
;MESH:Viga_Rectangular.stl
G1 F1500 E107.32031
G1 X110.117 Y54.685 E107.33154
G1 X110.46 Y54.272 E107.35297
G1 X110.929 Y53.998 E107.37465
G1 X111.305 Y53.9 E107.39015
G1 X123.75 Y53.9 E107.88686
G1 X124.4 Y53.25 E107.92355
G1 X124.4 Y15.75 E109.42026
G1 X123.75 Y15.1 E109.45694
G1 X96.25 Y15.1 E110.55453
G1 X95.6 Y15.75 E110.59122
G1 X95.6 Y53.25 E112.08792
G1 X96.25 Y53.9 E112.12461
G1 X108.707 Y53.9 E112.6218
G1 X109.299 Y54.101 E112.64675
G1 X109.734 Y54.466 E112.66942
G1 X110.005 Y54.943 E112.69131
G1 F1500 E106.19131
G0 F9000 X110.002 Y54.419
G0 X110.03 Y196.295
G0 X110.25 Y196.515
;TYPE:WALL-OUTER
G1 F1500 E112.69131
G1 F1200 X110.25 Y196.265 E112.70171
G1 X110.25 Y125.857 E115.62893
G1 F1197.6 X110.25 Y55.449 E118.56201
G1 F1260.5 X110.419 Y54.957 E118.5826
G1 F1411.8 X110.725 Y54.579 E118.59979
G1 F1500 X111.067 Y54.38 E118.61295
G1 X111.342 Y54.303 E118.62244
G1 X123.916 Y54.3 E119.04066
G1 X124.8 Y53.416 E119.08224
G1 X124.8 Y15.584 E120.34054
G1 X123.916 Y14.7 E120.38212
G1 X96.084 Y14.7 E121.30781
G1 X95.2 Y15.584 E121.34939
G1 X95.2 Y53.416 E122.60769
G1 X96.084 Y54.3 E122.64927
G1 X108.659 Y54.303 E123.06752
G1 X109.099 Y54.455 E123.083
G1 X109.423 Y54.727 E123.09707
G1 X109.614 Y55.057 E123.10975
G1 F1330.4 X109.749 Y55.431 E123.12466
G1 F1197.6 X109.749 Y125.848 E126.05812
G1 F1200 X109.75 Y196.265 E128.98572
G1 X109.75 Y196.515 E128.99611
G1 X110.25 Y196.515 E129.0169
G1 F1500 E122.5169
G0 F9000 X110.03 Y196.295
G0 X110.062 Y55.431
G0 X110.138 Y55.022
G0 X110.261 Y54.762
G0 X110.235 Y54.231
G0 X111.876 Y53.6
G0 X111.876 Y53.819
;TYPE:FILL
G1 F1500 E129.0169
G1 F3000 X122.23 Y15.179 E130.34741
G0 F9000 X122.23 Y15.4
G0 X118.945 Y15.4
G0 X118.945 Y15.179
G1 F3000 X95.679 Y21.413 E131.14854
G1 X95.679 Y21.539
G1 X97.383 Y15.179 E131.36753
G0 F9000 X97.383 Y15.4
G0 X95.9 Y18.283
G0 X95.679 Y18.283
G1 F3000 X124.319 Y46.923 E132.71467
G0 F9000 X124.1 Y46.923
G0 X124.1 Y44.798
G0 X124.318 Y44.798
G1 F3000 X95.68 Y52.472 E133.70078
G0 F9000 X95.679 Y52.224
G1 F3000 X97.273 Y53.819 E133.77578
G0 F9000 X97.273 Y53.6
G0 X99.453 Y53.6
G0 X99.453 Y53.82
G1 F3000 X109.806 Y15.179 E135.10631
G0 F9000 X109.546 Y15.18
G1 F3000 X124.319 Y29.953 E135.80119
G0 F9000 X124.319 Y30.565
G1 F3000 X118.088 Y53.819 E136.6019
G0 F9000 X118.088 Y53.6
G0 X114.245 Y53.6
G0 X114.245 Y53.82
G1 F3000 X95.679 Y35.254 E137.47519
G0 F9000 X95.9 Y35.254
G0 X95.9 Y33.837
G0 X95.679 Y33.837
G1 F3000 X124.318 Y26.163 E138.46133
G0 F9000 X124.1 Y26.163
G0 X124.1 Y21.467
G0 X124.319 Y21.467
G1 F3000 X118.031 Y15.18 E138.75708
G0 F9000 X118.031 Y15.4
G0 X116.018 Y15.4
G0 X116.018 Y15.18
G1 F3000 X105.664 Y53.819 E140.08756
G1 X105.759 Y53.819
G1 X95.679 Y43.739 E140.56169
G0 F9000 X95.679 Y44.719
G1 F3000 X103.595 Y15.179 E141.57886
G0 F9000 X103.595 Y15.4
G0 X101.061 Y15.4
G0 X101.061 Y15.18
G1 F3000 X124.319 Y38.438 E142.67284
G1 X124.319 Y38.586
G1 X95.68 Y46.26 E143.65898
G0 F9000 X95.9 Y46.26
G0 X95.9 Y40.048
G0 X95.679 Y40.048
G1 F3000 X124.318 Y32.375 E144.64512
G0 F9000 X124.1 Y32.375
G0 X124.1 Y19.951
G0 X124.318 Y19.951
G1 F3000 X95.68 Y27.625 E145.63123
G0 F9000 X95.679 Y26.768
G1 F3000 X122.73 Y53.82 E146.90365
G0 F9000 X122.73 Y53.6
G0 X124.1 Y51.009
G0 X124.319 Y51.009
G1 F3000 X113.833 Y53.819 E147.26472
G0 F9000 X113.833 Y53.3
G1 F1500 E140.76472
G0 F9000 X110.989 Y54.151
G0 X110.571 Y54.393
G0 X110.261 Y54.762
G0 X110.138 Y55.022
G0 X110.086 Y196.351
G0 X110.086 Y198.66
G0 X110.25 Y205.25
;TYPE:WALL-OUTER
G1 F1500 E147.26472
G1 F1200 X109.75 Y205.25 E147.2855
G1 X109.75 Y198.497 E147.56626
G1 X110.25 Y198.497 E147.58705
G1 X110.25 Y205.25 E147.86781
G1 F1500 E141.36781
;MESH:NONMESH
G0 F300 X110.25 Y205.25 Z18.2
G0 F9000 X110.03 Y205.03
G0 X110.086 Y198.66
G0 X110.075 Y196.365
G0 X110.002 Y54.419
G0 X110.005 Y54.943
;TIME_ELAPSED:5586.161689
;LAYER:90
;TYPE:WALL-INNER
;MESH:Viga_Rectangular.stl
G1 F1500 E147.86781
G1 X110.117 Y54.685 E147.87903
G1 X110.46 Y54.272 E147.90046
G1 X110.929 Y53.998 E147.92214
G1 X111.305 Y53.9 E147.93765
G1 X123.75 Y53.9 E148.43435
G1 X124.4 Y53.25 E148.47104
G1 X124.4 Y15.75 E149.96775
G1 X123.75 Y15.1 E150.00444
G1 X96.25 Y15.1 E151.10202
G1 X95.6 Y15.75 E151.13871
G1 X95.6 Y53.25 E152.63542
G1 X96.25 Y53.9 E152.6721
G1 X108.707 Y53.9 E153.16929
G1 X109.299 Y54.101 E153.19424
G1 X109.734 Y54.466 E153.21691
G1 X110.005 Y54.943 E153.2388
G1 F1500 E146.7388
G0 F9000 X110.002 Y54.419
G0 X110.03 Y205.03
G0 X110.25 Y205.25
;TYPE:WALL-OUTER
G1 F1500 E153.2388
G1 F1200 X110.25 Y205 E153.2492
G1 X110.25 Y130.225 E156.35798
G1 F1197.6 X110.25 Y55.45 E159.47298
G1 F1260.5 X110.419 Y54.957 E159.49361
G1 F1411.8 X110.725 Y54.579 E159.5108
G1 F1500 X111.067 Y54.38 E159.52396
G1 X111.342 Y54.303 E159.53345
G1 X123.916 Y54.3 E159.95167
G1 X124.8 Y53.416 E159.99325
G1 X124.8 Y15.584 E161.25155
G1 X123.916 Y14.7 E161.29313
G1 X96.084 Y14.7 E162.21882
G1 X95.2 Y15.584 E162.2604
G1 X95.2 Y53.416 E163.5187
G1 X96.084 Y54.3 E163.56028
G1 X108.659 Y54.303 E163.97853
G1 X109.099 Y54.455 E163.99401
G1 X109.423 Y54.727 E164.00808
G1 X109.614 Y55.057 E164.02076
G1 F1330.4 X109.749 Y55.43 E164.03564
G1 F1197.6 X109.749 Y130.215 E167.15106
G1 F1200 X109.75 Y205 E170.26025
G1 X109.75 Y205.25 E170.27065
G1 X110.25 Y205.25 E170.29144
G1 F1500 E163.79144
G0 F9000 X110.03 Y205.03
G0 X110.062 Y55.432
G0 X110.138 Y55.022
G0 X110.261 Y54.762
G0 X110.235 Y54.231
G0 X111.729 Y53.6
G0 X111.729 Y53.819
;TYPE:FILL
G1 F1500 E170.29144
G1 F3000 X122.083 Y15.179 E171.62195
G0 F9000 X122.083 Y15.4
G0 X119.494 Y15.4
G0 X119.494 Y15.179
G1 F3000 X95.679 Y21.56 E172.44198
G0 F9000 X95.679 Y20.99
G1 F3000 X97.236 Y15.179 E172.64207
G0 F9000 X97.236 Y15.4
G0 X95.9 Y18.082
G0 X95.679 Y18.082
G1 F3000 X124.319 Y46.722 E173.98921
G0 F9000 X124.1 Y46.722
G0 X124.1 Y44.945
G0 X124.318 Y44.945
G1 F3000 X95.68 Y52.619 E174.97532
G0 F9000 X95.679 Y52.023
G1 F3000 X97.474 Y53.819 E175.05977
G0 F9000 X97.474 Y53.6
G0 X99.306 Y53.6
G0 X99.306 Y53.82
G1 F3000 X109.659 Y15.18 E176.39027
G1 X109.747 Y15.18
G1 X124.319 Y29.752 E177.0757
G0 F9000 X124.319 Y30.016
G1 F3000 X117.941 Y53.819 E177.89531
G0 F9000 X117.941 Y53.6
G0 X114.445 Y53.6
G0 X114.445 Y53.82
G1 F3000 X95.679 Y35.053 E178.77803
G0 F9000 X95.9 Y35.053
G0 X95.9 Y33.984
G0 X95.679 Y33.984
G1 F3000 X124.318 Y26.31 E179.76417
G0 F9000 X124.1 Y26.31
G0 X124.1 Y21.266
G0 X124.319 Y21.266
G1 F3000 X118.232 Y15.18 E180.05046
G0 F9000 X118.232 Y15.4
G0 X115.871 Y15.4
G0 X115.871 Y15.179
G1 F3000 X105.517 Y53.819 E181.38098
G0 F9000 X105.959 Y53.819
G1 F3000 X95.679 Y43.538 E181.86454
G0 F9000 X95.679 Y44.17
G1 F3000 X103.448 Y15.179 E182.86281
G0 F9000 X103.448 Y15.4
G0 X101.261 Y15.4
G0 X101.261 Y15.18
G1 F3000 X124.319 Y38.237 E183.94736
G0 F9000 X124.319 Y38.733
G1 F3000 X95.68 Y46.407 E184.9335
G0 F9000 X95.9 Y46.407
G0 X95.9 Y40.195
G0 X95.679 Y40.195
G1 F3000 X124.318 Y32.522 E185.91963
G0 F9000 X124.1 Y32.522
G0 X124.1 Y20.098
G0 X124.318 Y20.098
G1 F3000 X95.68 Y27.772 E186.90574
G0 F9000 X95.9 Y27.772
G0 X95.9 Y26.568
G0 X95.679 Y26.568
G1 F3000 X122.931 Y53.82 E188.18759
G0 F9000 X122.931 Y53.6
G0 X124.1 Y51.156
G0 X124.319 Y51.156
G1 F3000 X114.382 Y53.819 E188.52976
G0 F9000 X114.382 Y53.3
;MESH:NONMESH
G0 F300 X114.382 Y53.3 Z18.4
G0 F9000 X111.272 Y53.661
G0 X110.834 Y53.779
G0 X110.411 Y54.023
G0 X110.002 Y54.419
G0 X110.005 Y54.943
;TIME_ELAPSED:5632.019008
;LAYER:91
;TYPE:WALL-INNER
;MESH:Viga_Rectangular.stl
G1 F1500 X110.117 Y54.685 E188.54099
G1 X110.46 Y54.272 E188.56241
G1 X110.929 Y53.998 E188.58409
G1 X111.305 Y53.9 E188.5996
G1 X123.75 Y53.9 E189.09631
G1 X124.4 Y53.25 E189.133
G1 X124.4 Y15.75 E190.6297
G1 X123.75 Y15.1 E190.66639
G1 X96.25 Y15.1 E191.76397
G1 X95.6 Y15.75 E191.80066
G1 X95.6 Y53.25 E193.29737
G1 X96.25 Y53.9 E193.33406
G1 X108.707 Y53.9 E193.83124
G1 X109.299 Y54.101 E193.8562
G1 X109.734 Y54.466 E193.87886
G1 X110.005 Y54.943 E193.90076
G1 F1500 E187.40076
G0 F9000 X110.002 Y54.419
G0 X110.03 Y205.03
G0 X110.25 Y205.25
;TYPE:WALL-OUTER
G1 F1500 E193.90076
G1 F1200 X110.25 Y205 E193.91115
G1 X110.25 Y130.225 E197.01993
G1 F1197.6 X110.25 Y55.45 E200.13494
G1 F1260.5 X110.419 Y54.957 E200.15556
G1 F1411.8 X110.725 Y54.579 E200.17275
G1 F1500 X111.067 Y54.38 E200.18591
G1 X111.342 Y54.303 E200.19541
G1 X123.916 Y54.3 E200.61362
G1 X124.8 Y53.416 E200.6552
G1 X124.8 Y15.584 E201.9135
G1 X123.916 Y14.7 E201.95508
G1 X96.084 Y14.7 E202.88078
G1 X95.2 Y15.584 E202.92236
G1 X95.2 Y53.416 E204.18065
G1 X96.084 Y54.3 E204.22223
G1 X108.659 Y54.303 E204.64048
G1 X109.099 Y54.455 E204.65596
G1 X109.423 Y54.727 E204.67003
G1 X109.614 Y55.057 E204.68272
G1 F1330.4 X109.749 Y55.431 E204.69763
G1 F1197.6 X109.749 Y130.216 E207.81304
G1 F1200 X109.75 Y205.001 E210.92224
G1 X109.75 Y205.25 E210.9326
G1 X110.25 Y205.25 E210.95338
G1 F1500 E204.45338
G0 F9000 X110.03 Y205.03
G0 X110.062 Y55.433
G0 X110.138 Y55.022
G0 X110.261 Y54.762
G0 X110.159 Y54.321
G0 X111.583 Y53.6
G0 X111.583 Y53.819
;TYPE:FILL
G1 F1500 E210.95338
G1 F3000 X121.937 Y15.179 E212.28389
G0 F9000 X121.937 Y15.4
G0 X120.039 Y15.4
G0 X120.039 Y15.179
G1 F3000 X95.679 Y21.707 E213.1227
G0 F9000 X95.9 Y21.707
G0 X95.9 Y20.446
G0 X95.679 Y20.446
G1 F3000 X97.09 Y15.18 E213.30403
G0 F9000 X96.859 Y15.179
G1 F3000 X96.072 Y15.389 E213.33112
G0 F9000 X96.227 Y15.545
G0 X95.9 Y17.883
G0 X95.679 Y17.883
G1 F3000 X124.319 Y46.523 E214.67825
G0 F9000 X124.1 Y46.523
G0 X124.1 Y45.091
G0 X124.318 Y45.091
G1 F3000 X95.679 Y52.765 E215.6644
G0 F9000 X95.679 Y51.824
G1 F3000 X97.674 Y53.819 E215.75823
G0 F9000 X97.674 Y53.6
G0 X99.16 Y53.6
G0 X99.16 Y53.819
G1 F3000 X109.513 Y15.179 E217.08874
G0 F9000 X109.946 Y15.18
G1 F3000 X124.319 Y29.552 E217.76477
G1 X124.319 Y29.471
G1 X117.795 Y53.819 E218.60316
G0 F9000 X117.795 Y53.6
G0 X114.926 Y53.6
G0 X114.926 Y53.819
G1 F3000 X124.319 Y51.302 E218.92659
G0 F9000 X124.1 Y51.302
G0 X124.1 Y52.653
G0 X124.319 Y52.653
G1 F3000 X124.113 Y53.423 E218.95311
G0 F9000 X123.959 Y53.269
G0 X123.13 Y53.6
G0 X123.13 Y53.82
G1 F3000 X95.679 Y26.368 E220.24434
G0 F9000 X95.9 Y26.368
G0 X95.9 Y27.918
G0 X95.68 Y27.918
G1 F3000 X124.318 Y20.244 E221.23045
G0 F9000 X124.319 Y21.067
G1 F3000 X118.431 Y15.18 E221.50738
G0 F9000 X118.431 Y15.4
G0 X115.725 Y15.4
G0 X115.725 Y15.18
G1 F3000 X105.371 Y53.82 E222.83789
G0 F9000 X106.159 Y53.819
G1 F3000 X95.679 Y43.339 E223.33084
G0 F9000 X95.679 Y43.626
G1 F3000 X103.302 Y15.179 E224.31037
G0 F9000 X103.302 Y15.4
G0 X101.461 Y15.4
G0 X101.461 Y15.18
G1 F3000 X124.319 Y38.038 E225.38554
G0 F9000 X124.318 Y38.879
G1 F3000 X95.68 Y46.553 E226.37165
G0 F9000 X95.9 Y46.553
G0 X95.9 Y40.341
G0 X95.68 Y40.341
G1 F3000 X124.319 Y32.667 E227.35779
G0 F9000 X124.1 Y32.667
G0 X124.1 Y26.456
G0 X124.318 Y26.456
G1 F3000 X95.679 Y34.13 E228.34393
G0 F9000 X95.679 Y34.854
G1 F3000 X114.645 Y53.82 E229.23603
G0 F9000 X114.645 Y53.3
;MESH:NONMESH
G0 F300 X114.645 Y53.3 Z18.6
G0 F9000 X111.272 Y53.661
G0 X110.834 Y53.779
G0 X110.411 Y54.023
G0 X110.002 Y54.419
G0 X110.005 Y54.943
;TIME_ELAPSED:5677.589423
;LAYER:92
;TYPE:WALL-INNER
;MESH:Viga_Rectangular.stl
G1 F1500 X110.117 Y54.685 E229.24726
G1 X110.46 Y54.272 E229.26869
G1 X110.929 Y53.998 E229.29036
G1 X111.305 Y53.9 E229.30587
G1 X123.75 Y53.9 E229.80258
G1 X124.4 Y53.25 E229.83927
G1 X124.4 Y15.75 E231.33597
G1 X123.75 Y15.1 E231.37266
G1 X96.25 Y15.1 E232.47025
G1 X95.6 Y15.75 E232.50694
G1 X95.6 Y53.25 E234.00364
G1 X96.25 Y53.9 E234.04033
G1 X108.707 Y53.9 E234.53752
G1 X109.299 Y54.101 E234.56247
G1 X109.734 Y54.466 E234.58513
G1 X110.005 Y54.943 E234.60703
G1 F1500 E228.10703
G0 F9000 X110.002 Y54.419
G0 X110.03 Y205.03
G0 X110.25 Y205.25
;TYPE:WALL-OUTER
G1 F1500 E234.60703
G1 F1200 X110.25 Y205 E234.61742
G1 X110.25 Y180.071 E235.65385
G1 F1197.6 X110.25 Y155.142 E236.69235
G1 F1195.2 X110.25 Y130.213 E237.73292
G1 F1190.5 X110.25 Y105.284 E238.77764
G1 F1188.1 X110.25 Y80.355 E239.82444
G1 F1185.8 X110.251 Y55.426 E240.8733
G1 F1250 X110.402 Y54.978 E240.89217
G1 F1408.5 X110.725 Y54.579 E240.91035
G1 F1500 X111.067 Y54.38 E240.92351
G1 X111.342 Y54.303 E240.93301
G1 X123.916 Y54.3 E241.35122
G1 X124.8 Y53.416 E241.3928
G1 X124.8 Y15.584 E242.6511
G1 X123.916 Y14.7 E242.69268
G1 X96.084 Y14.7 E243.61838
G1 X95.2 Y15.584 E243.65996
G1 X95.2 Y53.416 E244.91826
G1 X96.084 Y54.3 E244.95984
G1 X108.659 Y54.303 E245.37808
G1 X109.099 Y54.455 E245.39357
G1 X109.423 Y54.727 E245.40764
G1 F1470.6 X109.643 Y55.115 E245.42277
G1 F1301.5 X109.75 Y55.404 E245.43458
G1 F1185.8 X109.75 Y80.337 E246.48361
G1 F1188.1 X109.75 Y105.27 E247.53057
G1 F1190.5 X109.75 Y130.203 E248.57546
G1 F1195.2 X109.75 Y155.136 E249.6162
G1 F1197.6 X109.75 Y180.069 E250.65487
G1 F1200 X109.75 Y205.002 E251.69146
G1 X109.75 Y205.25 E251.70177
G1 X110.25 Y205.25 E251.72256
G1 F1500 E245.22256
G0 F9000 X110.03 Y205.03
G0 X110.062 Y55.435
G0 X110.138 Y55.023
G0 X110.261 Y54.762
G0 X110.071 Y54.426
G0 X111.436 Y53.6
G0 X111.436 Y53.819
;TYPE:FILL
G1 F1500 E251.72256
G1 F3000 X121.79 Y15.179 E253.05307
G0 F9000 X121.79 Y15.4
G0 X120.587 Y15.4
G0 X120.587 Y15.179
G1 F3000 X95.679 Y21.853 E253.91074
G0 F9000 X95.9 Y21.853
G0 X95.9 Y19.897
G0 X95.679 Y19.897
G1 F3000 X96.943 Y15.18 E254.07316
G0 F9000 X97.406 Y15.179
G1 F3000 X95.871 Y15.59 E254.12601
G0 F9000 X96.026 Y15.746
G0 X95.9 Y17.682
G0 X95.679 Y17.682
G1 F3000 X124.319 Y46.322 E255.47315
G0 F9000 X124.1 Y46.322
G0 X124.1 Y45.238
G0 X124.318 Y45.238
G1 F3000 X95.679 Y52.912 E256.45929
G0 F9000 X95.9 Y52.912
G0 X95.9 Y51.623
G0 X95.679 Y51.623
G1 F3000 X97.874 Y53.819 E256.56256
G0 F9000 X97.874 Y53.6
G0 X99.013 Y53.6
G0 X99.013 Y53.82
G1 F3000 X109.366 Y15.179 E257.8931
G0 F9000 X110.147 Y15.18
G1 F3000 X124.319 Y29.352 E258.5597
G0 F9000 X124.319 Y28.923
G1 F3000 X117.648 Y53.819 E259.41696
G0 F9000 X117.648 Y53.6
G0 X115.475 Y53.6
G0 X115.475 Y53.819
G1 F3000 X124.319 Y51.449 E259.72149
G0 F9000 X124.319 Y52.104
G1 F3000 X123.912 Y53.624 E259.77383
G0 F9000 X123.331 Y53.82
G1 F3000 X95.679 Y26.167 E261.07452
G0 F9000 X95.9 Y26.167
G0 X95.9 Y28.065
G0 X95.68 Y28.065
G1 F3000 X124.318 Y20.391 E262.06063
G0 F9000 X124.319 Y20.866
G1 F3000 X118.632 Y15.18 E262.3281
G0 F9000 X118.632 Y15.4
G0 X115.578 Y15.4
G0 X115.578 Y15.18
G1 F3000 X105.224 Y53.82 E263.65861
G0 F9000 X105.224 Y53.6
G0 X106.36 Y53.6
G0 X106.36 Y53.819
G1 F3000 X95.679 Y43.138 E264.16101
G1 X95.679 Y43.077
G1 X103.155 Y15.179 E265.12164
G0 F9000 X103.155 Y15.4
G0 X101.662 Y15.4
G0 X101.662 Y15.18
G1 F3000 X124.319 Y37.837 E266.18736
G0 F9000 X124.1 Y37.837
G0 X124.1 Y39.026
G0 X124.318 Y39.026
G1 F3000 X95.68 Y46.7 E267.17347
G0 F9000 X95.9 Y46.7
G0 X95.9 Y40.488
G0 X95.679 Y40.488
G1 F3000 X124.319 Y32.814 E268.15964
G0 F9000 X124.1 Y32.814
G0 X124.1 Y26.603
G0 X124.318 Y26.603
G1 F3000 X95.679 Y34.277 E269.14578
G0 F9000 X95.679 Y34.653
G1 F3000 X114.846 Y53.82 E270.04734
G0 F9000 X114.846 Y53.3
;MESH:NONMESH
G0 F300 X114.846 Y53.3 Z18.8
G0 F9000 X111.272 Y53.661
G0 X110.834 Y53.779
G0 X110.411 Y54.023
G0 X110.002 Y54.419
G0 X110.005 Y54.943
;TIME_ELAPSED:5723.283211
;LAYER:93
;TYPE:WALL-INNER
;MESH:Viga_Rectangular.stl
G1 F1500 X110.117 Y54.685 E270.05856
G1 X110.46 Y54.272 E270.07999
G1 X110.929 Y53.998 E270.10167
G1 X111.305 Y53.9 E270.11718
G1 X123.75 Y53.9 E270.61389
G1 X124.4 Y53.25 E270.65057
G1 X124.4 Y15.75 E272.14728
G1 X123.75 Y15.1 E272.18397
G1 X96.25 Y15.1 E273.28155
G1 X95.6 Y15.75 E273.31824
G1 X95.6 Y53.25 E274.81495
G1 X96.25 Y53.9 E274.85164
G1 X108.707 Y53.9 E275.34882
G1 X109.299 Y54.101 E275.37378
G1 X109.734 Y54.466 E275.39644
G1 X110.005 Y54.943 E275.41834
G1 F1500 E268.91834
G0 F9000 X110.002 Y54.419
G0 X110.03 Y205.03
G0 X110.25 Y205.25
;TYPE:WALL-OUTER
G1 F1500 E275.41834
G1 F1200 X110.25 Y205 E275.42873
G1 X110.25 Y180.071 E276.46516
G1 F1197.6 X110.25 Y155.142 E277.50366
G1 F1195.2 X110.25 Y130.213 E278.54423
G1 F1190.5 X110.25 Y105.284 E279.58895
G1 F1188.1 X110.25 Y80.355 E280.63574
G1 F1185.8 X110.251 Y55.426 E281.68461
G1 F1250 X110.402 Y54.978 E281.70347
G1 F1408.5 X110.725 Y54.579 E281.72166
G1 F1500 X111.067 Y54.38 E281.73482
G1 X111.342 Y54.303 E281.74432
G1 X123.916 Y54.3 E282.16253
G1 X124.8 Y53.416 E282.20411
G1 X124.8 Y15.584 E283.46241
G1 X123.916 Y14.7 E283.50399
G1 X96.084 Y14.7 E284.42969
G1 X95.2 Y15.584 E284.47127
G1 X95.2 Y53.416 E285.72956
G1 X96.084 Y54.3 E285.77114
G1 X108.659 Y54.303 E286.18939
G1 X109.099 Y54.455 E286.20487
G1 X109.423 Y54.727 E286.21894
G1 F1470.6 X109.643 Y55.115 E286.23408
G1 F1301.5 X109.75 Y55.404 E286.24589
G1 F1185.8 X109.75 Y80.337 E287.29492
G1 F1188.1 X109.75 Y105.27 E288.34188
G1 F1190.5 X109.75 Y130.203 E289.38677
G1 F1195.2 X109.75 Y155.136 E290.42751
G1 F1197.6 X109.75 Y180.069 E291.46617
G1 F1200 X109.75 Y205.002 E292.50277
G1 X109.75 Y205.25 E292.51308
G1 X110.25 Y205.25 E292.53387
G1 F1500 E286.03387
G0 F9000 X110.03 Y205.03
G0 X110.062 Y55.436
G0 X110.138 Y55.023
G0 X111.235 Y53.608
G0 X111.29 Y53.82
;TYPE:FILL
G1 F1500 E292.53387
G1 F3000 X121.644 Y15.18 E293.86438
G0 F9000 X121.132 Y15.179
G1 F3000 X95.68 Y21.999 E294.74078
G0 F9000 X95.9 Y21.999
G0 X95.9 Y19.353
G0 X95.679 Y19.353
G1 F3000 X96.797 Y15.179 E294.8845
G0 F9000 X96.797 Y15.4
G0 X97.952 Y15.4
G0 X97.952 Y15.179
G1 F3000 X95.679 Y15.788 E294.96277
G0 F9000 X95.892 Y15.87
G0 X95.9 Y17.483
G0 X95.679 Y17.483
G1 F3000 X124.319 Y46.123 E296.3099
G0 F9000 X124.319 Y45.384
G1 F3000 X95.679 Y53.058 E297.29608
G0 F9000 X95.9 Y53.058
G0 X95.9 Y51.424
G0 X95.679 Y51.424
G1 F3000 X98.074 Y53.819 E297.40873
G0 F9000 X98.867 Y53.819
G1 F3000 X109.22 Y15.179 E298.73923
G0 F9000 X109.22 Y15.4
G0 X110.346 Y15.4
G0 X110.346 Y15.18
G1 F3000 X124.319 Y29.152 E299.39646
G0 F9000 X124.319 Y28.378
G1 F3000 X117.502 Y53.819 E300.27248
G0 F9000 X117.502 Y53.6
G0 X116.019 Y53.6
G0 X116.019 Y53.819
G1 F3000 X124.319 Y51.595 E300.55828
G1 X124.319 Y51.56
G1 X123.713 Y53.819 E300.63607
G1 X123.53 Y53.82
G1 X95.679 Y25.968 E301.94612
G0 F9000 X95.9 Y25.968
G0 X95.9 Y28.211
G0 X95.679 Y28.211
G1 F3000 X124.318 Y20.537 E302.93226
G1 X124.319 Y20.667
G1 X118.832 Y15.18 E303.19035
G0 F9000 X118.832 Y15.4
G0 X115.432 Y15.4
G0 X115.432 Y15.18
G1 F3000 X105.079 Y53.819 E304.52082
G0 F9000 X105.079 Y53.6
G0 X106.559 Y53.6
G0 X106.559 Y53.819
G1 F3000 X95.679 Y42.939 E305.03258
G0 F9000 X95.679 Y42.533
G1 F3000 X103.009 Y15.179 E305.97448
G0 F9000 X103.009 Y15.4
G0 X101.861 Y15.4
G0 X101.861 Y15.18
G1 F3000 X124.319 Y37.637 E307.03081
G0 F9000 X124.1 Y37.637
G0 X124.1 Y39.172
G0 X124.318 Y39.172
G1 F3000 X95.679 Y46.846 E308.01695
G0 F9000 X95.9 Y46.846
G0 X95.9 Y40.634
G0 X95.68 Y40.634
G1 F3000 X124.319 Y32.96 E309.00309
G0 F9000 X124.1 Y32.96
G0 X124.1 Y26.749
G0 X124.318 Y26.749
G1 F3000 X95.679 Y34.423 E309.98923
G1 X95.679 Y34.453
G1 X115.045 Y53.82 E310.90017
G0 F9000 X115.045 Y53.3
;MESH:NONMESH
G0 F300 X115.045 Y53.3 Z19
G0 F9000 X111.272 Y53.661
G0 X110.834 Y53.779
G0 X110.411 Y54.023
G0 X110.002 Y54.419
G0 X110.007 Y54.934
;TIME_ELAPSED:5768.852290
;LAYER:94
;TYPE:WALL-INNER
;MESH:Viga_Rectangular.stl
G1 F1500 X110.173 Y54.617 E310.91445
G1 X110.46 Y54.272 E310.93237
G1 X110.929 Y53.998 E310.95404
G1 X111.305 Y53.9 E310.96955
G1 X123.75 Y53.9 E311.46626
G1 X124.4 Y53.25 E311.50295
G1 X124.4 Y15.75 E312.99965
G1 X123.75 Y15.1 E313.03634
G1 X96.25 Y15.1 E314.13393
G1 X95.6 Y15.75 E314.17062
G1 X95.6 Y53.25 E315.66732
G1 X96.25 Y53.9 E315.70401
G1 X108.707 Y53.9 E316.2012
G1 X109.299 Y54.101 E316.22615
G1 X109.735 Y54.467 E316.24887
G1 X110.007 Y54.934 E316.27044
G1 F1500 E309.77044
G0 F9000 X110.002 Y54.419
G0 X109.97 Y205.03
G0 X109.75 Y205.25
;TYPE:WALL-OUTER
G1 F1500 E316.27044
G1 F1200 X110.25 Y205.25 E316.29123
G1 X110.25 Y155.31 E318.36749
G1 F1195.2 X110.251 Y105.37 E320.45206
G1 F1192.8 X110.251 Y55.43 E322.54078
G1 F1255.2 X110.4 Y54.98 E322.55962
G1 F1408.5 X110.725 Y54.579 E322.57791
G1 F1500 X111.067 Y54.38 E322.59107
G1 X111.342 Y54.303 E322.60057
G1 X123.916 Y54.3 E323.01878
G1 X124.8 Y53.416 E323.06036
G1 X124.8 Y15.584 E324.31866
G1 X123.916 Y14.7 E324.36024
G1 X96.084 Y14.7 E325.28593
G1 X95.2 Y15.584 E325.32751
G1 X95.2 Y53.416 E326.58581
G1 X96.084 Y54.3 E326.62739
G1 X108.659 Y54.303 E327.04564
G1 X109.099 Y54.455 E327.06112
G1 X109.423 Y54.728 E327.07521
G1 X109.614 Y55.055 E327.08781
G1 F1327.4 X109.752 Y55.382 E327.10115
G1 F1192.8 X109.752 Y105.338 E329.19054
G1 F1195.2 X109.751 Y155.294 E331.27578
G1 F1200 X109.75 Y205.25 E333.3527
G1 F1500 E326.8527
G0 F9000 X109.97 Y205.03
G0 X110.061 Y55.437
G0 X110.138 Y55.022
G0 X111.077 Y53.651
G0 X111.132 Y53.862
;TYPE:FILL
G1 F1500 E333.3527
G1 F3000 X121.497 Y15.179 E334.68469
G1 X121.681 Y15.179
G1 X95.68 Y22.146 E335.58
G0 F9000 X95.9 Y22.146
G0 X95.9 Y18.804
G0 X95.679 Y18.804
G1 F3000 X96.65 Y15.179 E335.70481
G0 F9000 X96.65 Y15.4
G0 X95.9 Y15.935
G0 X95.679 Y15.935
G1 F3000 X98.501 Y15.179 E335.80198
G0 F9000 X98.501 Y15.4
G0 X95.9 Y17.282
G0 X95.679 Y17.282
G1 F3000 X124.319 Y45.922 E337.14912
G0 F9000 X124.319 Y45.531
G1 F3000 X95.679 Y53.205 E338.1353
G0 F9000 X95.892 Y53.13
G0 X95.9 Y51.223
G0 X95.679 Y51.223
G1 F3000 X98.275 Y53.819 E338.2574
G0 F9000 X98.72 Y53.819
G1 F3000 X109.073 Y15.179 E339.58791
G0 F9000 X109.073 Y15.4
G0 X110.547 Y15.4
G0 X110.547 Y15.18
G1 F3000 X124.319 Y28.951 E340.23567
G0 F9000 X124.1 Y28.951
G0 X124.1 Y27.829
G0 X124.319 Y27.829
G1 F3000 X117.355 Y53.819 E341.1306
G0 F9000 X116.568 Y53.819
G1 F3000 X124.319 Y51.742 E341.39749
G0 F9000 X124.319 Y51.011
G1 F3000 X123.566 Y53.819 E341.49419
G1 X123.723 Y53.812
G1 X95.679 Y25.767 E342.81332
G0 F9000 X95.9 Y25.767
G0 X95.9 Y28.358
G0 X95.679 Y28.358
G1 F3000 X124.318 Y20.684 E343.79946
G0 F9000 X124.319 Y20.466
G1 F3000 X119.032 Y15.18 E344.04812
G0 F9000 X119.032 Y15.4
G0 X115.285 Y15.4
G0 X115.285 Y15.18
G1 F3000 X104.932 Y53.819 E345.37859
G0 F9000 X104.932 Y53.6
G0 X106.76 Y53.6
G0 X106.76 Y53.819
G1 F3000 X95.679 Y42.738 E345.8998
G0 F9000 X95.679 Y41.984
G1 F3000 X102.862 Y15.179 E346.8228
G0 F9000 X102.062 Y15.18
G1 F3000 X124.319 Y37.437 E347.8697
G0 F9000 X124.1 Y37.437
G0 X124.1 Y39.319
G0 X124.318 Y39.319
G1 F3000 X95.68 Y46.993 E348.85581
G0 F9000 X95.9 Y46.993
G0 X95.9 Y40.781
G0 X95.68 Y40.781
G1 F3000 X124.319 Y33.107 E349.84195
G0 F9000 X124.1 Y33.107
G0 X124.1 Y26.896
G0 X124.318 Y26.896
G1 F3000 X95.679 Y34.57 E350.82809
G0 F9000 X95.679 Y34.252
G1 F3000 X115.246 Y53.82 E351.74848
G0 F9000 X115.246 Y53.3
;MESH:NONMESH
G0 F300 X115.246 Y53.3 Z19.2
G0 F9000 X111.272 Y53.661
G0 X110.834 Y53.779
G0 X110.411 Y54.023
G0 X110.002 Y54.419
G0 X110.007 Y54.934
;TIME_ELAPSED:5814.464381
;LAYER:95
;TYPE:WALL-INNER
;MESH:Viga_Rectangular.stl
G1 F1500 X110.173 Y54.617 E351.76277
G1 X110.46 Y54.272 E351.78068
G1 X110.932 Y53.996 E351.8025
G1 X111.326 Y53.902 E351.81867
G1 X123.75 Y53.9 E352.31453
G1 X124.4 Y53.25 E352.35122
G1 X124.4 Y15.75 E353.84793
G1 X123.75 Y15.1 E353.88462
G1 X96.25 Y15.1 E354.9822
G1 X95.6 Y15.75 E355.01889
G1 X95.6 Y53.25 E356.5156
G1 X96.25 Y53.9 E356.55229
G1 X108.707 Y53.9 E357.04947
G1 X109.299 Y54.101 E357.07443
G1 X109.735 Y54.467 E357.09715
G1 X110.007 Y54.934 E357.11872
G1 F1500 E350.61872
G0 F9000 X110.002 Y54.419
G0 X109.97 Y205.03
G0 X109.75 Y205.25
;TYPE:WALL-OUTER
G1 F1500 E357.11872
G1 F1200 X110.25 Y205.25 E357.1395
G1 X110.25 Y155.31 E359.21577
G1 F1195.2 X110.251 Y105.37 E361.30034
G1 F1192.8 X110.252 Y55.43 E363.38906
G1 F1255.2 X110.403 Y54.977 E363.40804
G1 F1408.5 X110.725 Y54.579 E363.42617
G1 F1500 X111.067 Y54.38 E363.43933
G1 X111.363 Y54.3 E363.44953
G1 X123.916 Y54.3 E363.86704
G1 X124.8 Y53.416 E363.90862
G1 X124.8 Y15.584 E365.16692
G1 X123.916 Y14.7 E365.2085
G1 X96.084 Y14.7 E366.1342
G1 X95.2 Y15.584 E366.17578
G1 X95.2 Y53.416 E367.43408
G1 X96.084 Y54.3 E367.47566
G1 X108.659 Y54.303 E367.8939
G1 X109.099 Y54.455 E367.90939
G1 X109.423 Y54.728 E367.92348
G1 X109.614 Y55.055 E367.93607
G1 F1327.4 X109.752 Y55.384 E367.94948
G1 F1192.8 X109.752 Y105.339 E370.03883
G1 F1195.2 X109.751 Y155.294 E372.12403
G1 F1200 X109.751 Y205.249 E374.20091
G1 F1500 E367.70091
G0 F9000 X109.97 Y205.03
G0 X110.061 Y55.439
G0 X110.13 Y55.064
G0 X110.92 Y53.693
G0 X110.975 Y53.903
;TYPE:FILL
G1 F1500 E374.20091
G1 F3000 X121.351 Y15.18 E375.53428
G0 F9000 X122.225 Y15.179
G1 F3000 X95.68 Y22.292 E376.44832
G0 F9000 X95.9 Y22.292
G0 X95.9 Y25.568
G0 X95.679 Y25.568
G1 F3000 X123.823 Y53.712 E377.77213
G0 F9000 X123.42 Y53.819
G1 F3000 X124.319 Y50.465 E377.88762
G0 F9000 X124.1 Y50.465
G0 X124.1 Y51.888
G0 X124.318 Y51.888
G1 F3000 X117.113 Y53.819 E378.13572
G1 X117.209 Y53.819
G1 X124.319 Y27.284 E379.04941
G0 F9000 X124.319 Y27.042
G1 F3000 X95.68 Y34.716 E380.03555
G0 F9000 X95.679 Y34.053
G1 F3000 X115.445 Y53.82 E380.9653
G0 F9000 X115.445 Y53.6
G0 X106.959 Y53.6
G0 X106.959 Y53.819
G1 F3000 X95.679 Y42.538 E381.4959
G0 F9000 X95.9 Y42.538
G0 X95.9 Y41.439
G0 X95.679 Y41.439
G1 F3000 X102.716 Y15.18 E382.4001
G0 F9000 X102.261 Y15.18
G1 F3000 X124.319 Y37.237 E383.43761
G0 F9000 X124.1 Y37.237
G0 X124.1 Y39.465
G0 X124.318 Y39.465
G1 F3000 X95.679 Y47.139 E384.42376
G0 F9000 X95.9 Y47.139
G0 X95.9 Y51.024
G0 X95.679 Y51.024
G1 F3000 X98.474 Y53.819 E384.55522
G1 X98.574 Y53.819
G1 X108.927 Y15.179 E385.88573
G0 F9000 X108.927 Y15.4
G0 X110.747 Y15.4
G0 X110.747 Y15.18
G1 F3000 X124.319 Y28.752 E386.52411
G0 F9000 X124.1 Y28.752
G0 X124.1 Y33.254
G0 X124.318 Y33.254
G1 F3000 X95.68 Y40.927 E387.51021
G0 F9000 X95.9 Y40.927
G0 X95.94 Y53.168
G0 X95.784 Y53.323
G1 F3000 X124.319 Y45.677 E388.49277
G1 X124.319 Y45.722
G1 X95.679 Y17.082 E389.83991
G0 F9000 X95.9 Y17.082
G0 X95.9 Y16.081
G0 X95.679 Y16.081
G1 F3000 X99.045 Y15.179 E389.95581
G0 F9000 X99.045 Y15.4
G0 X96.504 Y15.4
G0 X96.504 Y15.179
G1 F3000 X95.679 Y18.259 E390.06186
G0 F9000 X95.9 Y18.259
G0 X95.9 Y28.504
G0 X95.679 Y28.504
G1 F3000 X124.318 Y20.83 E391.048
G0 F9000 X124.319 Y20.267
G1 F3000 X119.232 Y15.18 E391.28728
G0 F9000 X119.232 Y15.4
G0 X115.139 Y15.4
G0 X115.139 Y15.179
G1 F3000 X104.785 Y53.819 E392.61779
G0 F9000 X104.785 Y53.3
;MESH:NONMESH
G0 F300 X104.785 Y53.3 Z19.4
G0 F9000 X108.76 Y53.661
G0 X109.354 Y53.869
G0 X110.002 Y54.419
G0 X110.007 Y54.934
;TIME_ELAPSED:5860.537454
;LAYER:96
;TYPE:WALL-INNER
;MESH:Viga_Rectangular.stl
G1 F1500 X110.173 Y54.617 E392.63207
G1 X110.46 Y54.272 E392.64999
G1 X110.929 Y53.998 E392.67167
G1 X111.305 Y53.9 E392.68717
G1 X123.75 Y53.9 E393.18388
G1 X124.4 Y53.25 E393.22057
G1 X124.4 Y15.75 E394.71728
G1 X123.75 Y15.1 E394.75396
G1 X96.25 Y15.1 E395.85155
G1 X95.6 Y15.75 E395.88824
G1 X95.6 Y53.25 E397.38494
G1 X96.25 Y53.9 E397.42163
G1 X108.707 Y53.9 E397.91882
G1 X109.299 Y54.101 E397.94377
G1 X109.735 Y54.467 E397.96649
G1 X110.007 Y54.934 E397.98806
G1 F1500 E391.48806
G0 F9000 X110.002 Y54.419
G0 X109.97 Y205.03
G0 X109.75 Y205.25
;TYPE:WALL-OUTER
G1 F1500 E397.98806
G1 F1200 X110.25 Y205.25 E398.00885
G1 X110.25 Y155.31 E400.08511
G1 F1195.2 X110.251 Y105.37 E402.16968
G1 F1192.8 X110.252 Y55.43 E404.2584
G1 F1255.2 X110.403 Y54.977 E404.27738
G1 F1408.5 X110.725 Y54.579 E404.29552
G1 F1500 X111.067 Y54.38 E404.30868
G1 X111.342 Y54.303 E404.31817
G1 X123.916 Y54.3 E404.73639
G1 X124.8 Y53.416 E404.77797
G1 X124.8 Y15.584 E406.03627
G1 X123.916 Y14.7 E406.07785
G1 X96.084 Y14.7 E407.00354
G1 X95.2 Y15.584 E407.04512
G1 X95.2 Y53.416 E408.30342
G1 X96.084 Y54.3 E408.345
G1 X108.659 Y54.303 E408.76325
G1 X109.099 Y54.455 E408.77873
G1 X109.423 Y54.728 E408.79282
G1 X109.614 Y55.055 E408.80542
G1 F1327.4 X109.752 Y55.386 E408.8189
G1 F1192.8 X109.752 Y105.341 E410.90824
G1 F1195.2 X109.751 Y155.296 E412.99344
G1 F1200 X109.75 Y205.251 E415.07033
G1 F1500 E408.57033
G0 F9000 X109.97 Y205.03
G0 X110.061 Y55.44
G0 X110.698 Y53.787
G0 X110.808 Y53.979
;TYPE:FILL
G1 F1500 E415.07033
G1 F3000 X121.204 Y15.18 E416.40631
G0 F9000 X121.204 Y15.4
G0 X122.77 Y15.4
G0 X122.77 Y15.179
G1 F3000 X95.679 Y22.438 E417.33914
G0 F9000 X95.9 Y22.438
G0 X95.9 Y25.368
G0 X95.679 Y25.368
G1 F3000 X123.923 Y53.612 E418.66766
G0 F9000 X123.274 Y53.819
G1 F3000 X124.319 Y49.921 E418.80188
G0 F9000 X124.1 Y49.921
G0 X124.1 Y52.035
G0 X124.318 Y52.035
G1 F3000 X117.657 Y53.819 E419.03124
G0 F9000 X117.063 Y53.82
G1 F3000 X124.319 Y26.74 E419.96369
G0 F9000 X124.318 Y27.188
G1 F3000 X95.68 Y34.862 E420.9498
G0 F9000 X95.9 Y34.862
G0 X95.9 Y33.854
G0 X95.679 Y33.854
G1 F3000 X115.645 Y53.82 E421.88894
G0 F9000 X115.645 Y53.6
G0 X107.159 Y53.6
G0 X107.159 Y53.819
G1 F3000 X95.679 Y42.339 E422.42892
G0 F9000 X95.9 Y42.339
G0 X95.9 Y41.073
G0 X95.679 Y41.073
G1 F3000 X124.318 Y33.4 E423.41506
G0 F9000 X124.1 Y33.4
G0 X124.1 Y37.038
G0 X124.319 Y37.038
G1 F3000 X102.461 Y15.18 E424.44319
G1 X102.57 Y15.179
G1 X95.679 Y40.895 E425.32868
G0 F9000 X95.9 Y40.895
G0 X95.9 Y47.285
G0 X95.68 Y47.285
G1 F3000 X124.319 Y39.611 E426.31482
G0 F9000 X124.1 Y39.611
G0 X124.1 Y45.523
G0 X124.319 Y45.523
G1 F3000 X95.679 Y16.883 E427.66196
G0 F9000 X95.68 Y16.227
G1 F3000 X99.59 Y15.179 E427.7966
G0 F9000 X99.59 Y15.4
G0 X96.358 Y15.4
G0 X96.358 Y15.179
G1 F3000 X95.679 Y17.714 E427.88389
G0 F9000 X95.9 Y17.714
G0 X95.9 Y28.65
G0 X95.679 Y28.65
G1 F3000 X124.318 Y20.976 E428.87003
G0 F9000 X124.319 Y20.067
G1 F3000 X119.431 Y15.18 E429.09992
G0 F9000 X119.431 Y15.4
G0 X114.993 Y15.4
G0 X114.993 Y15.179
G1 F3000 X104.639 Y53.819 E430.43043
G0 F9000 X104.639 Y53.6
G0 X98.673 Y53.6
G0 X98.673 Y53.819
G1 F3000 X95.679 Y50.824 E430.57128
G0 F9000 X95.9 Y50.824
G0 X96.055 Y53.283
G0 X95.9 Y53.437
G1 F3000 X124.319 Y45.823 E431.54984
G0 F9000 X124.1 Y45.823
G0 X124.1 Y28.552
G0 X124.319 Y28.552
G1 F3000 X110.946 Y15.18 E432.17884
G0 F9000 X110.946 Y15.4
G0 X108.781 Y15.4
G0 X108.781 Y15.18
G1 F3000 X98.428 Y53.819 E433.50931
G0 F9000 X98.428 Y53.3
;MESH:NONMESH
G0 F300 X98.428 Y53.3 Z19.6
G0 F9000 X108.76 Y53.661
G0 X109.354 Y53.869
G0 X110.002 Y54.419
G0 X110.007 Y54.934
;TIME_ELAPSED:5907.505571
;LAYER:97
;TYPE:WALL-INNER
;MESH:Viga_Rectangular.stl
G1 F1500 X110.173 Y54.617 E433.52359
G1 X110.46 Y54.272 E433.5415
G1 X110.929 Y53.998 E433.56318
G1 X111.305 Y53.9 E433.57869
G1 X123.75 Y53.9 E434.0754
G1 X124.4 Y53.25 E434.11209
G1 X124.4 Y15.75 E435.60879
G1 X123.75 Y15.1 E435.64548
G1 X96.25 Y15.1 E436.74307
G1 X95.6 Y15.75 E436.77976
G1 X95.6 Y53.25 E438.27646
G1 X96.25 Y53.9 E438.31315
G1 X108.724 Y53.9 E438.81101
G1 X109.3 Y54.102 E438.83538
G1 X109.735 Y54.467 E438.85804
G1 X110.007 Y54.934 E438.87961
G1 F1500 E432.37961
G0 F9000 X110.002 Y54.419
G0 X109.97 Y205.03
G0 X109.75 Y205.25
;TYPE:WALL-OUTER
G1 F1500 E438.87961
G1 F1200 X110.25 Y205.25 E438.9004
G1 X110.25 Y155.311 E440.97662
G1 F1195.2 X110.251 Y105.372 E443.06115
G1 F1192.8 X110.252 Y55.433 E445.14983
G1 F1327.4 X110.303 Y55.438 E445.15175
G1 F1500 X110.366 Y55.107 E445.16296
G1 X110.453 Y54.915 E445.16997
G1 X110.725 Y54.579 E445.18435
G1 X111.067 Y54.38 E445.19751
G1 X111.342 Y54.303 E445.20701
G1 X123.916 Y54.3 E445.62522
G1 X124.8 Y53.416 E445.6668
G1 X124.8 Y15.584 E446.9251
G1 X123.916 Y14.7 E446.96668
G1 X96.084 Y14.7 E447.89238
G1 X95.2 Y15.584 E447.93396
G1 X95.2 Y53.416 E449.19225
G1 X96.084 Y54.3 E449.23384
G1 X108.659 Y54.303 E449.65208
G1 X109.099 Y54.455 E449.66756
G1 X109.424 Y54.728 E449.68168
G1 X109.622 Y55.071 E449.69485
G1 X109.709 Y55.383 E449.70563
G1 F1327.4 X109.752 Y55.387 E449.70725
G1 F1192.8 X109.752 Y105.341 E451.79656
G1 F1195.2 X109.751 Y155.295 E453.88171
G1 F1200 X109.751 Y205.249 E455.95856
G1 F1500 E449.45856
G0 F9000 X109.97 Y205.03
G0 X110.061 Y55.441
G0 X110.525 Y53.887
G0 X110.635 Y54.078
;TYPE:FILL
G1 F1500 E455.95856
G1 F3000 X121.057 Y15.18 E457.29794
G0 F9000 X121.057 Y15.4
G0 X119.632 Y15.4
G0 X119.632 Y15.18
G1 F3000 X124.319 Y19.866 E457.51838
G0 F9000 X124.1 Y19.866
G0 X124.1 Y21.123
G0 X124.318 Y21.123
G1 F3000 X95.679 Y28.797 E458.50452
G0 F9000 X95.9 Y28.797
G0 X95.9 Y25.168
G0 X95.679 Y25.168
G1 F3000 X124.023 Y53.512 E459.83774
G0 F9000 X123.127 Y53.819
G1 F3000 X124.319 Y49.372 E459.99087
G0 F9000 X124.1 Y49.372
G0 X124.1 Y52.181
G0 X124.318 Y52.181
G1 F3000 X118.206 Y53.819 E460.20132
G0 F9000 X118.206 Y53.6
G0 X116.916 Y53.6
G0 X116.916 Y53.82
G1 F3000 X124.319 Y26.191 E461.15268
G0 F9000 X124.1 Y26.191
G0 X124.1 Y27.335
G0 X124.318 Y27.335
G1 F3000 X95.68 Y35.009 E462.13879
G0 F9000 X95.9 Y35.009
G0 X95.9 Y33.653
G0 X95.679 Y33.653
G1 F3000 X115.846 Y53.82 E463.08739
G0 F9000 X115.846 Y53.6
G0 X107.36 Y53.6
G0 X107.36 Y53.82
G1 F3000 X95.679 Y42.138 E463.63685
G0 F9000 X95.679 Y41.22
G1 F3000 X124.318 Y33.547 E464.62298
G0 F9000 X124.1 Y33.547
G0 X124.1 Y36.837
G0 X124.319 Y36.837
G1 F3000 X102.662 Y15.18 E465.64166
G0 F9000 X102.423 Y15.179
G1 F3000 X95.679 Y40.346 E466.50825
G0 F9000 X95.9 Y40.346
G0 X95.9 Y47.432
G0 X95.679 Y47.432
G1 F3000 X124.319 Y39.758 E467.49442
G0 F9000 X124.1 Y39.758
G0 X124.1 Y45.322
G0 X124.319 Y45.322
G1 F3000 X95.679 Y16.682 E468.84156
G0 F9000 X95.68 Y16.374
G1 F3000 X100.138 Y15.179 E468.99507
G0 F9000 X100.138 Y15.4
G0 X96.34 Y15.432
G0 X96.185 Y15.277
G1 F3000 X95.679 Y17.165 E469.06008
G0 F9000 X95.9 Y17.165
G0 X95.9 Y22.585
G0 X95.679 Y22.585
G1 F3000 X123.318 Y15.179 E470.01179
G0 F9000 X123.318 Y15.4
G0 X114.846 Y15.4
G0 X114.846 Y15.179
G1 F3000 X104.492 Y53.82 E471.34233
G0 F9000 X104.492 Y53.6
G0 X98.875 Y53.6
G0 X98.875 Y53.82
G1 F3000 X95.679 Y50.623 E471.49268
G0 F9000 X95.9 Y50.623
G0 X96.171 Y53.399
G0 X96.016 Y53.553
G1 F3000 X124.319 Y45.97 E472.46725
G0 F9000 X124.1 Y45.97
G0 X124.1 Y28.352
G0 X124.319 Y28.352
G1 F3000 X111.147 Y15.18 E473.08682
G0 F9000 X111.147 Y15.4
G0 X108.634 Y15.4
G0 X108.634 Y15.179
G1 F3000 X98.281 Y53.819 E474.41732
G0 F9000 X98.281 Y53.3
;MESH:NONMESH
G0 F300 X98.281 Y53.3 Z19.8
G0 F9000 X108.76 Y53.661
G0 X109.354 Y53.869
G0 X110.002 Y54.419
G0 X110.007 Y54.934
;TIME_ELAPSED:5954.711664
;LAYER:98
;TYPE:WALL-INNER
;MESH:Viga_Rectangular.stl
G1 F1500 X110.173 Y54.617 E474.4316
G1 X110.46 Y54.272 E474.44951
G1 X110.929 Y53.998 E474.47119
G1 X111.305 Y53.9 E474.4867
G1 X123.75 Y53.9 E474.98341
G1 X124.4 Y53.25 E475.0201
G1 X124.4 Y15.75 E476.5168
G1 X123.75 Y15.1 E476.55349
G1 X96.25 Y15.1 E477.65108
G1 X95.6 Y15.75 E477.68776
G1 X95.6 Y53.25 E479.18447
G1 X96.25 Y53.9 E479.22116
G1 X108.707 Y53.9 E479.71835
G1 X109.299 Y54.101 E479.7433
G1 X109.735 Y54.467 E479.76602
G1 X110.007 Y54.934 E479.78759
G1 F1500 E473.28759
G0 F9000 X110.002 Y54.419
G0 X109.97 Y205.03
G0 X109.75 Y205.25
;TYPE:WALL-OUTER
G1 F1500 E479.78759
G1 F1200 X110.25 Y205.25 E479.80838
G1 X110.25 Y155.311 E481.8846
G1 F1195.2 X110.251 Y105.372 E483.96913
G1 F1192.8 X110.252 Y55.433 E486.05781
G1 F1327.4 X110.303 Y55.438 E486.05973
G1 F1500 X110.366 Y55.107 E486.07094
G1 X110.453 Y54.915 E486.07795
G1 X110.725 Y54.579 E486.09233
G1 X111.067 Y54.38 E486.10549
G1 X111.342 Y54.303 E486.11499
G1 X123.916 Y54.3 E486.5332
G1 X124.8 Y53.416 E486.57478
G1 X124.8 Y15.584 E487.83308
G1 X123.916 Y14.7 E487.87466
G1 X96.084 Y14.7 E488.80035
G1 X95.2 Y15.584 E488.84193
G1 X95.2 Y53.416 E490.10023
G1 X96.084 Y54.3 E490.14181
G1 X108.659 Y54.303 E490.56006
G1 X109.099 Y54.455 E490.57554
G1 X109.424 Y54.728 E490.58966
G1 X109.622 Y55.071 E490.60283
G1 X109.709 Y55.383 E490.6136
G1 F1327.4 X109.752 Y55.387 E490.61523
G1 F1192.8 X109.752 Y105.341 E492.70453
G1 F1195.2 X109.751 Y155.295 E494.78969
G1 F1200 X109.751 Y205.249 E496.86653
G1 F1500 E490.36653
G0 F9000 X109.97 Y205.03
G0 X110.061 Y55.442
G0 X110.353 Y53.987
G0 X110.462 Y54.176
;TYPE:FILL
G1 F1500 E496.86653
G1 F3000 X120.912 Y15.179 E498.20934
G0 F9000 X120.912 Y15.4
G0 X119.831 Y15.4
G0 X119.831 Y15.18
G1 F3000 X124.319 Y19.667 E498.42042
G0 F9000 X124.1 Y19.667
G0 X124.1 Y21.269
G0 X124.318 Y21.269
G1 F3000 X95.68 Y28.943 E499.40653
G0 F9000 X95.9 Y28.943
G0 X95.9 Y24.968
G0 X95.679 Y24.968
G1 F3000 X124.123 Y53.412 E500.74445
G0 F9000 X123.97 Y53.258
G0 X124.1 Y52.327
G0 X124.319 Y52.327
G1 F3000 X118.75 Y53.819 E500.9362
G0 F9000 X118.75 Y53.6
G0 X116.77 Y53.6
G0 X116.77 Y53.82
G1 F3000 X124.319 Y25.647 E501.9063
G0 F9000 X124.1 Y25.647
G0 X124.1 Y27.481
G0 X124.318 Y27.481
G1 F3000 X95.68 Y35.155 E502.89241
G0 F9000 X95.9 Y35.155
G0 X95.9 Y33.453
G0 X95.679 Y33.453
G1 F3000 X116.045 Y53.82 E503.85038
G0 F9000 X116.045 Y53.6
G0 X122.981 Y53.6
G0 X122.981 Y53.819
G1 F3000 X124.319 Y48.828 E504.02225
G0 F9000 X124.1 Y48.828
G0 X124.1 Y46.116
G0 X124.318 Y46.116
G1 F3000 X96.131 Y53.669 E504.99282
G0 F9000 X96.286 Y53.514
G0 X98.135 Y53.6
G0 X98.135 Y53.82
G1 F3000 X108.488 Y15.18 E506.32333
G0 F9000 X108.488 Y15.4
G0 X111.346 Y15.4
G0 X111.346 Y15.18
G1 F3000 X124.319 Y28.152 E506.93351
G0 F9000 X124.1 Y28.152
G0 X124.1 Y33.693
G0 X124.318 Y33.693
G1 F3000 X95.679 Y41.366 E507.91965
G0 F9000 X95.679 Y41.939
G1 F3000 X107.56 Y53.82 E508.47849
G0 F9000 X107.56 Y53.6
G0 X104.346 Y53.6
G0 X104.346 Y53.819
G1 F3000 X114.7 Y15.179 E509.809
G0 F9000 X114.7 Y15.4
G0 X123.63 Y15.392
G0 X123.747 Y15.211
G1 F3000 X95.679 Y22.731 E510.77547
G0 F9000 X95.9 Y22.731
G0 X95.9 Y16.62
G0 X95.679 Y16.62
G1 F3000 X95.986 Y15.476 E510.81487
G0 F9000 X96.141 Y15.631
G0 X95.9 Y16.483
G0 X95.679 Y16.483
G1 F3000 X124.319 Y45.123 E512.16201
G0 F9000 X124.1 Y45.123
G0 X124.1 Y39.904
G0 X124.319 Y39.904
G1 F3000 X95.68 Y47.578 E513.14815
G0 F9000 X95.9 Y47.578
G0 X95.9 Y50.424
G0 X95.679 Y50.424
G1 F3000 X99.074 Y53.82 E513.30786
G0 F9000 X99.074 Y53.6
G0 X95.9 Y39.801
G0 X95.679 Y39.801
G1 F3000 X102.277 Y15.179 E514.15569
G0 F9000 X102.861 Y15.18
G1 F3000 X124.319 Y36.638 E515.16501
G1 F1500 E508.66501
G0 F9000 X124.1 Y36.638
G0 X100.683 Y15.4
G0 X100.683 Y15.179
G1 F1500 E515.16501
G1 F3000 X95.679 Y16.52 E515.33731
G0 F9000 X96.2 Y16.52
G1 F1500 E508.83731
;MESH:NONMESH
G0 F300 X96.2 Y16.52 Z20
G0 F9000 X110.002 Y54.419
G0 X110.007 Y54.934
;TIME_ELAPSED:6003.320717
;LAYER:99
;TYPE:WALL-INNER
;MESH:Viga_Rectangular.stl
G1 F1500 E515.33731
G1 X110.173 Y54.617 E515.35159
G1 X110.46 Y54.272 E515.3695
G1 X110.929 Y53.998 E515.39118
G1 X111.305 Y53.9 E515.40669
G1 X123.75 Y53.9 E515.9034
G1 X124.4 Y53.25 E515.94009
G1 X124.4 Y15.75 E517.43679
G1 X123.75 Y15.1 E517.47348
G1 X96.25 Y15.1 E518.57107
G1 X95.6 Y15.75 E518.60776
G1 X95.6 Y53.25 E520.10446
G1 X96.25 Y53.9 E520.14115
G1 X108.724 Y53.9 E520.63902
G1 X109.3 Y54.102 E520.66338
G1 X109.735 Y54.467 E520.68604
G1 X110.007 Y54.934 E520.70761
G1 F1500 E514.20761
G0 F9000 X110.002 Y54.419
G0 X109.97 Y205.03
G0 X109.75 Y205.25
;TYPE:WALL-OUTER
G1 F1500 E520.70761
G1 F1200 X110.25 Y205.25 E520.7284
G1 X110.25 Y155.31 E522.80466
G1 F1195.2 X110.251 Y105.37 E524.88923
G1 F1192.8 X110.252 Y55.43 E526.97795
G1 F1255.2 X110.4 Y54.98 E526.99678
G1 F1408.5 X110.725 Y54.579 E527.01507
G1 F1500 X111.067 Y54.38 E527.02823
G1 X111.342 Y54.303 E527.03772
G1 X123.916 Y54.3 E527.45594
G1 X124.8 Y53.416 E527.49752
G1 X124.8 Y15.584 E528.75582
G1 X123.916 Y14.7 E528.7974
G1 X96.084 Y14.7 E529.72309
G1 X95.2 Y15.584 E529.76467
G1 X95.2 Y53.416 E531.02297
G1 X96.084 Y54.3 E531.06455
G1 X108.655 Y54.303 E531.48266
G1 X109.099 Y54.455 E531.49827
G1 X109.423 Y54.728 E531.51236
G1 X109.614 Y55.055 E531.52496
G1 F1327.4 X109.753 Y55.382 E531.53831
G1 F1192.8 X109.752 Y105.338 E533.6277
G1 F1195.2 X109.751 Y155.294 E535.71294
G1 F1200 X109.75 Y205.25 E537.78987
G1 F1500 E531.28987
G0 F9000 X109.97 Y205.03
G0 X110.09 Y54.25
G0 X110.258 Y54.392
;TYPE:FILL
G1 F1500 E537.78987
G1 F3000 X120.765 Y15.179 E539.14011
G0 F9000 X120.032 Y15.18
G1 F3000 X124.319 Y19.466 E539.34173
G0 F9000 X124.1 Y19.466
G0 X124.1 Y21.416
G0 X124.318 Y21.416
G1 F3000 X95.679 Y29.09 E540.32787
G0 F9000 X95.9 Y29.09
G0 X95.9 Y33.253
G0 X95.679 Y33.253
G1 F3000 X116.246 Y53.82 E541.29528
G0 F9000 X116.623 Y53.82
G1 F3000 X124.319 Y25.098 E542.28428
G0 F9000 X124.1 Y25.098
G0 X124.1 Y27.628
G0 X124.318 Y27.628
G1 F3000 X95.68 Y35.302 E543.27039
G0 F9000 X95.9 Y35.302
G0 X95.9 Y39.253
G0 X95.679 Y39.253
G1 F3000 X102.13 Y15.179 E544.09934
G0 F9000 X101.232 Y15.179
G1 F3000 X95.679 Y16.667 E544.29055
G0 F9000 X95.679 Y16.282
G1 F3000 X124.319 Y44.922 E545.63769
G0 F9000 X124.1 Y44.922
G0 X124.1 Y46.263
G0 X124.318 Y46.263
G1 F3000 X96.247 Y53.785 E546.60427
G0 F9000 X96.37 Y53.608
G0 X97.988 Y53.6
G0 X97.988 Y53.82
G1 F3000 X108.341 Y15.18 E547.93477
G0 F9000 X108.341 Y15.4
G0 X111.547 Y15.4
G0 X111.547 Y15.18
G1 F3000 X124.319 Y27.951 E548.53551
G0 F9000 X124.1 Y27.951
G0 X124.1 Y33.84
G0 X124.318 Y33.84
G1 F3000 X95.679 Y41.513 E549.52164
G0 F9000 X95.679 Y41.738
G1 F3000 X107.76 Y53.819 E550.08989
G0 F9000 X107.76 Y53.6
G0 X104.199 Y53.6
G0 X104.199 Y53.819
G1 F3000 X114.553 Y15.179 E551.4204
G0 F9000 X114.553 Y15.4
G0 X123.709 Y15.481
G0 X123.863 Y15.327
G1 F3000 X95.679 Y22.878 E552.39087
G0 F9000 X95.9 Y22.878
G0 X95.9 Y24.767
G0 X95.679 Y24.767
G1 F3000 X124.223 Y53.312 E553.73351
G0 F9000 X124.319 Y52.474
G1 F3000 X119.299 Y53.819 E553.90637
G0 F9000 X119.299 Y53.6
G0 X122.834 Y53.6
G0 X122.834 Y53.819
G1 F3000 X124.319 Y48.279 E554.09713
G0 F9000 X124.1 Y48.279
G0 X124.1 Y40.051
G0 X124.319 Y40.051
G1 F3000 X95.68 Y47.725 E555.08327
G0 F9000 X95.9 Y47.725
G0 X95.9 Y50.223
G0 X95.679 Y50.223
G1 F3000 X99.274 Y53.819 E555.2524
G1 F1500 E548.7524
G0 F9000 X99.274 Y53.6
G0 X124.1 Y36.437
G0 X124.319 Y36.437
G1 F1500 E555.2524
G1 F3000 X103.062 Y15.18 E556.25226
G0 F9000 X103.062 Y15.4
G0 X95.94 Y15.832
G0 X95.785 Y15.677
G1 F3000 X95.679 Y16.072 E556.26586
G0 F9000 X96.2 Y16.072
G1 F1500 E549.76586
;MESH:NONMESH
G0 F300 X96.2 Y16.072 Z20.2
G0 F9000 X110.002 Y54.419
G0 X110.005 Y54.94
;TIME_ELAPSED:6051.718595
;LAYER:100
;TYPE:WALL-INNER
;MESH:Viga_Rectangular.stl
G1 F1500 E556.26586
G1 X110.119 Y54.683 E556.27708
G1 X110.461 Y54.271 E556.29845
G1 X110.925 Y54.001 E556.31988
G1 X111.296 Y53.9 E556.33523
G1 X123.75 Y53.9 E556.83229
G1 X124.4 Y53.25 E556.86898
G1 X124.4 Y15.75 E558.36569
G1 X123.75 Y15.1 E558.40238
G1 X96.25 Y15.1 E559.49996
G1 X95.6 Y15.75 E559.53665
G1 X95.6 Y53.25 E561.03336
G1 X96.25 Y53.9 E561.07004
G1 X108.53 Y53.9 E561.56017
G1 X108.998 Y53.98 E561.57912
G1 X109.314 Y54.116 E561.59285
G1 X109.733 Y54.463 E561.61456
G1 X110.005 Y54.94 E561.63648
G1 F1500 E555.13648
G0 F9000 X110.002 Y54.419
G0 X109.97 Y205.03
G0 X109.75 Y205.25
;TYPE:WALL-OUTER
G1 F1500 E561.63648
G1 F1200 X110.25 Y205.25 E561.65726
G1 X110.25 Y167.794 E563.2145
G1 F1197.6 X110.251 Y130.338 E564.77486
G1 F1192.8 X110.252 Y92.882 E566.34144
G1 F1190.5 X110.253 Y55.426 E567.91114
G1 F1255.2 X110.402 Y54.978 E567.9299
G1 F1408.5 X110.726 Y54.578 E567.94814
G1 F1500 X111.071 Y54.378 E567.9614
G1 X111.36 Y54.3 E567.97136
G1 X123.916 Y54.3 E568.38897
G1 X124.8 Y53.416 E568.43055
G1 X124.8 Y15.584 E569.68885
G1 X123.916 Y14.7 E569.73043
G1 X96.084 Y14.7 E570.65613
G1 X95.2 Y15.584 E570.69771
G1 X95.2 Y53.416 E571.956
G1 X96.084 Y54.3 E571.99758
G1 X108.535 Y54.303 E572.41171
G1 X108.896 Y54.367 E572.4239
G1 X109.118 Y54.472 E572.43207
G1 X109.421 Y54.725 E572.4452
G1 X109.614 Y55.056 E572.45794
G1 F1327.4 X109.752 Y55.379 E572.47114
G1 F1190.5 X109.752 Y92.847 E574.04134
G1 F1192.8 X109.751 Y130.315 E575.60843
G1 F1197.6 X109.751 Y167.783 E577.16928
G1 F1200 X109.75 Y205.251 E578.72702
G1 F1500 E572.22702
G0 F9000 X109.97 Y205.03
G0 X110.002 Y54.419
G0 X110.039 Y54.661
;TYPE:FILL
G1 F1500 E578.72702
G1 F3000 X120.619 Y15.179 E580.08653
G0 F9000 X120.232 Y15.18
G1 F3000 X124.319 Y19.267 E580.27877
G0 F9000 X124.1 Y19.267
G0 X124.1 Y21.562
G0 X124.318 Y21.562
G1 F3000 X95.68 Y29.236 E581.26488
G0 F9000 X95.9 Y29.236
G0 X95.9 Y33.053
G0 X95.679 Y33.053
G1 F3000 X116.445 Y53.82 E582.24167
G1 X116.477 Y53.819
G1 X124.319 Y24.553 E583.2494
G0 F9000 X124.1 Y24.553
G0 X124.1 Y27.752
G0 X124.319 Y27.752
G1 F3000 X111.746 Y15.18 E583.84077
G0 F9000 X111.746 Y15.4
G0 X114.407 Y15.4
G0 X114.407 Y15.18
G1 F3000 X104.053 Y53.82 E585.17128
G0 F9000 X104.053 Y53.6
G0 X107.96 Y53.6
G0 X107.96 Y53.82
G1 F3000 X95.679 Y41.538 E585.74897
G1 X95.679 Y41.659
G1 X124.319 Y33.985 E586.73514
G0 F9000 X124.1 Y33.985
G0 X124.1 Y36.237
G0 X124.319 Y36.237
G1 F3000 X103.261 Y15.18 E587.72562
G0 F9000 X103.261 Y15.4
G0 X101.984 Y15.4
G0 X101.984 Y15.179
G1 F3000 X95.679 Y38.708 E588.53581
G0 F9000 X95.9 Y38.708
G0 X95.9 Y35.448
G0 X95.679 Y35.448
G1 F3000 X124.318 Y27.774 E589.52195
G0 F9000 X124.1 Y27.774
G0 X123.824 Y15.596
G0 X123.979 Y15.442
G1 F3000 X95.679 Y23.024 E590.4964
G0 F9000 X95.9 Y23.024
G0 X95.9 Y24.568
G0 X95.679 Y24.568
G1 F3000 X124.319 Y53.208 E591.84354
G0 F9000 X124.319 Y52.62
G1 F3000 X119.844 Y53.819 E591.99763
G0 F9000 X119.844 Y53.6
G0 X122.688 Y53.6
G0 X122.688 Y53.82
G1 F3000 X124.319 Y47.734 E592.2072
G0 F9000 X124.1 Y47.734
G0 X124.1 Y46.409
G0 X124.318 Y46.409
G1 F3000 X96.66 Y53.82 E593.15956
G0 F9000 X96.66 Y53.6
G0 X97.842 Y53.6
G0 X97.842 Y53.82
G1 F3000 X108.195 Y15.179 E594.49009
G0 F9000 X108.195 Y15.4
G0 X101.776 Y15.4
G0 X101.776 Y15.179
G1 F3000 X95.679 Y16.813 E594.70003
G0 F9000 X95.679 Y16.083
G1 F3000 X124.319 Y44.723 E596.04717
G0 F9000 X124.1 Y44.723
G0 X124.1 Y40.197
G0 X124.318 Y40.197
G1 F3000 X95.68 Y47.871 E597.03328
G0 F9000 X95.9 Y47.871
G0 X95.9 Y50.024
G0 X95.679 Y50.024
G1 F3000 X99.475 Y53.82 E597.21183
G0 F9000 X99.475 Y53.3
;MESH:NONMESH
G0 F300 X99.475 Y53.3 Z20.4
G0 F9000 X108.574 Y53.661
G0 X109.099 Y53.754
G0 X109.387 Y53.889
G0 X110.002 Y54.419
G0 X109.987 Y54.953
;TIME_ELAPSED:6098.351791
;LAYER:101
;TYPE:WALL-INNER
;MESH:Viga_Rectangular.stl
G1 F1500 X110.264 Y54.468 E597.23412
G1 X110.695 Y54.106 E597.25659
G1 X111.275 Y53.9 E597.28116
G1 X123.75 Y53.9 E597.77906
G1 X124.4 Y53.25 E597.81575
G1 X124.4 Y15.75 E599.31245
G1 X123.75 Y15.1 E599.34914
G1 X96.25 Y15.1 E600.44673
G1 X95.6 Y15.75 E600.48342
G1 X95.6 Y53.25 E601.98012
G1 X96.25 Y53.9 E602.01681
G1 X108.692 Y53.9 E602.5134
G1 X109.085 Y54.01 E602.52969
G1 X109.541 Y54.273 E602.5507
G1 X109.826 Y54.61 E602.56831
G1 X109.987 Y54.953 E602.58344
G1 F1500 E596.08344
G0 F9000 X109.998 Y54.418
G0 X109.97 Y205.03
G0 X109.75 Y205.25
;TYPE:WALL-OUTER
G1 F1500 E602.58344
G1 F1200 X110.25 Y205.25 E602.60422
G1 X110.251 Y155.309 E604.68053
G1 F1195.2 X110.252 Y105.368 E606.76514
G1 F1192.8 X110.254 Y55.427 E608.8539
G1 F1301.5 X110.354 Y55.123 E608.86617
G1 F1449.3 X110.577 Y54.726 E608.88184
G1 F1485.1 X110.907 Y54.456 E608.89617
G1 F1500 X111.361 Y54.3 E608.91213
G1 X123.916 Y54.3 E609.32972
G1 X124.8 Y53.416 E609.3713
G1 X124.8 Y15.584 E610.62959
G1 X123.916 Y14.7 E610.67117
G1 X96.084 Y14.7 E611.59687
G1 X95.2 Y15.584 E611.63845
G1 X95.2 Y53.416 E612.89675
G1 X96.084 Y54.3 E612.93833
G1 X108.668 Y54.306 E613.35687
G1 X108.936 Y54.382 E613.36614
G1 X109.28 Y54.584 E613.37941
G1 F1485.1 X109.541 Y54.895 E613.39305
G1 F1449.3 X109.65 Y55.177 E613.40345
G1 F1301.5 X109.753 Y55.381 E613.41221
G1 F1192.8 X109.753 Y105.337 E615.50161
G1 F1195.2 X109.752 Y155.293 E617.58684
G1 F1200 X109.751 Y205.249 E619.66377
G1 F1500 E613.16377
G0 F9000 X109.97 Y205.03
G0 X109.998 Y54.418
G0 X109.913 Y54.587
;TYPE:FILL
G1 F1500 E619.66377
G1 F3000 X120.473 Y15.179 E621.02073
G1 X120.431 Y15.18
G1 X124.319 Y19.067 E621.20359
G0 F9000 X124.1 Y19.067
G0 X124.1 Y21.708
G0 X124.318 Y21.708
G1 F3000 X95.679 Y29.382 E622.18973
G0 F9000 X95.9 Y29.382
G0 X95.9 Y32.854
G0 X95.679 Y32.854
G1 F3000 X116.645 Y53.82 E623.1759
G0 F9000 X116.331 Y53.819
G1 F3000 X124.319 Y24.009 E624.20237
G0 F9000 X124.1 Y24.009
G0 X124.1 Y27.553
G0 X124.319 Y27.553
G1 F3000 X111.946 Y15.18 E624.78435
G0 F9000 X111.946 Y15.4
G0 X114.261 Y15.4
G0 X114.261 Y15.18
G1 F3000 X103.908 Y53.819 E626.11482
G0 F9000 X103.908 Y53.6
G0 X99.674 Y53.6
G0 X99.674 Y53.82
G1 F3000 X95.679 Y49.824 E626.30276
G0 F9000 X95.9 Y49.824
G0 X95.9 Y48.017
G0 X95.68 Y48.017
G1 F3000 X124.318 Y40.343 E627.28887
G0 F9000 X124.1 Y40.343
G0 X124.1 Y44.523
G0 X124.319 Y44.523
G1 F3000 X95.679 Y15.883 E628.63601
G0 F9000 X95.9 Y15.883
G0 X95.9 Y16.959
G0 X95.679 Y16.959
G1 F3000 X102.321 Y15.179 E628.86472
G0 F9000 X101.838 Y15.179
G1 F3000 X95.679 Y38.164 E629.65617
G0 F9000 X95.9 Y38.164
G0 X95.9 Y35.594
G0 X95.679 Y35.594
G1 F3000 X124.318 Y27.92 E630.64231
G0 F9000 X124.1 Y27.92
G0 X124.1 Y34.131
G0 X124.319 Y34.131
G1 F3000 X95.68 Y41.805 E631.62845
G0 F9000 X95.679 Y41.339
G1 F3000 X108.159 Y53.82 E632.2155
G0 F9000 X108.159 Y53.6
G0 X97.696 Y53.6
G0 X97.696 Y53.819
G1 F3000 X108.049 Y15.179 E633.546
G0 F9000 X108.049 Y15.4
G0 X103.461 Y15.4
G0 X103.461 Y15.18
G1 F3000 X124.319 Y36.038 E634.5271
G0 F9000 X124.1 Y36.038
G0 X124.1 Y46.555
G0 X124.319 Y46.555
G1 F3000 X97.205 Y53.82 E635.46072
G0 F9000 X97.205 Y53.6
G0 X120.388 Y53.6
G0 X120.388 Y53.819
G1 F3000 X124.319 Y52.766 E635.59608
G0 F9000 X124.319 Y53.008
G1 F3000 X95.679 Y24.369 E636.94319
G0 F9000 X95.9 Y24.369
G0 X95.9 Y23.17
G0 X95.68 Y23.17
G1 F3000 X124.093 Y15.557 E637.92155
G1 F1500 E631.42155
G0 F9000 X123.939 Y15.711
G0 X124.1 Y47.19
G0 X124.319 Y47.19
G1 F1500 E637.92155
G1 F3000 X122.543 Y53.819 E638.1498
G0 F9000 X122.543 Y53.3
;MESH:NONMESH
G0 F300 X122.543 Y53.3 Z20.6
G0 F9000 X111.237 Y53.661
G0 X110.64 Y53.873
G0 X109.998 Y54.418
G0 X110.011 Y54.951
;TIME_ELAPSED:6146.128937
;LAYER:102
;TYPE:WALL-INNER
;MESH:Viga_Rectangular.stl
G1 F1500 X110.172 Y54.619 E638.16453
G1 X110.474 Y54.261 E638.18322
G1 X110.933 Y53.997 E638.20436
G1 X111.307 Y53.9 E638.21978
G1 X123.75 Y53.9 E638.71641
G1 X124.4 Y53.25 E638.75309
G1 X124.4 Y15.75 E640.2498
G1 X123.75 Y15.1 E640.28649
G1 X96.25 Y15.1 E641.38407
G1 X95.6 Y15.75 E641.42076
G1 X95.6 Y53.25 E642.91747
G1 X96.25 Y53.9 E642.95416
G1 X108.72 Y53.9 E643.45186
G1 X109.315 Y54.115 E643.47711
G1 X109.736 Y54.465 E643.49896
G1 X110.011 Y54.951 E643.52125
G1 F1500 E637.02125
G0 F9000 X110.004 Y54.42
G0 X110.03 Y205.03
G0 X110.25 Y205.25
;TYPE:WALL-OUTER
G1 F1500 E643.52125
G1 F1200 X110.25 Y205 E643.53164
G1 X110.25 Y155.121 E645.60537
G1 F1197.6 X110.25 Y105.242 E647.68325
G1 F1195.2 X110.249 Y55.363 E649.76527
G1 F1298.7 X110.343 Y55.175 E649.77335
G1 F1442.3 X110.459 Y54.899 E649.7837
G1 F1481.5 X110.756 Y54.558 E649.79893
G1 F1500 X111.07 Y54.378 E649.81097
G1 X111.359 Y54.3 E649.82092
G1 X123.916 Y54.3 E650.23857
G1 X124.8 Y53.416 E650.28015
G1 X124.8 Y15.584 E651.53845
G1 X123.916 Y14.7 E651.58003
G1 X96.084 Y14.7 E652.50573
G1 X95.2 Y15.584 E652.54731
G1 X95.2 Y53.416 E653.8056
G1 X96.084 Y54.3 E653.84718
G1 X108.671 Y54.306 E654.26583
G1 X109.126 Y54.476 E654.28199
G1 X109.424 Y54.728 E654.29497
G1 F1459.9 X109.651 Y55.125 E654.31059
G1 F1298.7 X109.747 Y55.39 E654.32142
G1 F1195.2 X109.748 Y105.26 E656.40307
G1 F1197.6 X109.749 Y155.13 E658.48057
G1 F1200 X109.75 Y205 E660.55392
G1 X109.75 Y205.25 E660.56432
G1 X110.25 Y205.25 E660.5851
G1 F1500 E654.0851
G0 F9000 X110.03 Y205.03
G0 X110.007 Y54.337
G0 X109.802 Y54.454
;TYPE:FILL
G1 F1500 E660.5851
G1 F3000 X120.326 Y15.179 E661.93748
G0 F9000 X120.632 Y15.18
G1 F3000 X124.319 Y18.867 E662.1109
G0 F9000 X124.1 Y18.867
G0 X124.1 Y21.855
G0 X124.318 Y21.855
G1 F3000 X95.679 Y29.529 E663.09705
G0 F9000 X95.9 Y29.529
G0 X95.9 Y32.653
G0 X95.679 Y32.653
G1 F3000 X116.845 Y53.82 E664.09265
G0 F9000 X116.184 Y53.819
G1 F3000 X124.319 Y23.46 E665.13802
G0 F9000 X124.1 Y23.46
G0 X124.1 Y27.352
G0 X124.319 Y27.352
G1 F3000 X112.147 Y15.18 E665.71055
G0 F9000 X112.147 Y15.4
G0 X114.114 Y15.4
G0 X114.114 Y15.18
G1 F3000 X103.76 Y53.82 E667.04106
G0 F9000 X103.76 Y53.6
G0 X99.875 Y53.6
G0 X99.875 Y53.82
G1 F3000 X95.679 Y49.624 E667.23843
G0 F9000 X95.9 Y49.624
G0 X95.9 Y48.164
G0 X95.68 Y48.164
G1 F3000 X124.318 Y40.49 E668.22454
G0 F9000 X124.1 Y40.49
G0 X124.1 Y44.322
G0 X124.319 Y44.322
G1 F3000 X95.729 Y15.733 E669.5693
G0 F9000 X95.884 Y15.888
G0 X95.9 Y17.106
G0 X95.679 Y17.106
G1 F3000 X102.869 Y15.179 E669.81688
G0 F9000 X103.661 Y15.18
G1 F3000 X124.319 Y35.837 E670.78855
G0 F9000 X124.1 Y35.837
G0 X124.1 Y34.278
G0 X124.319 Y34.278
G1 F3000 X95.68 Y41.952 E671.77469
G0 F9000 X95.679 Y41.138
G1 F3000 X108.36 Y53.82 E672.37119
G0 F9000 X108.36 Y53.6
G0 X97.753 Y53.6
G0 X97.753 Y53.82
G1 F3000 X124.319 Y46.702 E673.28594
G1 X124.319 Y46.641
G1 X122.396 Y53.819 E673.5331
G0 F9000 X122.396 Y53.6
G0 X120.937 Y53.6
G0 X120.937 Y53.819
G1 F3000 X124.319 Y52.913 E673.64956
G1 X124.319 Y52.808
G1 X95.679 Y24.168 E674.99669
G0 F9000 X95.679 Y23.317
G1 F3000 X124.209 Y15.673 E675.97907
G0 F9000 X124.055 Y15.827
G0 X124.1 Y28.067
G0 X124.318 Y28.067
G1 F3000 X95.679 Y35.741 E676.96521
G0 F9000 X95.9 Y35.741
G0 X95.9 Y37.615
G0 X95.679 Y37.615
G1 F3000 X101.691 Y15.179 E677.73777
G0 F9000 X101.691 Y15.4
G0 X107.902 Y15.4
G0 X107.902 Y15.179
G1 F3000 X97.549 Y53.82 E679.0683
G0 F9000 X97.549 Y53.3
;MESH:NONMESH
G0 F300 X97.549 Y53.3 Z20.8
G0 F9000 X108.764 Y53.661
G0 X109.367 Y53.877
G0 X110.004 Y54.42
G0 X110.012 Y54.951
;TIME_ELAPSED:6192.317528
;LAYER:103
;TYPE:WALL-INNER
;MESH:Viga_Rectangular.stl
G1 F1500 X110.165 Y54.626 E679.08264
G1 X110.447 Y54.284 E679.10033
G1 X110.903 Y54.015 E679.12146
G1 X111.299 Y53.9 E679.13792
G1 X123.75 Y53.9 E679.63486
G1 X124.4 Y53.25 E679.67155
G1 X124.4 Y15.75 E681.16826
G1 X123.75 Y15.1 E681.20495
G1 X96.25 Y15.1 E682.30253
G1 X95.6 Y15.75 E682.33922
G1 X95.6 Y53.25 E683.83593
G1 X96.25 Y53.9 E683.87262
G1 X108.733 Y53.9 E684.37084
G1 X109.328 Y54.122 E684.39619
G1 X109.726 Y54.458 E684.41698
G1 X110.012 Y54.951 E684.43972
G1 F1500 E677.93972
G0 F9000 X110 Y54.424
G0 X110.03 Y205.03
G0 X110.25 Y205.25
;TYPE:WALL-OUTER
G1 F1500 E684.43972
G1 F1200 X110.25 Y180.269 E685.47831
G1 F1197.6 X110.249 Y155.288 E686.51898
G1 F1195.2 X110.249 Y130.307 E687.56172
G1 F1190.5 X110.248 Y105.326 E688.60862
G1 F1188.1 X110.248 Y80.345 E689.6576
G1 F1185.8 X110.247 Y55.364 E690.70865
G1 F1324.5 X110.475 Y54.879 E690.72883
G1 F1500 X110.709 Y54.593 E690.74113
G1 X111.067 Y54.38 E690.75498
G1 X111.358 Y54.3 E690.76502
G1 X123.916 Y54.3 E691.1827
G1 X124.8 Y53.416 E691.22428
G1 X124.8 Y15.584 E692.48258
G1 X123.916 Y14.7 E692.52416
G1 X96.084 Y14.7 E693.44985
G1 X95.2 Y15.584 E693.49143
G1 X95.2 Y53.416 E694.74973
G1 X96.084 Y54.3 E694.79131
G1 X108.669 Y54.305 E695.20989
G1 X109.116 Y54.466 E695.22569
G1 F1474.2 X109.411 Y54.714 E695.23874
G1 F1421.8 X109.659 Y55.137 E695.25594
G1 F1282.1 X109.743 Y55.406 E695.26691
G1 F1185.8 X109.744 Y80.338 E696.3159
G1 F1188.1 X109.745 Y105.27 E697.36282
G1 F1190.5 X109.746 Y130.202 E698.40766
G1 F1195.2 X109.747 Y155.134 E699.44836
G1 F1197.6 X109.748 Y180.066 E700.48699
G1 F1200 X109.749 Y204.998 E701.52354
G1 X109.75 Y205.25 E701.53401
G1 X110.25 Y205.25 E701.5548
G1 F1500 E695.0548
G0 F9000 X110.03 Y205.03
G0 X109.939 Y55.464
G0 X109.833 Y54.155
G0 X109.691 Y54.323
;TYPE:FILL
G1 F1500 E701.5548
G1 F3000 X120.18 Y15.18 E702.90264
G0 F9000 X120.831 Y15.18
G1 F3000 X124.319 Y18.667 E703.06668
G0 F9000 X124.1 Y18.667
G0 X124.108 Y15.87
G0 X124.318 Y15.789
G1 F3000 X95.68 Y23.463 E704.05278
G0 F9000 X95.679 Y23.968
G1 F3000 X124.319 Y52.608 E705.39992
G0 F9000 X124.318 Y53.059
G1 F3000 X121.483 Y53.819 E705.49754
G0 F9000 X122.25 Y53.819
G1 F3000 X124.319 Y46.096 E705.76347
G0 F9000 X124.319 Y46.848
G1 F3000 X98.299 Y53.82 E706.65943
G0 F9000 X97.403 Y53.819
G1 F3000 X107.756 Y15.179 E707.98993
G0 F9000 X107.756 Y15.4
G0 X103.861 Y15.4
G0 X103.861 Y15.18
G1 F3000 X124.319 Y35.638 E708.95221
G0 F9000 X124.1 Y35.638
G0 X124.1 Y34.424
G0 X124.318 Y34.424
G1 F3000 X95.68 Y42.098 E709.93832
G0 F9000 X95.9 Y42.098
G0 X95.9 Y40.939
G0 X95.679 Y40.939
G1 F3000 X108.559 Y53.82 E710.54418
G0 F9000 X108.559 Y53.6
G0 X103.614 Y53.6
G0 X103.614 Y53.82
G1 F3000 X113.968 Y15.179 E711.87472
G0 F9000 X113.968 Y15.4
G0 X112.346 Y15.4
G0 X112.346 Y15.18
G1 F3000 X124.319 Y27.152 E712.43787
G0 F9000 X124.1 Y27.152
G0 X124.1 Y28.213
G0 X124.318 Y28.213
G1 F3000 X95.679 Y35.887 E713.42401
G0 F9000 X95.9 Y35.887
G0 X95.9 Y37.069
G0 X95.679 Y37.069
G1 F3000 X101.545 Y15.18 E714.17773
G0 F9000 X101.545 Y15.4
G0 X103.414 Y15.4
G0 X103.414 Y15.179
G1 F3000 X95.679 Y17.252 E714.44408
G0 F9000 X95.9 Y17.252
G0 X95.984 Y15.788
G0 X95.829 Y15.633
G1 F3000 X124.319 Y44.123 E715.78416
G0 F9000 X124.1 Y44.123
G0 X124.1 Y40.636
G0 X124.318 Y40.636
G1 F3000 X95.679 Y48.31 E716.7703
G0 F9000 X95.9 Y48.31
G0 X95.9 Y49.424
G0 X95.679 Y49.424
G1 F3000 X100.074 Y53.82 E716.97705
G0 F9000 X100.074 Y53.6
G0 X116.038 Y53.6
G0 X116.038 Y53.819
G1 F3000 X124.318 Y22.915 E718.04118
G0 F9000 X124.318 Y22.001
G1 F3000 X95.679 Y29.675 E719.02732
G0 F9000 X95.9 Y29.675
G0 X95.9 Y32.454
G0 X95.679 Y32.454
G1 F3000 X117.045 Y53.82 E720.03231
G0 F9000 X117.045 Y53.3
;MESH:NONMESH
G0 F300 X117.045 Y53.3 Z21
G0 F9000 X111.262 Y53.661
G0 X110.816 Y53.785
G0 X110.387 Y54.041
G0 X110 Y54.424
G0 X110.016 Y54.943
;TIME_ELAPSED:6238.273982
;LAYER:104
;TYPE:WALL-INNER
;MESH:Viga_Rectangular.stl
G1 F1500 X110.132 Y54.671 E720.04411
G1 X110.338 Y54.405 E720.05754
G1 X110.696 Y54.11 E720.07606
G1 X111.272 Y53.9 E720.10053
G1 X123.75 Y53.9 E720.59855
G1 X124.4 Y53.25 E720.63524
G1 X124.4 Y15.75 E722.13194
G1 X123.75 Y15.1 E722.16863
G1 X96.25 Y15.1 E723.26622
G1 X95.6 Y15.75 E723.30291
G1 X95.6 Y53.25 E724.79961
G1 X96.25 Y53.9 E724.8363
G1 X108.527 Y53.9 E725.3263
G1 X109.053 Y53.992 E725.34762
G1 X109.334 Y54.133 E725.36016
G1 X109.727 Y54.461 E725.38059
G1 X110.016 Y54.943 E725.40302
G1 F1500 E718.90302
G0 F9000 X109.998 Y54.419
G0 X110.03 Y205.03
G0 X110.25 Y205.25
;TYPE:WALL-OUTER
G1 F1500 E725.40302
G1 F1200 X110.25 Y205 E725.41342
G1 X110.25 Y155.121 E727.48715
G1 F1197.6 X110.25 Y105.242 E729.56502
G1 F1195.2 X110.249 Y55.363 E731.64704
G1 F1312.9 X110.361 Y55.142 E731.65646
G1 F1477.8 X110.463 Y54.897 E731.66542
G1 F1500 X110.602 Y54.706 E731.67328
G1 X110.879 Y54.473 E731.68531
G1 X111.36 Y54.3 E731.70232
G1 X123.916 Y54.3 E732.11993
G1 X124.8 Y53.416 E732.16151
G1 X124.8 Y15.584 E733.41981
G1 X123.916 Y14.7 E733.46139
G1 X96.084 Y14.7 E734.38708
G1 X95.2 Y15.584 E734.42867
G1 X95.2 Y53.416 E735.68696
G1 X96.084 Y54.3 E735.72854
G1 X108.534 Y54.303 E736.14263
G1 X108.916 Y54.374 E736.15556
G1 X109.123 Y54.473 E736.16319
G1 X109.422 Y54.729 E736.17628
G1 F1477.8 X109.636 Y55.096 E736.19062
G1 F1312.9 X109.747 Y55.388 E736.20249
G1 F1195.2 X109.748 Y105.259 E738.28418
G1 F1197.6 X109.749 Y155.13 E740.36172
G1 F1200 X109.75 Y205.001 E742.43512
G1 X109.75 Y205.25 E742.44547
G1 X110.25 Y205.25 E742.46626
G1 F1500 E735.96626
G0 F9000 X110.03 Y205.03
G0 X109.935 Y55.364
G0 X109.712 Y54.056
G0 X109.571 Y54.221
;TYPE:FILL
G1 F1500 E742.46626
G1 F3000 X120.033 Y15.18 E743.81058
G0 F9000 X121.032 Y15.18
G1 F3000 X124.319 Y18.466 E743.96517
G0 F9000 X124.1 Y18.466
G0 X124.1 Y15.936
G0 X124.318 Y15.936
G1 F3000 X95.68 Y23.61 E744.95128
G1 X95.679 Y23.767
G1 X124.319 Y52.407 E746.29841
G0 F9000 X124.319 Y53.206
G1 F3000 X122.03 Y53.819 E746.37723
G1 X122.103 Y53.819
G1 X124.319 Y45.548 E746.66203
G0 F9000 X124.1 Y45.548
G0 X124.1 Y46.995
G0 X124.319 Y46.995
G1 F3000 X98.847 Y53.82 E747.53911
G0 F9000 X98.847 Y53.6
G0 X100.275 Y53.6
G0 X100.275 Y53.82
G1 F3000 X95.679 Y49.223 E747.75532
G0 F9000 X95.679 Y48.457
G1 F3000 X124.318 Y40.783 E748.74146
G0 F9000 X124.1 Y40.783
G0 X124.1 Y43.922
G0 X124.319 Y43.922
G1 F3000 X95.929 Y15.533 E750.07681
G0 F9000 X96.084 Y15.688
G0 X95.9 Y17.399
G0 X95.679 Y17.399
G1 F3000 X103.963 Y15.179 E750.36206
G1 X104.062 Y15.18
G1 X124.319 Y35.437 E751.31489
G0 F9000 X124.318 Y34.571
G1 F3000 X95.68 Y42.245 E752.301
G0 F9000 X95.9 Y42.245
G0 X95.9 Y40.738
G0 X95.679 Y40.738
G1 F3000 X108.808 Y53.868 E752.91857
G0 F9000 X108.849 Y53.65
G0 X103.468 Y53.6
G0 X103.468 Y53.819
G1 F3000 X113.821 Y15.179 E754.24907
G0 F9000 X113.821 Y15.4
G0 X112.547 Y15.4
G0 X112.547 Y15.18
G1 F3000 X124.319 Y26.952 E754.80279
G0 F9000 X124.1 Y26.952
G0 X124.1 Y28.36
G0 X124.318 Y28.36
G1 F3000 X95.679 Y36.034 E755.78893
G0 F9000 X95.679 Y36.522
G1 F3000 X101.398 Y15.18 E756.52381
G0 F9000 X101.398 Y15.4
G0 X107.609 Y15.4
G0 X107.609 Y15.179
G1 F3000 X97.256 Y53.819 E757.85432
G0 F9000 X97.256 Y53.6
G0 X115.891 Y53.6
G0 X115.891 Y53.819
G1 F3000 X124.318 Y22.367 E758.93731
G0 F9000 X124.318 Y22.148
G1 F3000 X95.679 Y29.822 E759.92345
G0 F9000 X95.9 Y29.822
G0 X95.9 Y32.253
G0 X95.679 Y32.253
G1 F3000 X117.246 Y53.82 E760.9379
G0 F9000 X117.246 Y53.3
;MESH:NONMESH
G0 F300 X117.246 Y53.3 Z21.2
G0 F9000 X111.232 Y53.661
G0 X110.622 Y53.883
G0 X109.998 Y54.419
G0 X110.006 Y54.963
;TIME_ELAPSED:6283.928698
;LAYER:105
;TYPE:WALL-INNER
;MESH:Viga_Rectangular.stl
G1 F1500 X110.099 Y54.725 E760.9481
G1 X110.341 Y54.403 E760.96417
G1 X110.677 Y54.12 E760.98171
G1 X111.27 Y53.9 E761.00695
G1 X123.75 Y53.9 E761.50506
G1 X124.4 Y53.25 E761.54174
G1 X124.4 Y15.75 E763.03845
G1 X123.75 Y15.1 E763.07514
G1 X96.25 Y15.1 E764.17272
G1 X95.6 Y15.75 E764.20941
G1 X95.6 Y53.25 E765.70612
G1 X96.25 Y53.9 E765.74281
G1 X108.699 Y53.9 E766.23967
G1 X109.105 Y54.018 E766.25655
G1 X109.507 Y54.249 E766.27505
G1 X109.854 Y54.637 E766.29583
G1 X110.006 Y54.963 E766.31019
G1 F1500 E759.81019
G0 F9000 X109.998 Y54.407
G0 X110.03 Y205.03
G0 X110.25 Y205.25
;TYPE:WALL-OUTER
G1 F1500 E766.31019
G1 F1200 X110.25 Y205 E766.32058
G1 X110.25 Y155.121 E768.39431
G1 F1197.6 X110.25 Y105.242 E770.47218
G1 F1195.2 X110.25 Y55.363 E772.5542
G1 F1330.4 X110.397 Y55.055 E772.567
G1 F1500 X110.601 Y54.707 E772.58042
G1 X110.868 Y54.479 E772.5921
G1 X111.36 Y54.3 E772.60951
G1 X123.916 Y54.3 E773.02713
G1 X124.8 Y53.416 E773.06871
G1 X124.8 Y15.584 E774.327
G1 X123.916 Y14.7 E774.36858
G1 X96.084 Y14.7 E775.29428
G1 X95.2 Y15.584 E775.33586
G1 X95.2 Y53.416 E776.59416
G1 X96.084 Y54.3 E776.63574
G1 X108.668 Y54.305 E777.05428
G1 X108.915 Y54.373 E777.06281
G1 X109.234 Y54.551 E777.07496
G1 X109.503 Y54.845 E777.08821
G1 F1452.8 X109.659 Y55.135 E777.09952
G1 F1293.1 X109.747 Y55.386 E777.10978
G1 F1195.2 X109.747 Y105.257 E779.19147
G1 F1197.6 X109.748 Y155.128 E781.26901
G1 F1200 X109.749 Y204.999 E783.34241
G1 X109.75 Y205.25 E783.35284
G1 X110.25 Y205.25 E783.37363
G1 F1500 E776.87363
G0 F9000 X110.03 Y205.03
G0 X109.935 Y55.366
G0 X109.561 Y53.931
G0 X109.451 Y54.125
;TYPE:FILL
G1 F1500 E783.37363
G1 F3000 X119.887 Y15.18 E784.71464
G0 F9000 X119.887 Y15.4
G0 X121.232 Y15.4
G0 X121.232 Y15.18
G1 F3000 X124.319 Y18.267 E784.85985
G0 F9000 X124.1 Y18.267
G0 X124.1 Y16.082
G0 X124.318 Y16.082
G1 F3000 X95.679 Y23.756 E785.84599
G1 X95.679 Y23.568
G1 X124.319 Y52.208 E787.19313
G0 F9000 X124.1 Y52.208
G0 X123.98 Y53.248
G0 X124.133 Y53.402
G1 F3000 X122.576 Y53.819 E787.24674
G0 F9000 X121.957 Y53.819
G1 F3000 X124.319 Y45.003 E787.5503
G0 F9000 X124.1 Y45.003
G0 X124.1 Y43.723
G0 X124.319 Y43.723
G1 F3000 X96.029 Y15.433 E788.88098
G0 F9000 X96.184 Y15.588
G0 X95.9 Y17.545
G0 X95.679 Y17.545
G1 F3000 X104.507 Y15.179 E789.18496
G0 F9000 X104.261 Y15.18
G1 F3000 X124.319 Y35.237 E790.1284
G0 F9000 X124.318 Y34.717
G1 F3000 X95.679 Y42.391 E791.11454
G0 F9000 X95.9 Y42.391
G0 X95.9 Y40.539
G0 X95.679 Y40.539
G1 F3000 X109.054 Y53.914 E791.74366
G0 F9000 X109.114 Y53.704
G0 X103.322 Y53.6
G0 X103.322 Y53.819
G1 F3000 X113.675 Y15.179 E793.07416
G0 F9000 X112.746 Y15.18
G1 F3000 X124.319 Y26.752 E793.6185
G0 F9000 X124.1 Y26.752
G0 X124.1 Y28.506
G0 X124.319 Y28.506
G1 F3000 X95.68 Y36.179 E794.60463
G0 F9000 X95.679 Y35.976
G1 F3000 X101.252 Y15.179 E795.32075
G0 F9000 X101.252 Y15.4
G0 X107.463 Y15.4
G0 X107.463 Y15.179
G1 F3000 X97.11 Y53.819 E796.65125
G0 F9000 X97.11 Y53.6
G0 X99.392 Y53.6
G0 X99.392 Y53.82
G1 F3000 X124.319 Y47.141 E797.50957
G0 F9000 X124.1 Y47.141
G0 X124.1 Y40.929
G0 X124.319 Y40.929
G1 F3000 X95.679 Y48.603 E798.49574
G0 F9000 X95.679 Y49.024
G1 F3000 X100.474 Y53.82 E798.72131
G0 F9000 X100.474 Y53.6
G0 X115.745 Y53.6
G0 X115.745 Y53.819
G1 F3000 X124.319 Y21.821 E799.82311
G0 F9000 X124.318 Y22.294
G1 F3000 X95.679 Y29.968 E800.80925
G0 F9000 X95.9 Y29.968
G0 X95.9 Y32.053
G0 X95.679 Y32.053
G1 F3000 X117.445 Y53.82 E801.83308
G0 F9000 X117.445 Y53.3
;MESH:NONMESH
G0 F300 X117.445 Y53.3 Z21.4
G0 F9000 X111.227 Y53.661
G0 X110.617 Y53.886
G0 X109.998 Y54.407
G0 X109.993 Y54.98
;TIME_ELAPSED:6329.799971
;LAYER:106
;TYPE:WALL-INNER
;MESH:Viga_Rectangular.stl
G1 F1500 X110.133 Y54.658 E801.84709
G1 X110.414 Y54.316 E801.86476
G1 X110.912 Y54.007 E801.88815
G1 X111.288 Y53.9 E801.90376
G1 X123.75 Y53.9 E802.40114
G1 X124.4 Y53.25 E802.43783
G1 X124.4 Y15.75 E803.93454
G1 X123.75 Y15.1 E803.97122
G1 X96.25 Y15.1 E805.06881
G1 X95.6 Y15.75 E805.1055
G1 X95.6 Y53.25 E806.6022
G1 X96.25 Y53.9 E806.63889
G1 X108.569 Y53.902 E807.13057
G1 X109.076 Y53.998 E807.15117
G1 X109.583 Y54.314 E807.17501
G1 X109.873 Y54.662 E807.19309
G1 X109.993 Y54.98 E807.20666
G1 F1500 E800.70666
G0 F9000 X110 Y54.405
G0 X109.97 Y205.03
G0 X109.75 Y205.25
;TYPE:WALL-OUTER
G1 F1500 E807.20666
G1 F1200 X110.25 Y205.25 E807.22744
G1 X110.251 Y180.278 E808.26566
G1 F1197.6 X110.252 Y155.306 E809.30595
G1 F1195.2 X110.253 Y130.334 E810.34832
G1 F1190.5 X110.254 Y105.362 E811.39484
G1 F1188.1 X110.255 Y80.39 E812.44344
G1 F1185.8 X110.256 Y55.418 E813.49411
G1 F1279.3 X110.34 Y55.147 E813.50517
G1 F1445.8 X110.497 Y54.845 E813.51692
G1 F1500 X110.694 Y54.607 E813.52719
G1 X111.056 Y54.385 E813.54132
G1 X111.334 Y54.303 E813.55096
G1 X123.916 Y54.3 E813.96944
G1 X124.8 Y53.416 E814.01102
G1 X124.8 Y15.584 E815.26932
G1 X123.916 Y14.7 E815.3109
G1 X96.084 Y14.7 E816.23659
G1 X95.2 Y15.584 E816.27817
G1 X95.2 Y53.416 E817.53647
G1 X96.084 Y54.3 E817.57805
G1 X108.58 Y54.305 E817.99367
G1 X108.938 Y54.378 E818.00582
G1 X109.299 Y54.605 E818.02001
G1 X109.506 Y54.847 E818.0306
G1 X109.599 Y55.066 E818.03851
G1 F1324.5 X109.753 Y55.374 E818.05148
G1 F1185.8 X109.753 Y80.353 E819.10245
G1 F1188.1 X109.753 Y105.332 E820.15134
G1 F1190.5 X109.752 Y130.311 E821.19816
G1 F1195.2 X109.752 Y155.29 E822.24082
G1 F1197.6 X109.751 Y180.269 E823.2814
G1 F1200 X109.751 Y205.248 E824.3199
G1 F1500 E817.8199
G0 F9000 X109.97 Y205.03
G0 X110 Y54.405
G0 X110.014 Y54.673
;TYPE:FILL
G1 F1500 E824.3199
G1 F3000 X109.842 Y54.501 E824.328
G0 F9000 X109.508 Y54.167
G1 F3000 X95.679 Y40.338 E824.97847
G0 F9000 X95.9 Y40.338
G0 X95.9 Y42.538
G0 X95.68 Y42.538
G1 F3000 X124.318 Y34.864 E825.96458
G1 X124.319 Y35.037
G1 X104.462 Y15.18 E826.89859
G0 F9000 X105.056 Y15.179
G1 F3000 X95.679 Y17.692 E827.22148
G0 F9000 X95.9 Y17.692
G0 X96.284 Y15.488
G0 X96.129 Y15.332
G1 F3000 X124.319 Y43.522 E828.54745
G0 F9000 X124.319 Y44.454
G1 F3000 X121.81 Y53.819 E828.86991
G0 F9000 X121.81 Y53.6
G0 X123.123 Y53.6
G0 X123.123 Y53.82
G1 F3000 X123.932 Y53.603 E828.89777
G0 F9000 X123.779 Y53.449
G0 X124.1 Y52.007
G0 X124.319 Y52.007
G1 F3000 X95.679 Y23.367 E830.24491
G0 F9000 X95.679 Y23.903
G1 F3000 X124.318 Y16.229 E831.23105
G0 F9000 X124.1 Y16.229
G0 X124.1 Y18.066
G0 X124.319 Y18.066
G1 F3000 X121.432 Y15.18 E831.36682
G0 F9000 X121.432 Y15.4
G0 X119.74 Y15.4
G0 X119.74 Y15.18
G1 F3000 X109.323 Y54.053 E832.70536
G0 F9000 X109.438 Y53.868
G0 X108.776 Y53.703
G0 X103.175 Y53.602
G0 X103.174 Y53.821
G1 F3000 X113.528 Y15.179 E834.03594
G0 F9000 X112.947 Y15.18
G1 F3000 X124.319 Y26.551 E834.57082
G0 F9000 X124.1 Y26.551
G0 X124.1 Y28.653
G0 X124.319 Y28.653
G1 F3000 X95.68 Y36.326 E835.55695
G0 F9000 X95.679 Y35.427
G1 F3000 X101.105 Y15.179 E836.25416
G0 F9000 X101.105 Y15.4
G0 X107.316 Y15.4
G0 X107.316 Y15.179
G1 F3000 X96.963 Y53.819 E837.58467
G0 F9000 X96.964 Y53.601
G0 X99.94 Y53.601
G0 X99.939 Y53.82
G1 F3000 X124.319 Y47.288 E838.42415
G0 F9000 X124.1 Y47.288
G0 X124.1 Y41.076
G0 X124.318 Y41.076
G1 F3000 X95.679 Y48.75 E839.41029
G1 X95.679 Y48.823
G1 X100.676 Y53.82 E839.64533
G0 F9000 X100.677 Y53.601
G0 X115.598 Y53.6
G0 X115.598 Y53.819
G1 F3000 X124.319 Y21.273 E840.766
G0 F9000 X124.1 Y21.273
G0 X124.1 Y22.441
G0 X124.318 Y22.441
G1 F3000 X95.679 Y30.115 E841.75214
G0 F9000 X95.9 Y30.115
G0 X95.9 Y31.853
G0 X95.679 Y31.853
G1 F3000 X117.646 Y53.82 E842.78541
G0 F9000 X117.646 Y53.3
;MESH:NONMESH
G0 F300 X117.646 Y53.3 Z21.6
G0 F9000 X111.257 Y53.661
G0 X110.8 Y53.791
G0 X110.373 Y54.055
G0 X110 Y54.405
G0 X110 Y54.922
;TIME_ELAPSED:6375.929713
;LAYER:107
;TYPE:WALL-INNER
;MESH:Viga_Rectangular.stl
G1 F1500 X110.305 Y54.378 E842.8103
G1 X110.878 Y54.026 E842.83714
G1 X111.281 Y53.9 E842.85399
G1 X123.75 Y53.9 E843.35165
G1 X124.4 Y53.25 E843.38834
G1 X124.4 Y15.75 E844.88505
G1 X123.75 Y15.1 E844.92174
G1 X96.25 Y15.1 E846.01932
G1 X95.6 Y15.75 E846.05601
G1 X95.6 Y53.25 E847.55272
G1 X96.25 Y53.9 E847.58941
G1 X108.718 Y53.902 E848.08703
G1 X109.096 Y54.011 E848.10273
G1 X109.697 Y54.381 E848.1309
G1 X110 Y54.922 E848.15565
G1 F1500 E841.65565
G0 F9000 X110 Y54.414
G0 X110.03 Y205.03
G0 X110.25 Y205.25
;TYPE:WALL-OUTER
G1 F1500 E848.15565
G1 F1200 X110.25 Y55.373 E854.38681
G1 F1333.3 X110.395 Y55.036 E854.40054
G1 F1500 X110.599 Y54.672 E854.41442
G1 X111.052 Y54.386 E854.43224
G1 X111.354 Y54.3 E854.44268
G1 X123.916 Y54.3 E854.86049
G1 X124.8 Y53.416 E854.90207
G1 X124.8 Y15.584 E856.16037
G1 X123.916 Y14.7 E856.20195
G1 X96.084 Y14.7 E857.12765
G1 X95.2 Y15.584 E857.16923
G1 X95.2 Y53.416 E858.42753
G1 X96.084 Y54.3 E858.46911
G1 X108.681 Y54.307 E858.88808
G1 X108.935 Y54.381 E858.89688
G1 X109.403 Y54.675 E858.91527
G1 X109.605 Y55.037 E858.92905
G1 F1333.3 X109.75 Y55.373 E858.94275
G1 F1200 X109.75 Y205.25 E865.17391
G1 X110.25 Y205.25 E865.1947
G1 F1500 E858.6947
G0 F9000 X110.03 Y205.03
G0 X110 Y54.413
G0 X110.096 Y54.556
;TYPE:FILL
G1 F1500 E865.1947
G1 F3000 X95.679 Y40.138 E865.87285
G0 F9000 X95.9 Y40.138
G0 X95.9 Y42.684
G0 X95.679 Y42.684
G1 F3000 X124.318 Y35.01 E866.85899
G1 X124.319 Y34.837
G1 X104.661 Y15.18 E867.78362
G0 F9000 X105.601 Y15.179
G1 F3000 X95.68 Y17.838 E868.12524
G0 F9000 X95.9 Y17.838
G0 X96.384 Y15.388
G0 X96.229 Y15.233
G1 F3000 X124.319 Y43.323 E869.44651
G0 F9000 X124.319 Y43.909
G1 F3000 X121.664 Y53.819 E869.78774
G0 F9000 X121.664 Y53.6
G0 X124.1 Y51.808
G0 X124.319 Y51.808
G1 F3000 X95.679 Y23.168 E871.13488
G0 F9000 X95.679 Y24.049
G1 F3000 X124.318 Y16.376 E872.12101
G0 F9000 X124.1 Y16.376
G0 X124.1 Y17.867
G0 X124.319 Y17.867
G1 F3000 X121.632 Y15.18 E872.2474
G0 F9000 X121.632 Y15.4
G0 X119.594 Y15.4
G0 X119.594 Y15.179
G1 F3000 X109.197 Y53.979 E873.58342
G0 F9000 X109.316 Y53.791
G0 X108.858 Y53.688
G0 X103.029 Y53.602
G0 X103.028 Y53.82
G1 F3000 X113.382 Y15.179 E874.91396
G0 F9000 X113.146 Y15.18
G1 F3000 X124.319 Y26.352 E875.43948
G0 F9000 X124.1 Y26.352
G0 X124.1 Y28.799
G0 X124.318 Y28.799
G1 F3000 X95.68 Y36.472 E876.42558
G0 F9000 X95.9 Y36.472
G0 X95.9 Y34.883
G0 X95.679 Y34.883
G1 F3000 X100.959 Y15.179 E877.10406
G0 F9000 X100.959 Y15.4
G0 X107.17 Y15.4
G0 X107.17 Y15.18
G1 F3000 X96.817 Y53.82 E878.43457
G0 F9000 X96.818 Y53.601
G0 X100.484 Y53.601
G0 X100.483 Y53.82
G1 F3000 X124.318 Y47.434 E879.25528
G0 F9000 X124.1 Y47.434
G0 X124.1 Y41.222
G0 X124.319 Y41.222
G1 F3000 X95.68 Y48.896 E880.24142
G0 F9000 X95.679 Y48.624
G1 F3000 X100.875 Y53.82 E880.48583
G0 F9000 X100.876 Y53.601
G0 X115.452 Y53.6
G0 X115.452 Y53.82
G1 F3000 X124.319 Y20.728 E881.6253
G0 F9000 X124.1 Y20.728
G0 X124.1 Y22.587
G0 X124.318 Y22.587
G1 F3000 X95.679 Y30.261 E882.61144
G0 F9000 X95.9 Y30.261
G0 X95.9 Y31.653
G0 X95.679 Y31.653
G1 F3000 X117.845 Y53.82 E883.65408
G0 F9000 X117.845 Y53.3
;MESH:NONMESH
G0 F300 X117.845 Y53.3 Z21.8
G0 F9000 X111.256 Y53.661
G0 X110.794 Y53.793
G0 X110.193 Y54.17
G0 X110 Y54.414
G0 X110.015 Y54.938
;TIME_ELAPSED:6421.904053
;LAYER:108
;TYPE:WALL-INNER
;MESH:Viga_Rectangular.stl
G1 F1500 X110.129 Y54.675 E883.66552
G1 X110.334 Y54.411 E883.67886
G1 X110.673 Y54.121 E883.69667
G1 X111.265 Y53.902 E883.72186
G1 X123.75 Y53.9 E884.22016
G1 X124.4 Y53.25 E884.25685
G1 X124.4 Y15.75 E885.75356
G1 X123.75 Y15.1 E885.79025
G1 X96.25 Y15.1 E886.88783
G1 X95.6 Y15.75 E886.92452
G1 X95.6 Y53.25 E888.42123
G1 X96.25 Y53.9 E888.45792
G1 X108.532 Y53.9 E888.94812
G1 X109.076 Y54.001 E888.9702
G1 X109.358 Y54.148 E888.98289
G1 X109.729 Y54.463 E889.00232
G1 X110.015 Y54.938 E889.02445
G1 F1500 E882.52445
G0 F9000 X109.999 Y54.419
G0 X110.03 Y205.03
G0 X110.25 Y205.25
;TYPE:WALL-OUTER
G1 F1500 E889.02445
G1 F1200 X110.25 Y205 E889.03484
G1 X110.25 Y155.12 E891.10861
G1 F1197.6 X110.25 Y105.24 E893.18653
G1 F1195.2 X110.25 Y55.36 E895.26859
G1 F1330.4 X110.566 Y54.748 E895.29442
G1 F1500 X110.859 Y54.484 E895.30754
G1 X111.328 Y54.305 E895.32424
G1 X123.916 Y54.3 E895.74291
G1 X124.8 Y53.416 E895.78449
G1 X124.8 Y15.584 E897.04279
G1 X123.916 Y14.7 E897.08437
G1 X96.084 Y14.7 E898.01007
G1 X95.2 Y15.584 E898.05165
G1 X95.2 Y53.416 E899.30995
G1 X96.084 Y54.3 E899.35153
G1 X108.539 Y54.303 E899.76578
G1 X108.918 Y54.374 E899.77861
G1 X109.141 Y54.484 E899.78688
G1 X109.433 Y54.746 E899.79993
G1 F1485.1 X109.63 Y55.085 E899.8131
G1 F1315.8 X109.747 Y55.383 E899.82524
G1 F1195.2 X109.747 Y105.255 E901.90697
G1 F1197.6 X109.748 Y155.127 E903.98455
G1 F1200 X109.749 Y204.999 E906.05799
G1 X109.75 Y205.25 E906.06842
G1 X110.25 Y205.25 E906.08921
G1 F1500 E899.58921
G0 F9000 X110.03 Y205.03
G0 X110.007 Y54.326
G0 X110.197 Y54.457
;TYPE:FILL
G1 F1500 E906.08921
G1 F3000 X95.679 Y39.939 E906.77209
G0 F9000 X95.9 Y39.939
G0 X95.9 Y42.83
G0 X95.679 Y42.83
G1 F3000 X124.318 Y35.156 E907.75823
G0 F9000 X124.319 Y34.638
G1 F3000 X104.861 Y15.18 E908.67348
G0 F9000 X104.861 Y15.4
G0 X106.146 Y15.4
G0 X106.146 Y15.179
G1 F3000 X95.679 Y17.984 E909.0339
G0 F9000 X95.9 Y17.984
G0 X96.375 Y15.4
G0 X96.375 Y15.18
G1 F3000 X124.319 Y43.123 E910.34827
G0 F9000 X124.319 Y43.364
G1 F3000 X121.517 Y53.82 E910.70831
G0 F9000 X121.517 Y53.6
G0 X118.045 Y53.6
G0 X118.045 Y53.82
G1 F3000 X95.679 Y31.454 E911.76034
G0 F9000 X95.9 Y31.454
G0 X95.9 Y30.407
G0 X95.68 Y30.407
G1 F3000 X124.318 Y22.733 E912.74645
G0 F9000 X124.1 Y22.733
G0 X124.1 Y20.183
G0 X124.319 Y20.183
G1 F3000 X115.306 Y53.82 E913.90468
G0 F9000 X115.306 Y53.6
G0 X109.109 Y53.7
G0 X109.068 Y53.918
G1 F3000 X119.448 Y15.179 E915.2386
G0 F9000 X119.448 Y15.4
G0 X121.831 Y15.4
G0 X121.831 Y15.18
G1 F3000 X124.319 Y17.667 E915.3556
G0 F9000 X124.1 Y17.667
G0 X124.1 Y16.522
G0 X124.318 Y16.522
G1 F3000 X95.679 Y24.195 E916.34174
G0 F9000 X95.9 Y24.195
G0 X95.9 Y22.968
G0 X95.679 Y22.968
G1 F3000 X124.319 Y51.608 E917.68887
G0 F9000 X124.1 Y51.608
G0 X124.1 Y47.58
G0 X124.318 Y47.58
G1 F3000 X101.031 Y53.82 E918.49073
G1 X101.074 Y53.82
G1 X95.679 Y48.424 E918.74452
G0 F9000 X95.68 Y49.042
G1 F3000 X124.319 Y41.368 E919.73066
G0 F9000 X124.1 Y41.368
G0 X124.1 Y28.945
G0 X124.318 Y28.945
G1 F3000 X95.679 Y36.618 E920.71679
G0 F9000 X95.9 Y36.618
G0 X95.9 Y34.338
G0 X95.679 Y34.338
G1 F3000 X100.813 Y15.179 E921.3765
G0 F9000 X100.813 Y15.4
G0 X107.025 Y15.4
G0 X107.025 Y15.179
G1 F3000 X96.671 Y53.82 E922.70705
G0 F9000 X96.671 Y53.6
G0 X102.883 Y53.6
G0 X102.883 Y53.819
G1 F3000 X113.236 Y15.18 E924.03752
G1 X113.346 Y15.18
G1 X124.319 Y26.153 E924.55365
G0 F9000 X123.8 Y26.153
G1 F1500 E918.05365
;MESH:NONMESH
G0 F300 X123.8 Y26.153 Z22
G0 F9000 X109.999 Y54.419
G0 X110.005 Y54.906
;TIME_ELAPSED:6468.453955
;LAYER:109
;TYPE:WALL-INNER
;MESH:Viga_Rectangular.stl
G1 F1500 E924.55365
G1 X110.252 Y54.49 E924.57296
G1 X110.637 Y54.142 E924.59367
G1 X111.257 Y53.9 E924.62024
G1 X123.75 Y53.9 E925.11886
G1 X124.4 Y53.25 E925.15555
G1 X124.4 Y15.75 E926.65226
G1 X123.75 Y15.1 E926.68894
G1 X96.25 Y15.1 E927.78653
G1 X95.6 Y15.75 E927.82322
G1 X95.6 Y53.25 E929.31992
G1 X96.25 Y53.9 E929.35661
G1 X108.708 Y53.9 E929.85384
G1 X109.096 Y54.009 E929.86992
G1 X109.602 Y54.325 E929.89373
G1 X110.005 Y54.906 E929.92196
G1 F1500 E923.42196
G0 F9000 X109.99 Y54.436
G0 X110.03 Y205.03
G0 X110.25 Y205.25
;TYPE:WALL-OUTER
G1 F1500 E929.92196
G1 F1200 X110.25 Y205 E929.93235
G1 X110.25 Y155.124 E932.00595
G1 F1197.6 X110.25 Y105.248 E934.0837
G1 F1195.2 X110.25 Y55.372 E936.1656
G1 F1330.4 X110.399 Y55.026 E936.17973
G1 F1500 X110.577 Y54.731 E936.19119
G1 X110.871 Y54.477 E936.20411
G1 X111.332 Y54.3 E936.22053
G1 X123.916 Y54.3 E936.63908
G1 X124.8 Y53.416 E936.68066
G1 X124.8 Y15.584 E937.93896
G1 X123.916 Y14.7 E937.98054
G1 X96.084 Y14.7 E938.90623
G1 X95.2 Y15.584 E938.94782
G1 X95.2 Y53.416 E940.20611
G1 X96.084 Y54.3 E940.24769
G1 X108.674 Y54.305 E940.66644
G1 X108.954 Y54.386 E940.67613
G1 X109.337 Y54.64 E940.69142
G1 X109.602 Y55.025 E940.70696
G1 F1330.4 X109.746 Y55.382 E940.7214
G1 F1195.2 X109.747 Y105.255 E942.80317
G1 F1197.6 X109.748 Y155.128 E944.8808
G1 F1200 X109.75 Y205.001 E946.95428
G1 X109.75 Y205.25 E946.96463
G1 X110.25 Y205.25 E946.98542
G1 F1500 E940.48542
G0 F9000 X110.03 Y205.03
G0 X110.061 Y55.309
G0 X110.142 Y54.18
G0 X110.289 Y54.348
;TYPE:FILL
G1 F1500 E946.98542
G1 F3000 X95.679 Y39.738 E947.67262
G0 F9000 X95.9 Y39.738
G0 X95.9 Y36.765
G0 X95.679 Y36.765
G1 F3000 X124.318 Y29.092 E948.65876
G0 F9000 X124.1 Y29.092
G0 X124.1 Y25.952
G0 X124.319 Y25.952
G1 F3000 X113.547 Y15.18 E949.16544
G0 F9000 X113.089 Y15.179
G1 F3000 X102.736 Y53.819 E950.49594
G0 F9000 X102.736 Y53.6
G0 X101.58 Y53.6
G0 X101.58 Y53.819
G1 F3000 X124.318 Y47.727 E951.27888
G0 F9000 X124.1 Y47.727
G0 X124.1 Y51.408
G0 X124.319 Y51.408
G1 F3000 X95.679 Y22.768 E952.62602
G0 F9000 X95.9 Y22.768
G0 X95.9 Y24.342
G0 X95.679 Y24.342
G1 F3000 X124.318 Y16.669 E953.61215
G0 F9000 X124.319 Y17.466
G1 F3000 X122.032 Y15.18 E953.7197
G0 F9000 X122.032 Y15.4
G0 X119.301 Y15.4
G0 X119.301 Y15.179
G1 F3000 X108.931 Y53.88 E955.05231
G0 F9000 X108.992 Y53.67
G0 X115.159 Y53.6
G0 X115.159 Y53.82
G1 F3000 X124.319 Y19.635 E956.22942
G0 F9000 X124.1 Y19.635
G0 X124.1 Y22.88
G0 X124.318 Y22.88
G1 F3000 X95.68 Y30.554 E957.21553
G0 F9000 X95.679 Y31.253
G1 F3000 X118.245 Y53.82 E958.27699
G0 F9000 X118.245 Y53.6
G0 X121.37 Y53.6
G0 X121.37 Y53.819
G1 F3000 X124.319 Y42.816 E958.65586
G1 X124.319 Y42.922
G1 X96.576 Y15.18 E959.96079
G0 F9000 X96.576 Y15.4
G0 X95.9 Y18.131
G0 X95.679 Y18.131
G1 F3000 X106.695 Y15.179 E960.34011
G1 X106.878 Y15.179
G1 X96.524 Y53.82 E961.67065
G0 F9000 X96.524 Y53.6
G0 X95.9 Y49.189
G0 X95.68 Y49.189
G1 F3000 X124.319 Y41.515 E962.65679
G0 F9000 X124.1 Y41.515
G0 X124.1 Y35.303
G0 X124.318 Y35.303
G1 F3000 X95.679 Y42.977 E963.64293
G0 F9000 X95.9 Y42.977
G0 X95.9 Y48.223
G0 X95.679 Y48.223
G1 F3000 X101.275 Y53.82 E963.90618
G0 F9000 X101.275 Y53.6
G0 X95.9 Y33.79
G0 X95.679 Y33.79
G1 F3000 X100.666 Y15.179 E964.54702
G0 F9000 X100.666 Y15.4
G0 X105.061 Y15.4
G0 X105.061 Y15.18
G1 F3000 X124.319 Y34.437 E965.45283
G0 F9000 X123.8 Y34.437
;MESH:NONMESH
G0 F300 X123.8 Y34.437 Z22.2
G0 F9000 X109.99 Y54.436
G0 X110.008 Y54.956
;TIME_ELAPSED:6515.247997
;LAYER:110
;TYPE:WALL-INNER
;MESH:Viga_Rectangular.stl
G1 F1500 X110.123 Y54.688 E965.46447
G1 X110.332 Y54.413 E965.47826
G1 X110.636 Y54.144 E965.49446
G1 X111.266 Y53.9 E965.52142
G1 X123.75 Y53.9 E966.01969
G1 X124.4 Y53.25 E966.05637
G1 X124.4 Y15.75 E967.55308
G1 X123.75 Y15.1 E967.58977
G1 X96.25 Y15.1 E968.68735
G1 X95.6 Y15.75 E968.72404
G1 X95.6 Y53.25 E970.22075
G1 X96.25 Y53.9 E970.25744
G1 X108.617 Y53.907 E970.75103
G1 X109.088 Y54.007 E970.77025
G1 X109.366 Y54.154 E970.7828
G1 X109.739 Y54.473 E970.80239
G1 X110.008 Y54.956 E970.82446
G1 F1500 E964.32446
G0 F9000 X109.999 Y54.423
G0 X110.03 Y205.03
G0 X110.25 Y205.25
;TYPE:WALL-OUTER
G1 F1500 E970.82446
G1 F1200 X110.25 Y180.268 E971.86309
G1 F1195.2 X110.249 Y155.286 E972.90587
G1 F1192.8 X110.248 Y130.304 E973.95073
G1 F1190.5 X110.248 Y105.322 E974.99767
G1 F1185.8 X110.247 Y80.34 E976.04877
G1 F1183.4 X110.246 Y55.358 E977.10194
G1 F1321.6 X110.398 Y55.05 E977.11491
G1 F1500 X110.598 Y54.713 E977.12794
G1 X110.852 Y54.491 E977.13916
G1 X111.319 Y54.306 E977.15587
G1 X123.916 Y54.3 E977.57485
G1 X124.8 Y53.416 E977.61643
G1 X124.8 Y15.584 E978.87472
G1 X123.916 Y14.7 E978.9163
G1 X96.084 Y14.7 E979.842
G1 X95.2 Y15.584 E979.88358
G1 X95.2 Y53.416 E981.14188
G1 X96.084 Y54.3 E981.18346
G1 X108.566 Y54.305 E981.59861
G1 X108.931 Y54.38 E981.61101
G1 X109.148 Y54.49 E981.6191
G1 X109.428 Y54.734 E981.63145
G1 X109.633 Y55.107 E981.64561
G1 F1421.8 X109.676 Y55.17 E981.64828
G1 F1265.8 X109.749 Y55.424 E981.6587
G1 F1192.8 X109.749 Y105.283 E983.74403
G1 F1195.2 X109.749 Y155.142 E985.82522
G1 F1200 X109.75 Y205.001 E987.89812
G1 X109.75 Y205.25 E987.90847
G1 X110.25 Y205.25 E987.92926
G1 F1500 E981.42926
G0 F9000 X110.03 Y205.03
G0 X110.061 Y55.283
G0 X110.248 Y54.089
G0 X110.394 Y54.254
;TYPE:FILL
G1 F1500 E987.92926
G1 F3000 X95.679 Y39.539 E988.62141
G0 F9000 X95.9 Y39.539
G0 X95.9 Y36.912
G0 X95.679 Y36.912
G1 F3000 X124.318 Y29.238 E989.60755
G0 F9000 X124.1 Y29.238
G0 X124.1 Y25.752
G0 X124.319 Y25.752
G1 F3000 X113.746 Y15.18 E990.10484
G0 F9000 X112.943 Y15.18
G1 F3000 X102.589 Y53.82 E991.43535
G0 F9000 X102.123 Y53.82
G1 F3000 X124.319 Y47.872 E992.19964
G0 F9000 X124.1 Y47.872
G0 X124.1 Y51.208
G0 X124.319 Y51.208
G1 F3000 X95.679 Y22.568 E993.54678
G0 F9000 X95.9 Y22.568
G0 X95.9 Y24.488
G0 X95.679 Y24.488
G1 F3000 X124.318 Y16.815 E994.53291
G0 F9000 X124.319 Y17.267
G1 F3000 X122.231 Y15.18 E994.6311
G0 F9000 X122.231 Y15.4
G0 X119.155 Y15.4
G0 X119.155 Y15.179
G1 F3000 X108.79 Y53.862 E995.96309
G0 F9000 X108.833 Y53.646
G0 X115.013 Y53.6
G0 X115.013 Y53.819
G1 F3000 X124.319 Y19.09 E997.15893
G0 F9000 X124.1 Y19.09
G0 X124.1 Y23.026
G0 X124.318 Y23.026
G1 F3000 X95.68 Y30.7 E998.14504
G0 F9000 X95.679 Y31.054
G1 F3000 X118.445 Y53.82 E999.21588
G0 F9000 X118.445 Y53.6
G0 X121.225 Y53.6
G0 X121.225 Y53.819
G1 F3000 X124.319 Y42.271 E999.61352
G0 F9000 X124.319 Y42.723
G1 F3000 X96.776 Y15.18 E1000.90906
G0 F9000 X96.776 Y15.4
G0 X95.9 Y18.277
G0 X95.679 Y18.277
G1 F3000 X107.239 Y15.179 E1001.30711
G0 F9000 X106.732 Y15.179
G1 F3000 X96.378 Y53.82 E1002.63766
G0 F9000 X96.379 Y53.601
G0 X95.9 Y49.335
G0 X95.68 Y49.335
G1 F3000 X124.318 Y41.661 E1003.62376
G0 F9000 X124.1 Y41.661
G0 X124.1 Y35.449
G0 X124.319 Y35.449
G1 F3000 X95.68 Y43.123 E1004.60991
G0 F9000 X95.9 Y43.123
G0 X95.9 Y48.024
G0 X95.679 Y48.024
G1 F3000 X101.474 Y53.82 E1004.88251
G0 F9000 X101.475 Y53.601
G0 X95.9 Y33.245
G0 X95.679 Y33.245
G1 F3000 X100.52 Y15.179 E1005.50458
G0 F9000 X100.52 Y15.4
G0 X105.261 Y15.4
G0 X105.261 Y15.18
G1 F3000 X124.319 Y34.238 E1006.40101
G0 F9000 X123.8 Y34.238
;MESH:NONMESH
G0 F300 X123.8 Y34.238 Z22.4
G0 F9000 X109.999 Y54.423
G0 X110.003 Y54.964
;TIME_ELAPSED:6561.804469
;LAYER:111
;TYPE:WALL-INNER
;MESH:Viga_Rectangular.stl
G1 F1500 X110.075 Y54.774 E1006.40912
G1 X110.27 Y54.477 E1006.4233
G1 X110.713 Y54.069 E1006.44734
G1 X111.277 Y53.902 E1006.47082
G1 X123.75 Y53.9 E1006.96864
G1 X124.4 Y53.25 E1007.00533
G1 X124.4 Y15.75 E1008.50204
G1 X123.75 Y15.1 E1008.53873
G1 X96.25 Y15.1 E1009.63631
G1 X95.6 Y15.75 E1009.673
G1 X95.6 Y53.25 E1011.16971
G1 X96.25 Y53.9 E1011.20639
G1 X108.547 Y53.901 E1011.69719
G1 X109.113 Y54.011 E1011.72021
G1 X109.614 Y54.337 E1011.74406
G1 X109.951 Y54.829 E1011.76786
G1 X110.003 Y54.964 E1011.77364
G1 F1500 E1005.27364
G0 F9000 X109.99 Y54.428
G0 X110.03 Y205.03
G0 X110.25 Y205.25
;TYPE:WALL-OUTER
G1 F1500 E1011.77364
G1 F1200 X110.25 Y205 E1011.78403
G1 X110.25 Y155.119 E1013.85784
G1 F1197.6 X110.25 Y105.238 E1015.9358
G1 F1195.2 X110.25 Y55.357 E1018.01791
G1 F1330.4 X110.576 Y54.735 E1018.04424
G1 F1500 X110.93 Y54.419 E1018.06003
G1 X111.331 Y54.303 E1018.07391
G1 X123.916 Y54.3 E1018.49249
G1 X124.8 Y53.416 E1018.53407
G1 X124.8 Y15.584 E1019.79237
G1 X123.916 Y14.7 E1019.83395
G1 X96.084 Y14.7 E1020.75964
G1 X95.2 Y15.584 E1020.80122
G1 X95.2 Y53.416 E1022.05952
G1 X96.084 Y54.3 E1022.1011
G1 X108.556 Y54.304 E1022.51592
G1 X108.956 Y54.385 E1022.5295
G1 X109.336 Y54.634 E1022.54461
G1 X109.601 Y55.024 E1022.56029
G1 F1330.4 X109.746 Y55.376 E1022.57457
G1 F1195.2 X109.747 Y105.251 E1024.65642
G1 F1197.6 X109.748 Y155.126 E1026.73413
G1 F1200 X109.75 Y205.001 E1028.80769
G1 X109.75 Y205.25 E1028.81805
G1 X110.25 Y205.25 E1028.83883
G1 F1500 E1022.33883
G0 F9000 X110.03 Y205.03
G0 X110.061 Y55.281
G0 X110.353 Y53.994
G0 X110.496 Y54.155
;TYPE:FILL
G1 F1500 E1028.83883
G1 F3000 X95.679 Y39.338 E1029.53578
G0 F9000 X95.9 Y39.338
G0 X95.9 Y37.059
G0 X95.679 Y37.059
G1 F3000 X124.318 Y29.385 E1030.52192
G0 F9000 X124.1 Y29.385
G0 X124.1 Y25.552
G0 X124.319 Y25.552
G1 F3000 X113.947 Y15.18 E1031.00979
G0 F9000 X113.947 Y15.4
G0 X112.796 Y15.4
G0 X112.796 Y15.18
G1 F3000 X102.443 Y53.82 E1032.34029
G0 F9000 X102.671 Y53.82
G1 F3000 X124.318 Y48.02 E1033.08567
G0 F9000 X124.1 Y48.02
G0 X124.1 Y51.007
G0 X124.319 Y51.007
G1 F3000 X95.679 Y22.367 E1034.43281
G0 F9000 X95.9 Y22.367
G0 X95.9 Y24.635
G0 X95.679 Y24.635
G1 F3000 X124.318 Y16.962 E1035.41894
G1 X124.319 Y17.066
G1 X122.432 Y15.18 E1035.50767
G0 F9000 X122.432 Y15.4
G0 X119.008 Y15.4
G0 X119.008 Y15.179
G1 F3000 X108.651 Y53.833 E1036.83866
G0 F9000 X108.694 Y53.618
G0 X114.866 Y53.6
G0 X114.866 Y53.82
G1 F3000 X124.319 Y18.541 E1038.05344
G0 F9000 X124.1 Y18.541
G0 X124.1 Y23.173
G0 X124.318 Y23.173
G1 F3000 X95.68 Y30.847 E1039.03954
G1 X95.679 Y30.853
G1 X118.646 Y53.82 E1040.11984
G0 F9000 X118.646 Y53.6
G0 X121.077 Y53.6
G0 X121.077 Y53.82
G1 F3000 X124.319 Y41.722 E1040.53642
G1 X124.318 Y41.808
G1 X95.68 Y49.482 E1041.52253
G0 F9000 X95.9 Y49.482
G0 X95.9 Y47.823
G0 X95.679 Y47.823
G1 F3000 X101.675 Y53.82 E1041.80459
G0 F9000 X101.676 Y53.601
G0 X96.396 Y53.624
G0 X96.242 Y53.778
G1 F3000 X106.585 Y15.179 E1043.13369
G0 F9000 X106.585 Y15.4
G0 X105.462 Y15.4
G0 X105.462 Y15.18
G1 F3000 X124.319 Y34.037 E1044.02066
G0 F9000 X124.1 Y34.037
G0 X124.1 Y35.596
G0 X124.319 Y35.596
G1 F3000 X95.68 Y43.27 E1045.0068
G0 F9000 X95.9 Y43.27
G0 X95.9 Y32.696
G0 X95.679 Y32.696
G1 F3000 X100.373 Y15.179 E1045.60997
G0 F9000 X100.373 Y15.4
G0 X96.976 Y15.4
G0 X96.976 Y15.18
G1 F3000 X124.319 Y42.522 E1046.89608
G1 F1500 E1040.39608
G0 F9000 X124.1 Y42.522
G0 X107.788 Y15.4
G0 X107.788 Y15.179
G1 F1500 E1046.89608
G1 F3000 X95.679 Y18.424 E1047.31304
G0 F9000 X96.2 Y18.424
G1 F1500 E1040.81304
;MESH:NONMESH
G0 F300 X96.2 Y18.424 Z22.6
G0 F9000 X109.99 Y54.428
G0 X110 Y54.899
;TIME_ELAPSED:6609.375063
;LAYER:112
;TYPE:WALL-INNER
;MESH:Viga_Rectangular.stl
G1 F1500 E1047.31304
G1 X110.268 Y54.479 E1047.33293
G1 X110.6 Y54.167 E1047.35111
G1 X110.783 Y54.052 E1047.35974
G1 X111.29 Y53.901 E1047.38085
G1 X123.75 Y53.9 E1047.87815
G1 X124.4 Y53.25 E1047.91484
G1 X124.4 Y15.75 E1049.41155
G1 X123.75 Y15.1 E1049.44824
G1 X96.25 Y15.1 E1050.54582
G1 X95.6 Y15.75 E1050.58251
G1 X95.6 Y53.25 E1052.07922
G1 X96.25 Y53.9 E1052.11591
G1 X108.593 Y53.901 E1052.60854
G1 X109.107 Y54.008 E1052.6295
G1 X109.619 Y54.342 E1052.6539
G1 X110 Y54.899 E1052.68083
G0 F9000 X109.665 Y55.299
;TYPE:WALL-OUTER
G1 F1500 X110.309 Y55.298 E1052.70225
G1 X110.44 Y54.938 E1052.71499
G1 X110.574 Y54.737 E1052.72303
G1 X110.903 Y54.432 E1052.73795
G1 X111.351 Y54.301 E1052.75347
G1 X123.916 Y54.3 E1053.17139
G1 X124.8 Y53.416 E1053.21297
G1 X124.8 Y15.584 E1054.47126
G1 X123.916 Y14.7 E1054.51284
G1 X96.084 Y14.7 E1055.43854
G1 X95.2 Y15.584 E1055.48012
G1 X95.2 Y53.416 E1056.73842
G1 X96.084 Y54.3 E1056.78
G1 X108.567 Y54.305 E1057.19519
G1 X108.955 Y54.389 E1057.20839
G1 X109.342 Y54.639 E1057.22371
G1 X109.6 Y55.019 E1057.23899
G1 X109.665 Y55.299 E1057.24855
G0 F9000 X109.891 Y55.022
G0 X110.467 Y54.113
G0 X110.539 Y53.869
G0 X110.609 Y54.068
;TYPE:FILL
G1 F3000 X110.44 Y53.899 E1057.2565
G1 X110.379 Y53.839
G1 X95.679 Y39.139 E1057.94794
G0 F9000 X95.9 Y39.139
G0 X95.9 Y37.205
G0 X95.679 Y37.205
G1 F3000 X124.318 Y29.531 E1058.93408
G0 F9000 X124.1 Y29.531
G0 X124.1 Y25.352
G0 X124.319 Y25.352
G1 F3000 X114.146 Y15.18 E1059.41257
G0 F9000 X114.146 Y15.4
G0 X112.65 Y15.4
G0 X112.65 Y15.179
G1 F3000 X102.296 Y53.82 E1060.74311
G0 F9000 X101.874 Y53.82
G1 F3000 X95.679 Y47.624 E1061.03453
G0 F9000 X95.9 Y47.624
G0 X95.9 Y49.628
G0 X95.679 Y49.628
G1 F3000 X124.318 Y41.954 E1062.02067
G0 F9000 X124.319 Y42.323
G1 F3000 X97.176 Y15.18 E1063.29739
G0 F9000 X97.176 Y15.4
G0 X100.227 Y15.4
G0 X100.227 Y15.179
G1 F3000 X95.679 Y32.152 E1063.88183
G0 F9000 X95.9 Y32.152
G0 X95.9 Y30.993
G0 X95.679 Y30.993
G1 F3000 X124.318 Y23.319 E1064.86797
G0 F9000 X124.1 Y23.319
G0 X124.1 Y17.997
G0 X124.319 Y17.997
G1 F3000 X114.72 Y53.82 E1066.10148
G0 F9000 X114.72 Y53.6
G0 X118.845 Y53.6
G0 X118.845 Y53.82
G1 F3000 X95.679 Y30.653 E1067.19116
G0 F9000 X95.9 Y30.653
G0 X95.9 Y24.781
G0 X95.68 Y24.781
G1 F3000 X124.318 Y17.107 E1068.17727
G0 F9000 X124.319 Y16.867
G1 F3000 X122.632 Y15.18 E1068.25662
G0 F9000 X122.632 Y15.4
G0 X118.862 Y15.4
G0 X118.862 Y15.18
G1 F3000 X108.508 Y53.82 E1069.58713
G0 F9000 X108.509 Y53.601
G0 X103.216 Y53.601
G0 X103.215 Y53.82
G1 F3000 X124.319 Y48.165 E1070.31382
G0 F9000 X124.1 Y48.165
G0 X124.1 Y50.808
G0 X124.319 Y50.808
G1 F3000 X95.679 Y22.168 E1071.66096
G0 F9000 X95.9 Y22.168
G0 X95.9 Y18.57
G0 X95.679 Y18.57
G1 F3000 X108.333 Y15.179 E1072.09668
G0 F9000 X108.333 Y15.4
G0 X106.439 Y15.4
G0 X106.439 Y15.179
G1 F3000 X96.127 Y53.664 E1073.42185
G0 F9000 X96.282 Y53.51
G0 X95.9 Y43.416
G0 X95.68 Y43.416
G1 F3000 X124.318 Y35.742 E1074.40796
G0 F9000 X124.1 Y35.742
G0 X124.1 Y33.837
G0 X124.319 Y33.837
G1 F3000 X105.661 Y15.18 E1075.28555
G1 F1500 E1068.78555
G0 F9000 X105.661 Y15.4
G0 X124.1 Y41.178
G0 X124.319 Y41.178
G1 F1500 E1075.28555
G1 F3000 X120.931 Y53.82 E1075.72086
G0 F9000 X120.931 Y53.6
G0 X112.218 Y53.655
G0 X110.401 Y53.739
G0 X110.401 Y53.851
;TYPE:SKIN
G1 F1739.1 X110.416 Y53.881 E1075.72183
G1 X109.986 Y54.288 E1075.73881
G1 X109.82 Y54.074 E1075.74658
G1 X109.554 Y53.902 E1075.75567
G1 X109.58 Y53.851 E1075.75731
G1 X110.401 Y53.851 E1075.78086
G0 F9000 X110.401 Y53.439
;MESH:NONMESH
G0 F300 X110.401 Y53.439 Z22.8
G0 F9000 X110.726 Y54.066
;TIME_ELAPSED:6638.531572
;LAYER:113
;TYPE:WALL-INNER
;MESH:Viga_Rectangular.stl
G1 F1500 X111.288 Y53.901 E1075.80424
G1 X123.75 Y53.9 E1076.30162
G1 X124.4 Y53.25 E1076.33831
G1 X124.4 Y15.75 E1077.83502
G1 X123.75 Y15.1 E1077.87171
G1 X96.25 Y15.1 E1078.96929
G1 X95.6 Y15.75 E1079.00598
G1 X95.6 Y53.25 E1080.50269
G1 X96.25 Y53.9 E1080.53938
G1 X108.607 Y53.906 E1081.03257
G1 X109.069 Y54.001 E1081.0514
G1 X109.339 Y54.14 E1081.06352
G1 X109.54 Y54.303 E1081.07384
G1 X110.458 Y54.302 E1081.11048
G1 X110.726 Y54.066 E1081.12474
G0 F9000 X110.895 Y54.436
;TYPE:WALL-OUTER
G1 F1500 X111.347 Y54.301 E1081.14043
G1 X123.916 Y54.3 E1081.55847
G1 X124.8 Y53.416 E1081.60005
G1 X124.8 Y15.584 E1082.85835
G1 X123.916 Y14.7 E1082.89993
G1 X96.084 Y14.7 E1083.82563
G1 X95.2 Y15.584 E1083.86721
G1 X95.2 Y53.416 E1085.12551
G1 X96.084 Y54.3 E1085.16709
G1 X108.556 Y54.304 E1085.58191
G1 X108.951 Y54.389 E1085.59535
G1 X109.149 Y54.492 E1085.60277
G1 X109.38 Y54.703 E1085.61317
G1 X110.62 Y54.702 E1085.65442
G1 X110.895 Y54.436 E1085.66714
G0 F9000 X110.725 Y53.984
;TYPE:FILL
G1 F3000 X95.679 Y38.938 E1086.37486
G0 F9000 X95.9 Y38.938
G0 X95.9 Y37.352
G0 X95.679 Y37.352
G1 F3000 X124.318 Y29.678 E1087.361
G0 F9000 X124.1 Y29.678
G0 X124.1 Y33.637
G0 X124.319 Y33.637
G1 F3000 X105.862 Y15.18 E1088.22916
G0 F9000 X106.292 Y15.179
G1 F3000 X96.011 Y53.547 E1089.55031
G0 F9000 X96.165 Y53.393
G0 X95.9 Y49.775
G0 X95.679 Y49.775
G1 F3000 X124.318 Y42.101 E1090.53645
G1 X124.319 Y42.122
G1 X97.377 Y15.18 E1091.80372
G0 F9000 X97.377 Y15.4
G0 X100.08 Y15.4
G0 X100.08 Y15.179
G1 F3000 X95.679 Y31.603 E1092.36925
G0 F9000 X95.679 Y31.14
G1 F3000 X124.318 Y23.466 E1093.35539
G0 F9000 X124.1 Y23.466
G0 X124.1 Y25.151
G0 X124.319 Y25.151
G1 F3000 X114.347 Y15.18 E1093.82442
G0 F9000 X114.347 Y15.4
G0 X112.503 Y15.4
G0 X112.503 Y15.18
G1 F3000 X102.15 Y53.819 E1095.15489
G1 X102.075 Y53.82
G1 X95.679 Y47.423 E1095.45576
G0 F9000 X95.9 Y47.423
G0 X95.9 Y43.563
G0 X95.68 Y43.563
G1 F3000 X124.319 Y35.889 E1096.4419
G0 F9000 X124.1 Y35.889
G0 X124.1 Y40.629
G0 X124.319 Y40.629
G1 F3000 X120.784 Y53.82 E1096.89612
G0 F9000 X120.784 Y53.6
G0 X119.046 Y53.6
G0 X119.046 Y53.82
G1 F3000 X95.679 Y30.452 E1097.99526
G0 F9000 X95.9 Y30.452
G0 X95.9 Y24.928
G0 X95.68 Y24.928
G1 F3000 X124.318 Y17.254 E1098.98136
G1 X124.319 Y17.448
G1 X114.573 Y53.82 E1100.23378
G0 F9000 X114.573 Y53.6
G0 X108.361 Y53.6
G0 X108.361 Y53.819
G1 F3000 X118.715 Y15.18 E1101.56426
G0 F9000 X118.715 Y15.4
G0 X122.832 Y15.4
G0 X122.832 Y15.18
G1 F3000 X124.319 Y16.666 E1101.63418
G0 F9000 X124.1 Y16.666
G0 X108.881 Y15.4
G0 X108.881 Y15.179
G1 F3000 X95.679 Y18.717 E1102.08877
G0 F9000 X95.9 Y18.717
G0 X95.9 Y21.967
G0 X95.679 Y21.967
G1 F3000 X124.319 Y50.607 E1103.43591
G0 F9000 X124.1 Y50.607
G0 X124.1 Y48.312
G0 X124.319 Y48.312
G1 F3000 X103.766 Y53.82 E1104.14363
G0 F9000 X103.766 Y53.3
;MESH:NONMESH
G0 F300 X103.766 Y53.3 Z23
G0 F9000 X111.185 Y53.616
G0 X111.27 Y53.902
;TIME_ELAPSED:6665.843306
;LAYER:114
;TYPE:WALL-INNER
;MESH:Viga_Rectangular.stl
G1 F1500 X123.75 Y53.9 E1104.64173
G1 X124.4 Y53.25 E1104.67842
G1 X124.4 Y15.75 E1106.17513
G1 X123.75 Y15.1 E1106.21181
G1 X96.25 Y15.1 E1107.3094
G1 X95.6 Y15.75 E1107.34609
G1 X95.6 Y53.25 E1108.84279
G1 X96.25 Y53.9 E1108.87948
G1 X108.723 Y53.9 E1109.37731
G1 X109.071 Y54.006 E1109.39183
G1 X109.268 Y54.104 E1109.40061
G1 X110.733 Y54.104 E1109.45908
G1 X110.93 Y54.006 E1109.46786
G1 X111.27 Y53.902 E1109.48205
G1 F1500 E1102.98205
G0 F9000 X111.183 Y53.615
G0 X109.346 Y53.808
G0 X109.156 Y54.504
;TYPE:WALL-OUTER
G1 F1500 E1109.48205
G1 X110.845 Y54.504 E1109.53823
G1 X111.047 Y54.388 E1109.54598
G1 X111.321 Y54.305 E1109.5555
G1 X123.916 Y54.3 E1109.97441
G1 X124.8 Y53.416 E1110.01599
G1 X124.8 Y15.584 E1111.27429
G1 X123.916 Y14.7 E1111.31587
G1 X96.084 Y14.7 E1112.24156
G1 X95.2 Y15.584 E1112.28315
G1 X95.2 Y53.416 E1113.54144
G1 X96.084 Y54.3 E1113.58302
G1 X108.674 Y54.304 E1114.00177
G1 X109.001 Y54.409 E1114.01319
G1 X109.156 Y54.504 E1114.01924
G0 F9000 X109.346 Y53.808
G0 X108.215 Y53.6
G0 X108.215 Y53.819
;TYPE:FILL
G1 F3000 X118.569 Y15.18 E1115.34972
G0 F9000 X118.569 Y15.4
G0 X114.547 Y15.4
G0 X114.547 Y15.18
G1 F3000 X124.319 Y24.952 E1115.80936
G0 F9000 X124.1 Y24.952
G0 X124.1 Y23.612
G0 X124.318 Y23.612
G1 F3000 X95.679 Y31.286 E1116.7955
G0 F9000 X95.679 Y31.058
G1 F3000 X99.934 Y15.179 E1117.34227
G0 F9000 X99.934 Y15.4
G0 X97.576 Y15.4
G0 X97.576 Y15.18
G1 F3000 X124.319 Y41.922 E1118.60016
G0 F9000 X124.318 Y42.247
G1 F3000 X95.679 Y49.921 E1119.5863
G0 F9000 X95.9 Y49.921
G0 X95.9 Y47.224
G0 X95.679 Y47.224
G1 F3000 X102.275 Y53.82 E1119.89655
G0 F9000 X102.004 Y53.819
G1 F3000 X112.357 Y15.179 E1121.22706
G0 F9000 X112.357 Y15.4
G0 X109.426 Y15.4
G0 X109.426 Y15.179
G1 F3000 X95.679 Y18.863 E1121.70042
G0 F9000 X95.9 Y18.863
G0 X95.9 Y21.768
G0 X95.679 Y21.768
G1 F3000 X124.319 Y50.408 E1123.04756
G0 F9000 X124.1 Y50.408
G0 X124.1 Y48.459
G0 X124.319 Y48.459
G1 F3000 X104.311 Y53.819 E1123.73649
G0 F9000 X104.311 Y53.6
G0 X110.817 Y53.728
G0 X110.881 Y53.94
G1 F3000 X95.679 Y38.738 E1124.45155
G0 F9000 X95.9 Y38.738
G0 X95.9 Y37.497
G0 X95.68 Y37.497
G1 F3000 X124.319 Y29.824 E1125.43768
G0 F9000 X124.1 Y29.824
G0 X124.1 Y33.437
G0 X124.319 Y33.437
G1 F3000 X106.061 Y15.18 E1126.29645
G1 X106.146 Y15.179
G1 X95.896 Y53.432 E1127.61364
G0 F9000 X96.05 Y53.278
G0 X95.9 Y43.709
G0 X95.68 Y43.709
G1 F3000 X124.318 Y36.035 E1128.59975
G0 F9000 X124.1 Y36.035
G0 X124.1 Y40.085
G0 X124.319 Y40.085
G1 F3000 X120.638 Y53.821 E1129.07273
G0 F9000 X120.638 Y53.6
G0 X119.247 Y53.6
G0 X119.247 Y53.822
G1 F3000 X95.679 Y30.253 E1130.18132
G0 F9000 X95.9 Y30.253
G0 X95.9 Y25.074
G0 X95.679 Y25.074
G1 F3000 X124.318 Y17.4 E1131.16746
G0 F9000 X124.318 Y16.904
G1 F3000 X114.426 Y53.824 E1132.43873
G1 F1500 E1125.93873
G0 F9000 X114.426 Y53.601
G0 X124.1 Y16.467
G0 X124.319 Y16.467
G1 F1500 E1132.43873
G1 F3000 X123.032 Y15.18 E1132.49927
G0 F9000 X123.032 Y15.7
G1 F1500 E1125.99927
;MESH:NONMESH
G0 F300 X123.032 Y15.7 Z23.2
G0 F9000 X123.63 Y53.608
G0 X123.75 Y53.9
;TIME_ELAPSED:6695.368694
;LAYER:115
;TYPE:WALL-INNER
;MESH:Viga_Rectangular.stl
G1 F1500 E1132.49927
G1 X124.4 Y53.25 E1132.53596
G1 X124.4 Y15.75 E1134.03267
G1 X123.75 Y15.1 E1134.06935
G1 X96.25 Y15.1 E1135.16694
G1 X95.6 Y15.75 E1135.20363
G1 X95.6 Y53.25 E1136.70033
G1 X96.25 Y53.9 E1136.73702
G1 X108.71 Y53.904 E1137.23433
G1 X108.992 Y53.984 E1137.24603
G1 X111.007 Y53.983 E1137.32645
G1 X111.304 Y53.903 E1137.33873
G1 X123.75 Y53.9 E1137.83547
G1 F1500 E1131.33547
G0 F9000 X123.63 Y53.608
G0 X108.661 Y53.6
G0 X108.661 Y54.301
;TYPE:WALL-OUTER
G1 F1500 E1137.83547
G1 X108.93 Y54.384 E1137.84484
G1 X111.07 Y54.383 E1137.91601
G1 X111.34 Y54.301 E1137.9254
G1 X123.916 Y54.3 E1138.34368
G1 X124.8 Y53.416 E1138.38526
G1 X124.8 Y15.584 E1139.64356
G1 X123.916 Y14.7 E1139.68514
G1 X96.084 Y14.7 E1140.61083
G1 X95.2 Y15.584 E1140.65241
G1 X95.2 Y53.416 E1141.91071
G1 X96.084 Y54.3 E1141.95229
G1 X108.661 Y54.301 E1142.3706
G0 F9000 X108.068 Y53.824
;TYPE:FILL
G1 F3000 X118.423 Y15.179 E1143.70129
G0 F9000 X118.423 Y15.4
G0 X114.746 Y15.4
G0 X114.746 Y15.18
G1 F3000 X124.319 Y24.752 E1144.15155
G0 F9000 X124.318 Y23.758
G1 F3000 X95.679 Y31.432 E1145.13769
G0 F9000 X95.679 Y30.514
G1 F3000 X99.788 Y15.179 E1145.66572
G0 F9000 X99.788 Y15.4
G0 X97.775 Y15.4
G0 X97.775 Y15.18
G1 F3000 X124.319 Y41.723 E1146.91425
G0 F9000 X124.319 Y42.393
G1 F3000 X95.68 Y50.067 E1147.90039
G0 F9000 X95.9 Y50.067
G0 X95.9 Y47.024
G0 X95.679 Y47.024
G1 F3000 X102.476 Y53.822 E1148.22012
G0 F9000 X101.857 Y53.822
G1 F3000 X112.211 Y15.179 E1149.55073
G0 F9000 X112.211 Y15.4
G0 X109.97 Y15.4
G0 X109.97 Y15.179
G1 F3000 X95.68 Y19.008 E1150.04278
G0 F9000 X95.9 Y19.008
G0 X95.9 Y21.568
G0 X95.679 Y21.568
G1 F3000 X124.319 Y50.208 E1151.38992
G0 F9000 X124.1 Y50.208
G0 X124.1 Y48.605
G0 X124.318 Y48.605
G1 F3000 X104.843 Y53.823 E1152.06051
G0 F9000 X104.843 Y53.6
G0 X110.965 Y53.682
G0 X111.031 Y53.891
G1 F3000 X95.679 Y38.539 E1152.78262
G0 F9000 X95.68 Y37.643
G1 F3000 X124.318 Y29.97 E1153.76872
G0 F9000 X124.1 Y29.97
G0 X124.1 Y33.238
G0 X124.319 Y33.238
G1 F3000 X106.261 Y15.18 E1154.61811
G0 F9000 X105.999 Y15.18
G1 F3000 X95.781 Y53.316 E1155.93126
G0 F9000 X95.935 Y53.163
G0 X95.9 Y43.855
G0 X95.679 Y43.855
G1 F3000 X124.318 Y36.181 E1156.9174
G0 F9000 X124.1 Y36.181
G0 X124.1 Y39.54
G0 X124.319 Y39.54
G1 F3000 X120.492 Y53.821 E1157.40915
G0 F9000 X120.492 Y53.6
G0 X119.447 Y53.6
G0 X119.447 Y53.822
G1 F3000 X95.679 Y30.054 E1158.52712
G0 F9000 X95.9 Y30.054
G0 X95.9 Y25.22
G0 X95.679 Y25.22
G1 F3000 X124.318 Y17.546 E1159.51327
G0 F9000 X124.1 Y17.546
G0 X124.1 Y16.359
G0 X124.318 Y16.359
G1 F3000 X114.28 Y53.824 E1160.80331
G1 F1500 E1154.30331
G0 F9000 X114.28 Y53.6
G0 X124.1 Y16.267
G0 X124.319 Y16.267
G1 F1500 E1160.80331
G1 F3000 X123.231 Y15.18 E1160.85446
G0 F9000 X123.231 Y15.7
G1 F1500 E1154.35446
;MESH:NONMESH
G0 F300 X123.231 Y15.7 Z23.4
G0 F9000 X123.63 Y53.608
G0 X123.75 Y53.9
;TIME_ELAPSED:6725.233228
;LAYER:116
;TYPE:WALL-INNER
;MESH:Viga_Rectangular.stl
G1 F1500 E1160.85446
G1 X124.4 Y53.25 E1160.89115
G1 X124.4 Y15.75 E1162.38785
G1 X123.75 Y15.1 E1162.42454
G1 X96.25 Y15.1 E1163.52213
G1 X95.6 Y15.75 E1163.55882
G1 X95.6 Y53.25 E1165.05552
G1 X96.25 Y53.9 E1165.09221
G1 X108.538 Y53.9 E1165.58265
G1 X108.722 Y53.919 E1165.59004
G1 X111.27 Y53.919 E1165.69173
G1 X111.457 Y53.9 E1165.69923
G1 X123.75 Y53.9 E1166.18987
G0 F9000 X123.916 Y54.3
;TYPE:WALL-OUTER
G1 F1500 X124.8 Y53.416 E1166.23145
G1 X124.8 Y15.584 E1167.48975
G1 X123.916 Y14.7 E1167.53133
G1 X96.084 Y14.7 E1168.45703
G1 X95.2 Y15.584 E1168.49861
G1 X95.2 Y53.416 E1169.75691
G1 X96.084 Y54.3 E1169.79849
G1 X108.527 Y54.301 E1170.21234
G1 X108.702 Y54.319 E1170.21819
G1 X111.291 Y54.319 E1170.3043
G1 X111.478 Y54.3 E1170.31056
G1 X123.916 Y54.3 E1170.72425
G0 F9000 X123.63 Y53.608
G0 X120.346 Y53.6
G0 X120.346 Y53.819
;TYPE:FILL
G1 F3000 X124.319 Y38.991 E1171.23482
G0 F9000 X124.1 Y38.991
G0 X124.1 Y41.522
G0 X124.319 Y41.522
G1 F3000 X97.976 Y15.18 E1172.47389
G0 F9000 X97.976 Y15.4
G0 X99.641 Y15.4
G0 X99.641 Y15.179
G1 F3000 X95.679 Y29.965 E1172.98303
G1 X95.679 Y29.853
G1 X119.646 Y53.82 E1174.11036
G0 F9000 X119.646 Y53.6
G0 X114.134 Y53.6
G0 X114.134 Y53.82
G1 F3000 X124.318 Y15.81 E1175.41917
G0 F9000 X124.319 Y16.066
G1 F3000 X123.432 Y15.18 E1175.46087
G0 F9000 X123.432 Y15.4
G0 X124.1 Y17.693
G0 X124.318 Y17.693
G1 F3000 X95.679 Y25.367 E1176.44701
G0 F9000 X95.9 Y25.367
G0 X95.9 Y21.368
G0 X95.679 Y21.368
G1 F3000 X124.319 Y50.008 E1177.79415
G0 F9000 X124.1 Y50.008
G0 X124.1 Y48.752
G0 X124.319 Y48.752
G1 F3000 X105.403 Y53.82 E1178.44548
G0 F9000 X105.403 Y53.6
G0 X107.922 Y53.6
G0 X107.922 Y53.821
G1 F3000 X118.276 Y15.179 E1179.77606
G0 F9000 X118.276 Y15.4
G0 X114.947 Y15.4
G0 X114.947 Y15.18
G1 F3000 X124.319 Y24.552 E1180.21689
G0 F9000 X124.318 Y23.905
G1 F3000 X95.679 Y31.579 E1181.20303
G0 F9000 X95.9 Y31.579
G0 X95.9 Y37.79
G0 X95.68 Y37.79
G1 F3000 X124.318 Y30.117 E1182.18913
G0 F9000 X124.1 Y30.117
G0 X124.1 Y33.037
G0 X124.319 Y33.037
G1 F3000 X106.461 Y15.18 E1183.02909
G0 F9000 X105.852 Y15.18
G1 F3000 X95.68 Y53.145 E1184.33635
G0 F9000 X95.9 Y53.145
G0 X95.9 Y50.214
G0 X95.68 Y50.214
G1 F3000 X124.319 Y42.54 E1185.32249
G0 F9000 X124.1 Y42.54
G0 X124.1 Y36.328
G0 X124.318 Y36.328
G1 F3000 X95.679 Y44.002 E1186.30863
G0 F9000 X95.9 Y44.002
G0 X95.9 Y46.823
G0 X95.679 Y46.823
G1 F3000 X102.675 Y53.82 E1186.63773
G0 F9000 X101.71 Y53.82
G1 F3000 X112.064 Y15.179 E1187.96827
G0 F9000 X112.064 Y15.4
G0 X110.519 Y15.4
G0 X110.519 Y15.179
G1 F3000 X95.68 Y19.155 E1188.47923
G0 F9000 X95.9 Y19.155
G0 X95.9 Y38.338
G0 X95.679 Y38.338
G1 F3000 X111.179 Y53.839 E1189.20832
G0 F9000 X111.18 Y53.32
;MESH:NONMESH
G0 F300 X111.18 Y53.32 Z23.6
G0 F9000 X123.63 Y53.608
G0 X123.75 Y53.9
;TIME_ELAPSED:6753.151795
;LAYER:117
;TYPE:WALL-INNER
;MESH:Viga_Rectangular.stl
G1 F1500 X124.4 Y53.25 E1189.24501
G1 X124.4 Y15.75 E1190.74172
G1 X123.75 Y15.1 E1190.77841
G1 X96.25 Y15.1 E1191.87599
G1 X95.6 Y15.75 E1191.91268
G1 X95.6 Y53.25 E1193.40939
G1 X96.25 Y53.9 E1193.44608
G1 X123.75 Y53.9 E1194.54366
G0 F9000 X123.916 Y54.3
;TYPE:WALL-OUTER
G1 F1500 X124.8 Y53.416 E1194.58524
G1 X124.8 Y15.584 E1195.84354
G1 X123.916 Y14.7 E1195.88512
G1 X96.084 Y14.7 E1196.81081
G1 X95.2 Y15.584 E1196.8524
G1 X95.2 Y53.416 E1198.11069
G1 X96.084 Y54.3 E1198.15227
G1 X123.916 Y54.3 E1199.07797
G0 F9000 X123.63 Y53.608
G0 X120.2 Y53.6
G0 X120.2 Y53.819
;TYPE:FILL
G1 F3000 X124.319 Y38.447 E1199.60728
G0 F9000 X124.1 Y38.447
G0 X124.1 Y36.474
G0 X124.318 Y36.474
G1 F3000 X95.679 Y44.148 E1200.59342
G0 F9000 X95.9 Y44.148
G0 X95.9 Y46.624
G0 X95.679 Y46.624
G1 F3000 X102.874 Y53.82 E1200.93188
G0 F9000 X102.874 Y53.6
G0 X101.565 Y53.6
G0 X101.565 Y53.819
G1 F3000 X111.918 Y15.179 E1202.26238
G0 F9000 X111.064 Y15.179
G1 F3000 X95.679 Y19.301 E1202.79213
G0 F9000 X95.9 Y19.301
G0 X95.9 Y21.168
G0 X95.679 Y21.168
G1 F3000 X124.319 Y49.808 E1204.13927
G0 F9000 X124.318 Y48.898
G1 F3000 X105.949 Y53.82 E1204.77178
G0 F9000 X105.949 Y53.6
G0 X107.776 Y53.6
G0 X107.776 Y53.819
G1 F3000 X118.13 Y15.179 E1206.10229
G0 F9000 X118.13 Y15.4
G0 X115.146 Y15.4
G0 X115.146 Y15.18
G1 F3000 X124.319 Y24.352 E1206.53374
G0 F9000 X124.319 Y24.051
G1 F3000 X95.68 Y31.725 E1207.51988
G0 F9000 X95.9 Y31.725
G0 X95.9 Y29.653
G0 X95.679 Y29.653
G1 F3000 X119.845 Y53.82 E1208.6566
G0 F9000 X119.845 Y53.6
G0 X113.988 Y53.6
G0 X113.988 Y53.82
G1 F3000 X124.209 Y15.673 E1209.97012
G0 F9000 X124.319 Y15.867
G1 F3000 X123.631 Y15.18 E1210.00246
G0 F9000 X123.631 Y15.4
G0 X124.1 Y17.839
G0 X124.318 Y17.839
G1 F3000 X95.679 Y25.513 E1210.9886
G0 F9000 X95.9 Y25.513
G0 X95.9 Y29.421
G0 X95.679 Y29.421
G1 F3000 X99.495 Y15.179 E1211.479
G0 F9000 X99.495 Y15.4
G0 X98.176 Y15.4
G0 X98.176 Y15.18
G1 F3000 X124.319 Y41.323 E1212.70869
G0 F9000 X124.1 Y41.323
G0 X124.1 Y42.686
G0 X124.319 Y42.686
G1 F3000 X95.68 Y50.36 E1213.69483
G0 F9000 X95.9 Y50.36
G0 X95.9 Y52.601
G0 X95.68 Y52.601
G1 F3000 X105.707 Y15.179 E1214.98339
G0 F9000 X106.661 Y15.18
G1 F3000 X124.319 Y32.838 E1215.81397
G0 F9000 X124.1 Y32.838
G0 X124.1 Y30.263
G0 X124.318 Y30.263
G1 F3000 X95.679 Y37.936 E1216.8001
G0 F9000 X95.679 Y38.139
G1 F3000 X111.36 Y53.82 E1217.53769
G0 F9000 X111.36 Y53.3
;MESH:NONMESH
G0 F300 X111.36 Y53.3 Z23.8
G0 F9000 X123.63 Y53.608
G0 X123.75 Y53.9
;TIME_ELAPSED:6780.103736
;LAYER:118
;TYPE:WALL-INNER
;MESH:Viga_Rectangular.stl
G1 F1500 X124.4 Y53.25 E1217.57438
G1 X124.4 Y15.75 E1219.07109
G1 X123.75 Y15.1 E1219.10777
G1 X96.25 Y15.1 E1220.20536
G1 X95.6 Y15.75 E1220.24205
G1 X95.6 Y53.25 E1221.73875
G1 X96.25 Y53.9 E1221.77544
G1 X123.75 Y53.9 E1222.87303
G0 F9000 X123.916 Y54.3
;TYPE:WALL-OUTER
G1 F1500 X124.8 Y53.416 E1222.91461
G1 X124.8 Y15.584 E1224.17291
G1 X123.916 Y14.7 E1224.21449
G1 X96.084 Y14.7 E1225.14018
G1 X95.2 Y15.584 E1225.18176
G1 X95.2 Y53.416 E1226.44006
G1 X96.084 Y54.3 E1226.48164
G1 X123.916 Y54.3 E1227.40734
G0 F9000 X123.63 Y53.608
G0 X120.053 Y53.6
G0 X120.053 Y53.819
;TYPE:FILL
G1 F3000 X124.319 Y37.898 E1227.95555
G0 F9000 X124.1 Y37.898
G0 X124.1 Y36.621
G0 X124.318 Y36.621
G1 F3000 X95.679 Y44.295 E1228.94169
G0 F9000 X95.9 Y44.295
G0 X95.9 Y46.423
G0 X95.679 Y46.423
G1 F3000 X103.075 Y53.82 E1229.2896
G0 F9000 X103.075 Y53.6
G0 X101.418 Y53.6
G0 X101.418 Y53.819
G1 F3000 X111.771 Y15.179 E1230.6201
G1 X111.612 Y15.179
G1 X95.679 Y19.448 E1231.16873
G0 F9000 X95.9 Y19.448
G0 X95.9 Y20.967
G0 X95.679 Y20.967
G1 F3000 X124.319 Y49.607 E1232.51587
G0 F9000 X124.318 Y49.045
G1 F3000 X106.498 Y53.82 E1233.12947
G0 F9000 X106.498 Y53.6
G0 X107.629 Y53.6
G0 X107.629 Y53.819
G1 F3000 X117.983 Y15.179 E1234.45998
G0 F9000 X117.983 Y15.4
G0 X115.347 Y15.4
G0 X115.347 Y15.18
G1 F3000 X124.319 Y24.151 E1234.88198
G1 X124.319 Y24.198
G1 X95.68 Y31.872 E1235.86812
G0 F9000 X95.9 Y31.872
G0 X95.9 Y29.453
G0 X95.679 Y29.453
G1 F3000 X120.046 Y53.82 E1237.01426
G0 F9000 X120.046 Y53.6
G0 X113.841 Y53.6
G0 X113.841 Y53.82
G1 F3000 X124.093 Y15.557 E1238.33179
G0 F9000 X123.939 Y15.711
G0 X124.1 Y17.986
G0 X124.318 Y17.986
G1 F3000 X95.679 Y25.66 E1239.31793
G0 F9000 X95.9 Y25.66
G0 X95.9 Y28.872
G0 X95.679 Y28.872
G1 F3000 X99.348 Y15.179 E1239.78942
G0 F9000 X98.376 Y15.18
G1 F3000 X124.319 Y41.122 E1241.00968
G0 F9000 X124.1 Y41.122
G0 X124.1 Y42.833
G0 X124.319 Y42.833
G1 F3000 X95.68 Y50.507 E1241.99582
G0 F9000 X95.9 Y50.507
G0 X95.9 Y52.052
G0 X95.68 Y52.052
G1 F3000 X105.559 Y15.18 E1243.26544
G0 F9000 X105.559 Y15.4
G0 X106.862 Y15.4
G0 X106.862 Y15.18
G1 F3000 X124.319 Y32.637 E1244.08657
G0 F9000 X124.1 Y32.637
G0 X124.1 Y30.41
G0 X124.318 Y30.41
G1 F3000 X95.68 Y38.083 E1245.07267
G1 X95.679 Y37.938
G1 X111.56 Y53.82 E1245.81968
G0 F9000 X111.56 Y53.3
;MESH:NONMESH
G0 F300 X111.56 Y53.3 Z24
G0 F9000 X123.63 Y53.608
G0 X123.75 Y53.9
;TIME_ELAPSED:6806.761241
;LAYER:119
;TYPE:WALL-INNER
;MESH:Viga_Rectangular.stl
G1 F1500 X124.4 Y53.25 E1245.85637
G1 X124.4 Y15.75 E1247.35308
G1 X123.75 Y15.1 E1247.38977
G1 X96.25 Y15.1 E1248.48735
G1 X95.6 Y15.75 E1248.52404
G1 X95.6 Y53.25 E1250.02075
G1 X96.25 Y53.9 E1250.05743
G1 X123.75 Y53.9 E1251.15502
G0 F9000 X123.916 Y54.3
;TYPE:WALL-OUTER
G1 F1500 X124.8 Y53.416 E1251.1966
G1 X124.8 Y15.584 E1252.4549
G1 X123.916 Y14.7 E1252.49648
G1 X96.084 Y14.7 E1253.42217
G1 X95.2 Y15.584 E1253.46375
G1 X95.2 Y53.416 E1254.72205
G1 X96.084 Y54.3 E1254.76363
G1 X123.916 Y54.3 E1255.68933
G0 F9000 X123.63 Y53.608
G0 X120.245 Y53.6
G0 X120.245 Y53.82
;TYPE:FILL
G1 F3000 X95.679 Y29.253 E1256.84486
G0 F9000 X95.679 Y28.327
G1 F3000 X99.202 Y15.179 E1257.29759
G0 F9000 X98.576 Y15.18
G1 F3000 X124.319 Y40.923 E1258.50846
G0 F9000 X124.1 Y40.923
G0 X124.1 Y42.979
G0 X124.318 Y42.979
G1 F3000 X95.68 Y50.653 E1259.49457
G0 F9000 X95.679 Y51.507
G1 F3000 X105.414 Y15.179 E1260.74548
G0 F9000 X105.414 Y15.4
G0 X107.061 Y15.4
G0 X107.061 Y15.18
G1 F3000 X124.319 Y32.437 E1261.55722
G0 F9000 X124.1 Y32.437
G0 X124.1 Y30.556
G0 X124.318 Y30.556
G1 F3000 X95.679 Y38.229 E1262.54335
G0 F9000 X95.679 Y37.738
G1 F3000 X111.76 Y53.82 E1263.29977
G0 F9000 X111.76 Y53.6
G0 X113.695 Y53.6
G0 X113.695 Y53.819
G1 F3000 X123.978 Y15.443 E1264.62119
G0 F9000 X123.824 Y15.596
G0 X124.1 Y18.132
G0 X124.318 Y18.132
G1 F3000 X95.679 Y25.806 E1265.60733
G0 F9000 X95.9 Y25.806
G0 X95.9 Y20.768
G0 X95.679 Y20.768
G1 F3000 X124.319 Y49.408 E1266.95447
G0 F9000 X124.318 Y49.191
G1 F3000 X107.043 Y53.82 E1267.54931
G0 F9000 X107.483 Y53.819
G1 F3000 X117.837 Y15.179 E1268.87982
G0 F9000 X117.837 Y15.4
G0 X115.546 Y15.4
G0 X115.546 Y15.18
G1 F3000 X124.319 Y23.952 E1269.29245
G0 F9000 X124.318 Y24.344
G1 F3000 X95.68 Y32.018 E1270.27856
G0 F9000 X95.9 Y32.018
G0 X95.9 Y44.441
G0 X95.68 Y44.441
G1 F3000 X124.319 Y36.767 E1271.2647
G0 F9000 X124.319 Y37.353
G1 F3000 X119.907 Y53.82 E1271.83171
G0 F9000 X119.907 Y53.6
G0 X103.275 Y53.6
G0 X103.275 Y53.82
G1 F3000 X95.679 Y46.224 E1272.18901
G0 F9000 X95.9 Y46.224
G0 X101.272 Y53.6
G0 X101.272 Y53.82
G1 F3000 X111.625 Y15.18 E1273.51951
G0 F9000 X112.157 Y15.179
G1 F3000 X95.679 Y19.594 E1274.0869
G0 F9000 X96.2 Y19.594
G1 F1500 E1267.5869
;MESH:NONMESH
G0 F300 X96.2 Y19.594 Z24.2
G0 F9000 X123.63 Y53.608
G0 X123.75 Y53.9
;TIME_ELAPSED:6834.201821
;LAYER:120
;TYPE:WALL-INNER
;MESH:Viga_Rectangular.stl
G1 F1500 E1274.0869
G1 X124.4 Y53.25 E1274.12359
G1 X124.4 Y15.75 E1275.6203
G1 X123.75 Y15.1 E1275.65699
G1 X96.25 Y15.1 E1276.75457
G1 X95.6 Y15.75 E1276.79126
G1 X95.6 Y53.25 E1278.28796
G1 X96.25 Y53.9 E1278.32465
G1 X123.75 Y53.9 E1279.42224
G0 F9000 X123.916 Y54.3
;TYPE:WALL-OUTER
G1 F1500 X124.8 Y53.416 E1279.46382
G1 X124.8 Y15.584 E1280.72212
G1 X123.916 Y14.7 E1280.7637
G1 X96.084 Y14.7 E1281.68939
G1 X95.2 Y15.584 E1281.73097
G1 X95.2 Y53.416 E1282.98927
G1 X96.084 Y54.3 E1283.03085
G1 X123.916 Y54.3 E1283.95655
G0 F9000 X123.63 Y53.608
G0 X120.445 Y53.6
G0 X120.445 Y53.82
;TYPE:FILL
G1 F3000 X95.679 Y29.054 E1285.12146
G0 F9000 X95.9 Y29.054
G0 X95.9 Y27.782
G0 X95.679 Y27.782
G1 F3000 X99.056 Y15.179 E1285.55543
G0 F9000 X98.775 Y15.18
G1 F3000 X124.319 Y40.723 E1286.75692
G0 F9000 X124.1 Y40.723
G0 X124.1 Y43.125
G0 X124.318 Y43.125
G1 F3000 X95.679 Y50.799 E1287.74306
G1 X95.679 Y50.963
G1 X105.268 Y15.179 E1288.97523
G0 F9000 X105.268 Y15.4
G0 X107.261 Y15.4
G0 X107.261 Y15.18
G1 F3000 X124.319 Y32.238 E1289.77759
G0 F9000 X124.1 Y32.238
G0 X124.1 Y30.702
G0 X124.318 Y30.702
G1 F3000 X95.679 Y38.375 E1290.76372
G0 F9000 X95.679 Y37.539
G1 F3000 X111.959 Y53.82 E1291.5295
G0 F9000 X111.959 Y53.6
G0 X113.549 Y53.6
G0 X113.549 Y53.819
G1 F3000 X123.863 Y15.327 E1292.85491
G0 F9000 X123.709 Y15.481
G0 X124.1 Y18.278
G0 X124.318 Y18.278
G1 F3000 X95.68 Y25.952 E1293.84102
G0 F9000 X95.9 Y25.952
G0 X95.9 Y20.569
G0 X95.679 Y20.569
G1 F3000 X124.319 Y49.208 E1295.18814
G1 X124.319 Y49.336
G1 X107.587 Y53.82 E1295.76428
G0 F9000 X107.337 Y53.819
G1 F3000 X117.691 Y15.18 E1297.09476
G0 F9000 X117.691 Y15.4
G0 X115.746 Y15.4
G0 X115.746 Y15.18
G1 F3000 X124.319 Y23.753 E1297.49801
G0 F9000 X124.318 Y24.49
G1 F3000 X95.679 Y32.164 E1298.48415
G0 F9000 X95.9 Y32.164
G0 X95.9 Y44.587
G0 X95.68 Y44.587
G1 F3000 X124.319 Y36.913 E1299.47029
G1 X124.319 Y36.808
G1 X119.761 Y53.819 E1300.05604
G0 F9000 X119.761 Y53.6
G0 X103.474 Y53.6
G0 X103.474 Y53.82
G1 F3000 X95.679 Y46.024 E1300.42271
G0 F9000 X95.9 Y46.024
G0 X101.126 Y53.6
G0 X101.126 Y53.82
G1 F3000 X111.479 Y15.179 E1301.75325
G0 F9000 X111.479 Y15.4
G0 X112.702 Y15.4
G0 X112.702 Y15.179
G1 F3000 X95.679 Y19.74 E1302.33941
G0 F9000 X96.2 Y19.74
G1 F1500 E1295.83941
;MESH:NONMESH
G0 F300 X96.2 Y19.74 Z24.4
G0 F9000 X123.63 Y53.608
G0 X123.75 Y53.9
;TIME_ELAPSED:6861.961686
;LAYER:121
;TYPE:WALL-INNER
;MESH:Viga_Rectangular.stl
G1 F1500 E1302.33941
G1 X124.4 Y53.25 E1302.3761
G1 X124.4 Y15.75 E1303.8728
G1 X123.75 Y15.1 E1303.90949
G1 X96.25 Y15.1 E1305.00707
G1 X95.6 Y15.75 E1305.04376
G1 X95.6 Y53.25 E1306.54047
G1 X96.25 Y53.9 E1306.57716
G1 X123.75 Y53.9 E1307.67474
G0 F9000 X123.916 Y54.3
;TYPE:WALL-OUTER
G1 F1500 X124.8 Y53.416 E1307.71632
G1 X124.8 Y15.584 E1308.97462
G1 X123.916 Y14.7 E1309.0162
G1 X96.084 Y14.7 E1309.9419
G1 X95.2 Y15.584 E1309.98348
G1 X95.2 Y53.416 E1311.24178
G1 X96.084 Y54.3 E1311.28336
G1 X123.916 Y54.3 E1312.20905
G0 F9000 X123.63 Y53.608
G0 X120.645 Y53.6
G0 X120.645 Y53.82
;TYPE:FILL
G1 F3000 X95.679 Y28.853 E1313.3834
G0 F9000 X95.9 Y28.853
G0 X95.9 Y27.233
G0 X95.679 Y27.233
G1 F3000 X98.909 Y15.179 E1313.79846
G1 X98.976 Y15.18
G1 X124.319 Y40.522 E1314.9905
G0 F9000 X124.1 Y40.522
G0 X124.1 Y43.272
G0 X124.318 Y43.272
G1 F3000 X95.68 Y50.946 E1315.9766
G0 F9000 X95.679 Y50.414
G1 F3000 X105.121 Y15.179 E1317.18987
G0 F9000 X105.121 Y15.4
G0 X107.461 Y15.4
G0 X107.461 Y15.18
G1 F3000 X124.319 Y32.037 E1317.9828
G0 F9000 X124.1 Y32.037
G0 X124.1 Y30.849
G0 X124.318 Y30.849
G1 F3000 X95.679 Y38.522 E1318.96893
G0 F9000 X95.9 Y38.522
G0 X95.9 Y37.338
G0 X95.679 Y37.338
G1 F3000 X112.16 Y53.82 E1319.74417
G0 F9000 X112.16 Y53.6
G0 X113.402 Y53.6
G0 X113.402 Y53.819
G1 F3000 X123.747 Y15.211 E1321.07357
G0 F9000 X123.63 Y15.392
G0 X124.1 Y18.425
G0 X124.318 Y18.425
G1 F3000 X95.68 Y26.099 E1322.05968
G0 F9000 X95.9 Y26.099
G0 X95.9 Y20.368
G0 X95.679 Y20.368
G1 F3000 X124.319 Y49.008 E1323.40682
G0 F9000 X124.319 Y49.483
G1 F3000 X108.136 Y53.82 E1323.96406
G0 F9000 X107.19 Y53.819
G1 F3000 X117.544 Y15.179 E1325.29458
G0 F9000 X117.544 Y15.4
G0 X115.947 Y15.4
G0 X115.947 Y15.18
G1 F3000 X124.319 Y23.552 E1325.68837
G0 F9000 X124.1 Y23.552
G0 X124.1 Y24.637
G0 X124.318 Y24.637
G1 F3000 X95.679 Y32.311 E1326.67451
G0 F9000 X95.9 Y32.311
G0 X95.9 Y44.734
G0 X95.68 Y44.734
G1 F3000 X124.319 Y37.06 E1327.66065
G0 F9000 X124.319 Y36.259
G1 F3000 X119.614 Y53.819 E1328.2653
G0 F9000 X119.614 Y53.6
G0 X103.675 Y53.6
G0 X103.675 Y53.82
G1 F3000 X95.679 Y45.824 E1328.64141
G0 F9000 X95.9 Y45.824
G0 X100.979 Y53.6
G0 X100.979 Y53.82
G1 F3000 X111.332 Y15.18 E1329.97191
G0 F9000 X111.332 Y15.4
G0 X113.25 Y15.4
G0 X113.25 Y15.179
G1 F3000 X95.679 Y19.887 E1330.57694
G0 F9000 X96.2 Y19.887
G1 F1500 E1324.07694
;MESH:NONMESH
G0 F300 X96.2 Y19.887 Z24.6
G0 F9000 X123.63 Y53.608
G0 X123.75 Y53.9
;TIME_ELAPSED:6889.974710
;LAYER:122
;TYPE:WALL-INNER
;MESH:Viga_Rectangular.stl
G1 F1500 E1330.57694
G1 X124.4 Y53.25 E1330.61363
G1 X124.4 Y15.75 E1332.11033
G1 X123.75 Y15.1 E1332.14702
G1 X96.25 Y15.1 E1333.24461
G1 X95.6 Y15.75 E1333.28129
G1 X95.6 Y53.25 E1334.778
G1 X96.25 Y53.9 E1334.81469
G1 X123.75 Y53.9 E1335.91227
G0 F9000 X123.916 Y54.3
;TYPE:WALL-OUTER
G1 F1500 X124.8 Y53.416 E1335.95385
G1 X124.8 Y15.584 E1337.21215
G1 X123.916 Y14.7 E1337.25373
G1 X96.084 Y14.7 E1338.17943
G1 X95.2 Y15.584 E1338.22101
G1 X95.2 Y53.416 E1339.47931
G1 X96.084 Y54.3 E1339.52089
G1 X123.916 Y54.3 E1340.44658
G0 F9000 X123.63 Y53.608
G0 X120.845 Y53.6
G0 X120.845 Y53.82
;TYPE:FILL
G1 F3000 X95.679 Y28.654 E1341.63032
G0 F9000 X95.9 Y28.654
G0 X95.9 Y26.689
G0 X95.679 Y26.689
G1 F3000 X98.763 Y15.18 E1342.02661
G0 F9000 X99.175 Y15.18
G1 F3000 X124.319 Y40.323 E1343.20928
G0 F9000 X124.1 Y40.323
G0 X124.1 Y43.418
G0 X124.318 Y43.418
G1 F3000 X95.679 Y51.092 E1344.19542
G0 F9000 X95.9 Y51.092
G0 X95.9 Y49.87
G0 X95.679 Y49.87
G1 F3000 X104.975 Y15.179 E1345.38996
G0 F9000 X104.975 Y15.4
G0 X107.661 Y15.4
G0 X107.661 Y15.18
G1 F3000 X124.319 Y31.838 E1346.1735
G0 F9000 X124.319 Y30.994
G1 F3000 X95.68 Y38.668 E1347.15964
G0 F9000 X95.9 Y38.668
G0 X95.9 Y37.139
G0 X95.679 Y37.139
G1 F3000 X112.359 Y53.82 E1347.94424
G0 F9000 X113.256 Y53.819
G1 F3000 X123.61 Y15.179 E1349.27475
G0 F9000 X123.61 Y15.4
G0 X124.1 Y18.571
G0 X124.318 Y18.571
G1 F3000 X95.68 Y26.245 E1350.26086
G0 F9000 X95.9 Y26.245
G0 X95.9 Y20.168
G0 X95.679 Y20.168
G1 F3000 X124.319 Y48.808 E1351.608
G0 F9000 X124.319 Y49.629
G1 F3000 X108.68 Y53.82 E1352.14651
G0 F9000 X108.68 Y53.6
G0 X107.044 Y53.6
G0 X107.044 Y53.82
G1 F3000 X117.398 Y15.18 E1353.47702
G0 F9000 X117.398 Y15.4
G0 X116.146 Y15.4
G0 X116.146 Y15.18
G1 F3000 X124.319 Y23.352 E1353.86143
G0 F9000 X124.1 Y23.352
G0 X124.1 Y24.783
G0 X124.318 Y24.783
G1 F3000 X95.679 Y32.457 E1354.84757
G0 F9000 X95.9 Y32.457
G0 X95.9 Y44.88
G0 X95.68 Y44.88
G1 F3000 X124.318 Y37.206 E1355.83368
G0 F9000 X124.1 Y37.206
G0 X124.1 Y35.715
G0 X124.319 Y35.715
G1 F3000 X119.468 Y53.819 E1356.45706
G0 F9000 X119.468 Y53.6
G0 X103.874 Y53.6
G0 X103.874 Y53.82
G1 F3000 X95.679 Y45.624 E1356.84255
G0 F9000 X95.9 Y45.624
G0 X100.833 Y53.6
G0 X100.833 Y53.82
G1 F3000 X111.186 Y15.179 E1358.17309
G0 F9000 X111.186 Y15.4
G0 X113.795 Y15.4
G0 X113.795 Y15.179
G1 F3000 X95.679 Y20.033 E1358.79688
G0 F9000 X96.2 Y20.033
G1 F1500 E1352.29688
;MESH:NONMESH
G0 F300 X96.2 Y20.033 Z24.8
G0 F9000 X123.63 Y53.608
G0 X123.75 Y53.9
;TIME_ELAPSED:6918.211811
;LAYER:123
;TYPE:WALL-INNER
;MESH:Viga_Rectangular.stl
G1 F1500 E1358.79688
G1 X124.4 Y53.25 E1358.83357
G1 X124.4 Y15.75 E1360.33028
G1 X123.75 Y15.1 E1360.36697
G1 X96.25 Y15.1 E1361.46455
G1 X95.6 Y15.75 E1361.50124
G1 X95.6 Y53.25 E1362.99794
G1 X96.25 Y53.9 E1363.03463
G1 X123.75 Y53.9 E1364.13222
G0 F9000 X123.916 Y54.3
;TYPE:WALL-OUTER
G1 F1500 X124.8 Y53.416 E1364.1738
G1 X124.8 Y15.584 E1365.4321
G1 X123.916 Y14.7 E1365.47368
G1 X96.084 Y14.7 E1366.39937
G1 X95.2 Y15.584 E1366.44095
G1 X95.2 Y53.416 E1367.69925
G1 X96.084 Y54.3 E1367.74083
G1 X123.916 Y54.3 E1368.66653
G0 F9000 X123.63 Y53.608
G0 X121.046 Y53.6
G0 X121.046 Y53.82
;TYPE:FILL
G1 F3000 X95.679 Y28.453 E1369.85971
G0 F9000 X95.9 Y28.453
G0 X95.9 Y26.392
G0 X95.68 Y26.392
G1 F3000 X124.318 Y18.718 E1370.84582
G0 F9000 X124.1 Y18.718
G0 X123.463 Y15.4
G0 X123.463 Y15.179
G1 F3000 X113.109 Y53.819 E1372.17633
G0 F9000 X112.56 Y53.82
G1 F3000 X95.679 Y36.938 E1372.97039
G0 F9000 X95.9 Y36.938
G0 X95.9 Y38.815
G0 X95.679 Y38.815
G1 F3000 X124.319 Y31.141 E1373.95656
G0 F9000 X124.319 Y31.637
G1 F3000 X107.862 Y15.18 E1374.73065
G0 F9000 X107.862 Y15.4
G0 X104.828 Y15.4
G0 X104.828 Y15.179
G1 F3000 X95.679 Y49.321 E1375.90628
G0 F9000 X95.9 Y49.321
G0 X95.9 Y51.239
G0 X95.679 Y51.239
G1 F3000 X124.318 Y43.565 E1376.89242
G0 F9000 X124.1 Y43.565
G0 X124.1 Y40.122
G0 X124.319 Y40.122
G1 F3000 X99.376 Y15.18 E1378.06564
G0 F9000 X98.616 Y15.18
G1 F3000 X95.679 Y26.14 E1378.44303
G0 F9000 X95.9 Y26.14
G0 X95.9 Y20.18
G0 X95.679 Y20.18
G1 F3000 X114.344 Y15.179 E1379.08573
G0 F9000 X114.344 Y15.4
G0 X116.347 Y15.4
G0 X116.347 Y15.18
G1 F3000 X124.319 Y23.152 E1379.46071
G0 F9000 X124.1 Y23.152
G0 X124.1 Y24.93
G0 X124.318 Y24.93
G1 F3000 X95.679 Y32.604 E1380.44685
G0 F9000 X95.9 Y32.604
G0 X95.9 Y45.027
G0 X95.68 Y45.027
G1 F3000 X124.318 Y37.353 E1381.43296
G0 F9000 X124.1 Y37.353
G0 X124.1 Y35.166
G0 X124.319 Y35.166
G1 F3000 X119.321 Y53.819 E1382.07524
G0 F9000 X119.321 Y53.6
G0 X124.1 Y49.776
G0 X124.319 Y49.776
G1 F3000 X109.229 Y53.82 E1382.59485
G0 F9000 X109.229 Y53.6
G0 X106.897 Y53.6
G0 X106.897 Y53.82
G1 F3000 X117.251 Y15.18 E1383.92536
G0 F9000 X117.251 Y15.4
G0 X111.039 Y15.4
G0 X111.039 Y15.179
G1 F3000 X100.686 Y53.82 E1385.25589
G0 F9000 X100.686 Y53.6
G0 X104.075 Y53.6
G0 X104.075 Y53.82
G1 F3000 X95.679 Y45.423 E1385.65084
G0 F9000 X95.9 Y45.423
G0 X95.9 Y19.967
G0 X95.679 Y19.967
G1 F3000 X124.319 Y48.607 E1386.99798
G0 F9000 X123.8 Y48.607
;MESH:NONMESH
G0 F300 X123.8 Y48.607 Z25
G0 F9000 X123.63 Y53.608
G0 X123.75 Y53.9
;TIME_ELAPSED:6946.125369
;LAYER:124
;TYPE:WALL-INNER
;MESH:Viga_Rectangular.stl
G1 F1500 X124.4 Y53.25 E1387.03467
G1 X124.4 Y15.75 E1388.53137
G1 X123.75 Y15.1 E1388.56806
G1 X96.25 Y15.1 E1389.66565
G1 X95.6 Y15.75 E1389.70233
G1 X95.6 Y53.25 E1391.19904
G1 X96.25 Y53.9 E1391.23573
G1 X123.75 Y53.9 E1392.33331
G0 F9000 X123.916 Y54.3
;TYPE:WALL-OUTER
G1 F1500 X124.8 Y53.416 E1392.37489
G1 X124.8 Y15.584 E1393.63319
G1 X123.916 Y14.7 E1393.67477
G1 X96.084 Y14.7 E1394.60047
G1 X95.2 Y15.584 E1394.64205
G1 X95.2 Y53.416 E1395.90035
G1 X96.084 Y54.3 E1395.94193
G1 X123.916 Y54.3 E1396.86762
G0 F9000 X123.63 Y53.608
G0 X121.245 Y53.6
G0 X121.245 Y53.82
;TYPE:FILL
G1 F3000 X95.679 Y28.253 E1398.07019
G0 F9000 X95.9 Y28.253
G0 X95.9 Y26.538
G0 X95.679 Y26.538
G1 F3000 X124.318 Y18.864 E1399.05633
G0 F9000 X124.1 Y18.864
G0 X123.317 Y15.4
G0 X123.317 Y15.18
G1 F3000 X112.963 Y53.819 E1400.38681
G0 F9000 X112.76 Y53.82
G1 F3000 X95.679 Y36.739 E1401.19025
G0 F9000 X95.9 Y36.739
G0 X95.9 Y38.961
G0 X95.68 Y38.961
G1 F3000 X124.318 Y31.287 E1402.17636
G1 X124.319 Y31.437
G1 X108.061 Y15.18 E1402.94106
G0 F9000 X108.061 Y15.4
G0 X110.893 Y15.4
G0 X110.893 Y15.179
G1 F3000 X100.54 Y53.819 E1404.27157
G0 F9000 X100.54 Y53.6
G0 X104.274 Y53.6
G0 X104.274 Y53.82
G1 F3000 X95.679 Y45.224 E1404.67587
G1 X95.679 Y45.173
G1 X124.318 Y37.499 E1405.66201
G0 F9000 X124.1 Y37.499
G0 X124.1 Y39.923
G0 X124.319 Y39.923
G1 F3000 X99.576 Y15.18 E1406.82585
G0 F9000 X99.576 Y15.4
G0 X98.47 Y15.4
G0 X98.47 Y15.179
G1 F3000 X95.679 Y25.595 E1407.18451
G0 F9000 X95.9 Y25.595
G0 X95.9 Y20.326
G0 X95.68 Y20.326
G1 F3000 X114.889 Y15.179 E1407.84594
G0 F9000 X114.889 Y15.4
G0 X116.546 Y15.4
G0 X116.546 Y15.18
G1 F3000 X124.319 Y22.952 E1408.21153
G0 F9000 X124.1 Y22.952
G0 X124.1 Y25.076
G0 X124.318 Y25.076
G1 F3000 X95.679 Y32.75 E1409.19767
G0 F9000 X95.9 Y32.75
G0 X95.9 Y19.768
G0 X95.679 Y19.768
G1 F3000 X124.319 Y48.408 E1410.54481
G0 F9000 X124.1 Y48.408
G0 X124.1 Y49.922
G0 X124.319 Y49.922
G1 F3000 X109.775 Y53.819 E1411.04561
G0 F9000 X109.775 Y53.6
G0 X106.751 Y53.6
G0 X106.751 Y53.82
G1 F3000 X117.105 Y15.18 E1412.37612
G0 F9000 X117.105 Y15.4
G0 X104.682 Y15.4
G0 X104.682 Y15.179
G1 F3000 X95.679 Y48.776 E1413.53299
G0 F9000 X95.9 Y48.776
G0 X95.9 Y51.385
G0 X95.679 Y51.385
G1 F3000 X124.319 Y43.711 E1414.51916
G0 F9000 X124.1 Y43.711
G0 X124.1 Y34.621
G0 X124.319 Y34.621
G1 F3000 X119.175 Y53.819 E1415.18021
G0 F9000 X119.175 Y53.3
;MESH:NONMESH
G0 F300 X119.175 Y53.3 Z25.2
G0 F9000 X123.63 Y53.608
G0 X123.75 Y53.9
;TIME_ELAPSED:6973.427747
;LAYER:125
;TYPE:WALL-INNER
;MESH:Viga_Rectangular.stl
G1 F1500 X124.4 Y53.25 E1415.2169
G1 X124.4 Y15.75 E1416.71361
G1 X123.75 Y15.1 E1416.7503
G1 X96.25 Y15.1 E1417.84788
G1 X95.6 Y15.75 E1417.88457
G1 X95.6 Y53.25 E1419.38127
G1 X96.25 Y53.9 E1419.41796
G1 X123.75 Y53.9 E1420.51555
G0 F9000 X123.916 Y54.3
;TYPE:WALL-OUTER
G1 F1500 X124.8 Y53.416 E1420.55713
G1 X124.8 Y15.584 E1421.81543
G1 X123.916 Y14.7 E1421.85701
G1 X96.084 Y14.7 E1422.7827
G1 X95.2 Y15.584 E1422.82428
G1 X95.2 Y53.416 E1424.08258
G1 X96.084 Y54.3 E1424.12416
G1 X123.916 Y54.3 E1425.04986
G0 F9000 X123.63 Y53.608
G0 X121.446 Y53.6
G0 X121.446 Y53.82
;TYPE:FILL
G1 F3000 X95.679 Y28.053 E1426.26186
G0 F9000 X95.9 Y28.053
G0 X95.9 Y26.685
G0 X95.679 Y26.685
G1 F3000 X124.318 Y19.011 E1427.248
G0 F9000 X124.1 Y19.011
G0 X124.1 Y22.751
G0 X124.319 Y22.751
G1 F3000 X116.747 Y15.18 E1427.60414
G0 F9000 X116.958 Y15.18
G1 F3000 X106.604 Y53.82 E1428.93465
G0 F9000 X106.604 Y53.6
G0 X104.475 Y53.6
G0 X104.475 Y53.82
G1 F3000 X95.679 Y45.023 E1429.34841
G0 F9000 X95.68 Y45.32
G1 F3000 X124.318 Y37.646 E1430.33452
G0 F9000 X124.1 Y37.646
G0 X124.1 Y39.722
G0 X124.319 Y39.722
G1 F3000 X99.777 Y15.18 E1431.4889
G0 F9000 X99.777 Y15.4
G0 X98.323 Y15.4
G0 X98.323 Y15.179
G1 F3000 X95.679 Y25.047 E1431.82869
G0 F9000 X95.9 Y25.047
G0 X95.9 Y20.474
G0 X95.679 Y20.474
G1 F3000 X115.437 Y15.179 E1432.50903
G0 F9000 X115.437 Y15.4
G0 X110.746 Y15.4
G0 X110.746 Y15.179
G1 F3000 X100.393 Y53.819 E1433.83953
G0 F9000 X100.393 Y53.6
G0 X95.9 Y51.532
G0 X95.679 Y51.532
G1 F3000 X124.319 Y43.858 E1434.82571
G0 F9000 X124.1 Y43.858
G0 X124.1 Y48.207
G0 X124.319 Y48.207
G1 F3000 X95.679 Y19.567 E1436.17284
G0 F9000 X95.9 Y19.567
G0 X104.535 Y15.4
G0 X104.535 Y15.179
G1 F3000 X95.679 Y48.228 E1437.31084
G0 F9000 X95.9 Y48.228
G0 X95.9 Y39.108
G0 X95.68 Y39.108
G1 F3000 X124.319 Y31.434 E1438.29698
G1 X124.319 Y31.237
G1 X108.262 Y15.18 E1439.05225
G0 F9000 X108.262 Y15.4
G0 X123.17 Y15.4
G0 X123.17 Y15.179
G1 F3000 X112.816 Y53.819 E1440.38276
G1 X112.961 Y53.82
G1 X95.679 Y36.538 E1441.19566
G0 F9000 X95.9 Y36.538
G0 X95.9 Y32.897
G0 X95.679 Y32.897
G1 F3000 X124.318 Y25.223 E1442.1818
G0 F9000 X124.1 Y25.223
G0 X124.1 Y34.073
G0 X124.319 Y34.073
G1 F3000 X119.028 Y53.819 E1442.86172
G0 F9000 X119.028 Y53.6
G0 X124.1 Y50.069
G0 X124.319 Y50.069
G1 F3000 X110.323 Y53.819 E1443.34365
G0 F9000 X110.323 Y53.3
;MESH:NONMESH
G0 F300 X110.323 Y53.3 Z25.4
G0 F9000 X123.63 Y53.608
G0 X123.75 Y53.9
;TIME_ELAPSED:7001.038829
;LAYER:126
;TYPE:WALL-INNER
;MESH:Viga_Rectangular.stl
G1 F1500 X124.4 Y53.25 E1443.38034
G1 X124.4 Y15.75 E1444.87704
G1 X123.75 Y15.1 E1444.91373
G1 X96.25 Y15.1 E1446.01132
G1 X95.6 Y15.75 E1446.048
G1 X95.6 Y53.25 E1447.54471
G1 X96.25 Y53.9 E1447.5814
G1 X123.75 Y53.9 E1448.67898
G0 F9000 X123.916 Y54.3
;TYPE:WALL-OUTER
G1 F1500 X124.8 Y53.416 E1448.72056
G1 X124.8 Y15.584 E1449.97886
G1 X123.916 Y14.7 E1450.02044
G1 X96.084 Y14.7 E1450.94614
G1 X95.2 Y15.584 E1450.98772
G1 X95.2 Y53.416 E1452.24602
G1 X96.084 Y54.3 E1452.2876
G1 X123.916 Y54.3 E1453.21329
G0 F9000 X123.63 Y53.608
G0 X121.645 Y53.6
G0 X121.645 Y53.82
;TYPE:FILL
G1 F3000 X95.679 Y27.853 E1454.43468
G0 F9000 X95.9 Y27.853
G0 X95.9 Y26.831
G0 X95.679 Y26.831
G1 F3000 X124.318 Y19.157 E1455.42082
G0 F9000 X124.1 Y19.157
G0 X124.1 Y22.552
G0 X124.319 Y22.552
G1 F3000 X116.946 Y15.18 E1455.7676
G1 X116.812 Y15.179
G1 X106.458 Y53.819 E1457.09811
G0 F9000 X106.458 Y53.6
G0 X104.675 Y53.6
G0 X104.675 Y53.82
G1 F3000 X95.679 Y44.824 E1457.52125
G0 F9000 X95.679 Y45.466
G1 F3000 X124.318 Y37.792 E1458.50739
G0 F9000 X124.1 Y37.792
G0 X124.1 Y39.523
G0 X124.319 Y39.523
G1 F3000 X99.976 Y15.18 E1459.65241
G0 F9000 X99.976 Y15.4
G0 X98.177 Y15.4
G0 X98.177 Y15.179
G1 F3000 X95.679 Y24.502 E1459.97344
G0 F9000 X95.9 Y24.502
G0 X95.9 Y20.619
G0 X95.68 Y20.619
G1 F3000 X115.982 Y15.179 E1460.6725
G0 F9000 X115.982 Y15.4
G0 X110.6 Y15.4
G0 X110.6 Y15.179
G1 F3000 X100.247 Y53.819 E1462.00301
G0 F9000 X100.247 Y53.6
G0 X95.9 Y51.677
G0 X95.68 Y51.677
G1 F3000 X124.319 Y44.004 E1462.98914
G0 F9000 X124.1 Y44.004
G0 X124.1 Y48.008
G0 X124.319 Y48.008
G1 F3000 X95.679 Y19.368 E1464.33628
G0 F9000 X95.9 Y19.368
G0 X104.389 Y15.4
G0 X104.389 Y15.18
G1 F3000 X95.679 Y47.683 E1465.45547
G0 F9000 X95.9 Y47.683
G0 X95.9 Y39.254
G0 X95.68 Y39.254
G1 F3000 X124.318 Y31.581 E1466.44157
G0 F9000 X124.319 Y31.037
G1 F3000 X108.461 Y15.18 E1467.18746
G0 F9000 X108.461 Y15.4
G0 X123.024 Y15.4
G0 X123.024 Y15.18
G1 F3000 X112.67 Y53.82 E1468.51797
G0 F9000 X113.16 Y53.82
G1 F3000 X95.679 Y36.338 E1469.34025
G0 F9000 X95.9 Y36.338
G0 X95.9 Y33.043
G0 X95.679 Y33.043
G1 F3000 X124.318 Y25.369 E1470.32639
G0 F9000 X124.1 Y25.369
G0 X124.1 Y33.528
G0 X124.319 Y33.528
G1 F3000 X118.882 Y53.819 E1471.02508
G0 F9000 X118.882 Y53.6
G0 X124.1 Y50.215
G0 X124.318 Y50.215
G1 F3000 X110.868 Y53.82 E1471.48822
G0 F9000 X110.868 Y53.3
;MESH:NONMESH
G0 F300 X110.868 Y53.3 Z25.6
G0 F9000 X123.63 Y53.608
G0 X123.75 Y53.9
;TIME_ELAPSED:7028.603684
;LAYER:127
;TYPE:WALL-INNER
;MESH:Viga_Rectangular.stl
G1 F1500 X124.4 Y53.25 E1471.52491
G1 X124.4 Y15.75 E1473.02161
G1 X123.75 Y15.1 E1473.0583
G1 X96.25 Y15.1 E1474.15589
G1 X95.6 Y15.75 E1474.19258
G1 X95.6 Y53.25 E1475.68928
G1 X96.25 Y53.9 E1475.72597
G1 X123.75 Y53.9 E1476.82355
G0 F9000 X123.916 Y54.3
;TYPE:WALL-OUTER
G1 F1500 X124.8 Y53.416 E1476.86514
G1 X124.8 Y15.584 E1478.12343
G1 X123.916 Y14.7 E1478.16501
G1 X96.084 Y14.7 E1479.09071
G1 X95.2 Y15.584 E1479.13229
G1 X95.2 Y53.416 E1480.39059
G1 X96.084 Y54.3 E1480.43217
G1 X123.916 Y54.3 E1481.35786
G0 F9000 X123.63 Y53.608
G0 X121.845 Y53.6
G0 X121.845 Y53.82
;TYPE:FILL
G1 F3000 X95.679 Y27.654 E1482.58863
G0 F9000 X95.679 Y26.977
G1 F3000 X124.318 Y19.303 E1483.57477
G0 F9000 X124.1 Y19.303
G0 X124.1 Y22.353
G0 X124.319 Y22.353
G1 F3000 X117.146 Y15.18 E1483.91217
G0 F9000 X116.666 Y15.179
G1 F3000 X106.312 Y53.819 E1485.24268
G0 F9000 X106.312 Y53.6
G0 X104.874 Y53.6
G0 X104.874 Y53.82
G1 F3000 X95.679 Y44.624 E1485.67521
G0 F9000 X95.679 Y45.612
G1 F3000 X124.319 Y37.938 E1486.66138
G0 F9000 X124.1 Y37.938
G0 X124.1 Y39.323
G0 X124.319 Y39.323
G1 F3000 X100.175 Y15.18 E1487.79702
G0 F9000 X100.175 Y15.4
G0 X98.031 Y15.4
G0 X98.031 Y15.179
G1 F3000 X95.679 Y23.958 E1488.09931
G0 F9000 X95.9 Y23.958
G0 X95.9 Y20.765
G0 X95.679 Y20.765
G1 F3000 X116.527 Y15.179 E1488.81717
G0 F9000 X116.527 Y15.4
G0 X110.454 Y15.4
G0 X110.454 Y15.18
G1 F3000 X100.101 Y53.819 E1490.14764
G0 F9000 X100.101 Y53.6
G0 X96.389 Y53.6
G0 X96.389 Y53.82
G1 F3000 X95.679 Y53.11 E1490.18104
G0 F9000 X95.9 Y53.11
G0 X95.9 Y51.823
G0 X95.68 Y51.823
G1 F3000 X124.318 Y44.15 E1491.16714
G0 F9000 X124.1 Y44.15
G0 X124.1 Y47.808
G0 X124.319 Y47.808
G1 F3000 X95.679 Y19.168 E1492.51428
G0 F9000 X95.9 Y19.168
G0 X104.243 Y15.4
G0 X104.243 Y15.179
G1 F3000 X95.68 Y47.137 E1493.6147
G0 F9000 X95.9 Y47.137
G0 X95.9 Y39.4
G0 X95.679 Y39.4
G1 F3000 X124.318 Y31.727 E1494.60083
G0 F9000 X124.319 Y30.838
G1 F3000 X108.661 Y15.18 E1495.33734
G0 F9000 X108.661 Y15.4
G0 X122.877 Y15.4
G0 X122.877 Y15.18
G1 F3000 X112.524 Y53.819 E1496.66781
G0 F9000 X113.359 Y53.82
G1 F3000 X95.679 Y36.139 E1497.49944
G0 F9000 X95.9 Y36.139
G0 X95.9 Y33.189
G0 X95.68 Y33.189
G1 F3000 X124.318 Y25.515 E1498.48555
G0 F9000 X124.1 Y25.515
G0 X124.1 Y32.984
G0 X124.319 Y32.984
G1 F3000 X118.736 Y53.82 E1499.20301
G0 F9000 X118.736 Y53.6
G0 X124.1 Y50.361
G0 X124.318 Y50.361
G1 F3000 X111.412 Y53.82 E1499.64741
G0 F9000 X111.412 Y53.3
;MESH:NONMESH
G0 F300 X111.412 Y53.3 Z25.8
G0 F9000 X123.63 Y53.608
G0 X123.75 Y53.9
;TIME_ELAPSED:7056.285346
;LAYER:128
;TYPE:WALL-INNER
;MESH:Viga_Rectangular.stl
G1 F1500 X124.4 Y53.25 E1499.6841
G1 X124.4 Y15.75 E1501.18081
G1 X123.75 Y15.1 E1501.21749
G1 X96.25 Y15.1 E1502.31508
G1 X95.6 Y15.75 E1502.35177
G1 X95.6 Y53.25 E1503.84847
G1 X96.25 Y53.9 E1503.88516
G1 X123.75 Y53.9 E1504.98275
G0 F9000 X123.916 Y54.3
;TYPE:WALL-OUTER
G1 F1500 X124.8 Y53.416 E1505.02433
G1 X124.8 Y15.584 E1506.28263
G1 X123.916 Y14.7 E1506.32421
G1 X96.084 Y14.7 E1507.2499
G1 X95.2 Y15.584 E1507.29148
G1 X95.2 Y53.416 E1508.54978
G1 X96.084 Y54.3 E1508.59136
G1 X123.916 Y54.3 E1509.51706
G0 F9000 X123.63 Y53.608
G0 X122.045 Y53.6
G0 X122.045 Y53.82
;TYPE:FILL
G1 F3000 X95.679 Y27.453 E1510.75726
G0 F9000 X95.679 Y27.124
G1 F3000 X124.318 Y19.45 E1511.7434
G0 F9000 X124.1 Y19.45
G0 X124.1 Y22.152
G0 X124.319 Y22.152
G1 F3000 X117.347 Y15.18 E1512.07134
G0 F9000 X117.076 Y15.179
G1 F3000 X95.679 Y20.912 E1512.80811
G0 F9000 X95.9 Y20.912
G0 X95.9 Y18.968
G0 X95.679 Y18.968
G1 F3000 X124.319 Y47.608 E1514.15525
G0 F9000 X124.1 Y47.608
G0 X124.1 Y50.508
G0 X124.318 Y50.508
G1 F3000 X111.961 Y53.82 E1514.58075
G0 F9000 X112.377 Y53.819
G1 F3000 X122.73 Y15.18 E1515.91122
G0 F9000 X122.73 Y15.4
G0 X116.519 Y15.4
G0 X116.519 Y15.179
G1 F3000 X106.165 Y53.819 E1517.24173
G0 F9000 X106.165 Y53.6
G0 X105.075 Y53.6
G0 X105.075 Y53.82
G1 F3000 X95.679 Y44.423 E1517.68371
G0 F9000 X95.9 Y44.423
G0 X95.9 Y45.759
G0 X95.679 Y45.759
G1 F3000 X124.319 Y38.085 E1518.66989
G0 F9000 X124.1 Y38.085
G0 X124.1 Y39.122
G0 X124.319 Y39.122
G1 F3000 X100.376 Y15.18 E1519.79607
G0 F9000 X100.376 Y15.4
G0 X97.884 Y15.4
G0 X97.884 Y15.179
G1 F3000 X95.679 Y23.409 E1520.07945
G0 F9000 X95.9 Y23.409
G0 X95.9 Y33.336
G0 X95.68 Y33.336
G1 F3000 X124.318 Y25.662 E1521.06556
G0 F9000 X124.1 Y25.662
G0 X124.1 Y30.637
G0 X124.319 Y30.637
G1 F3000 X108.861 Y15.18 E1521.79263
G0 F9000 X108.861 Y15.4
G0 X110.307 Y15.4
G0 X110.307 Y15.179
G1 F3000 X99.954 Y53.819 E1523.12314
G0 F9000 X99.954 Y53.6
G0 X96.59 Y53.6
G0 X96.59 Y53.82
G1 F3000 X95.679 Y52.909 E1523.16599
G0 F9000 X95.68 Y51.97
G1 F3000 X124.319 Y44.297 E1524.15212
G0 F9000 X124.1 Y44.297
G0 X118.589 Y53.6
G0 X118.589 Y53.82
G1 F3000 X124.319 Y32.435 E1524.88848
G0 F9000 X124.318 Y31.874
G1 F3000 X95.679 Y39.547 E1525.87461
G0 F9000 X95.9 Y39.547
G0 X95.9 Y35.938
G0 X95.679 Y35.938
G1 F3000 X113.56 Y53.82 E1526.7157
G0 F9000 X113.56 Y53.6
G0 X95.9 Y46.59
G0 X95.679 Y46.59
G1 F3000 X104.096 Y15.179 E1527.79729
G0 F9000 X104.096 Y15.7
G1 F1500 E1521.29729
;MESH:NONMESH
G0 F300 X104.096 Y15.7 Z26
G0 F9000 X123.63 Y53.608
G0 X123.75 Y53.9
;TIME_ELAPSED:7084.315940
;LAYER:129
;TYPE:WALL-INNER
;MESH:Viga_Rectangular.stl
G1 F1500 E1527.79729
G1 X124.4 Y53.25 E1527.83398
G1 X124.4 Y15.75 E1529.33069
G1 X123.75 Y15.1 E1529.36738
G1 X96.25 Y15.1 E1530.46496
G1 X95.6 Y15.75 E1530.50165
G1 X95.6 Y53.25 E1531.99836
G1 X96.25 Y53.9 E1532.03504
G1 X123.75 Y53.9 E1533.13263
G0 F9000 X123.916 Y54.3
;TYPE:WALL-OUTER
G1 F1500 X124.8 Y53.416 E1533.17421
G1 X124.8 Y15.584 E1534.43251
G1 X123.916 Y14.7 E1534.47409
G1 X96.084 Y14.7 E1535.39978
G1 X95.2 Y15.584 E1535.44136
G1 X95.2 Y53.416 E1536.69966
G1 X96.084 Y54.3 E1536.74124
G1 X123.916 Y54.3 E1537.66694
G0 F9000 X123.63 Y53.608
G0 X122.245 Y53.6
G0 X122.245 Y53.82
;TYPE:FILL
G1 F3000 X95.679 Y27.254 E1538.91652
G1 X95.679 Y27.27
G1 X124.318 Y19.596 E1539.90266
G0 F9000 X124.1 Y19.596
G0 X124.1 Y21.952
G0 X124.319 Y21.952
G1 F3000 X117.546 Y15.18 E1540.22122
G1 X117.62 Y15.179
G1 X95.679 Y21.058 E1540.97672
G0 F9000 X95.9 Y21.058
G0 X95.9 Y22.864
G0 X95.679 Y22.864
G1 F3000 X97.738 Y15.179 E1541.24134
G0 F9000 X97.738 Y15.4
G0 X100.576 Y15.4
G0 X100.576 Y15.18
G1 F3000 X124.319 Y38.923 E1542.35814
G0 F9000 X124.319 Y38.231
G1 F3000 X95.68 Y45.905 E1543.34428
G1 X95.679 Y46.044
G1 X103.95 Y15.179 E1544.40708
G0 F9000 X103.95 Y15.4
G0 X109.061 Y15.4
G0 X109.061 Y15.18
G1 F3000 X124.319 Y30.438 E1545.12476
G0 F9000 X124.1 Y30.438
G0 X124.1 Y31.89
G0 X124.319 Y31.89
G1 F3000 X118.443 Y53.819 E1545.87986
G0 F9000 X118.443 Y53.6
G0 X113.76 Y53.6
G0 X113.76 Y53.82
G1 F3000 X95.679 Y35.739 E1546.73033
G0 F9000 X95.9 Y35.739
G0 X95.9 Y33.482
G0 X95.68 Y33.482
G1 F3000 X124.318 Y25.808 E1547.71644
G0 F9000 X124.1 Y25.808
G0 X124.1 Y32.02
G0 X124.318 Y32.02
G1 F3000 X95.679 Y39.693 E1548.70257
G0 F9000 X95.9 Y39.693
G0 X95.9 Y44.224
G0 X95.679 Y44.224
G1 F3000 X105.274 Y53.82 E1549.15391
G0 F9000 X106.019 Y53.819
G1 F3000 X116.373 Y15.179 E1550.48443
G0 F9000 X116.373 Y15.4
G0 X122.585 Y15.4
G0 X122.585 Y15.179
G1 F3000 X112.231 Y53.819 E1551.81494
G0 F9000 X112.506 Y53.82
G1 F3000 X124.319 Y50.654 E1552.22171
G0 F9000 X124.1 Y50.654
G0 X124.1 Y47.408
G0 X124.319 Y47.408
G1 F3000 X95.679 Y18.768 E1553.56884
G0 F9000 X95.9 Y18.768
G0 X110.161 Y15.4
G0 X110.161 Y15.18
G1 F3000 X99.808 Y53.82 E1554.89935
G0 F9000 X99.808 Y53.6
G0 X96.789 Y53.6
G0 X96.789 Y53.82
G1 F3000 X95.679 Y52.709 E1554.95158
G0 F9000 X95.68 Y52.117
G1 F3000 X124.318 Y44.443 E1555.93769
G0 F9000 X123.8 Y44.443
;MESH:NONMESH
G0 F300 X123.8 Y44.443 Z26.2
G0 F9000 X123.63 Y53.608
G0 X123.75 Y53.9
;TIME_ELAPSED:7111.672335
;LAYER:130
;TYPE:WALL-INNER
;MESH:Viga_Rectangular.stl
G1 F1500 X124.4 Y53.25 E1555.97438
G1 X124.4 Y15.75 E1557.47108
G1 X123.75 Y15.1 E1557.50777
G1 X96.25 Y15.1 E1558.60536
G1 X95.6 Y15.75 E1558.64205
G1 X95.6 Y53.25 E1560.13875
G1 X96.25 Y53.9 E1560.17544
G1 X123.75 Y53.9 E1561.27303
G0 F9000 X123.916 Y54.3
;TYPE:WALL-OUTER
G1 F1500 X124.8 Y53.416 E1561.31461
G1 X124.8 Y15.584 E1562.5729
G1 X123.916 Y14.7 E1562.61448
G1 X96.084 Y14.7 E1563.54018
G1 X95.2 Y15.584 E1563.58176
G1 X95.2 Y53.416 E1564.84006
G1 X96.084 Y54.3 E1564.88164
G1 X123.916 Y54.3 E1565.80734
G0 F9000 X123.63 Y53.608
G0 X122.446 Y53.6
G0 X122.446 Y53.82
;TYPE:FILL
G1 F3000 X95.679 Y27.053 E1567.06637
G0 F9000 X95.679 Y27.417
G1 F3000 X124.318 Y19.743 E1568.05251
G0 F9000 X124.1 Y19.743
G0 X124.1 Y21.752
G0 X124.319 Y21.752
G1 F3000 X117.747 Y15.18 E1568.36164
G0 F9000 X118.169 Y15.179
G1 F3000 X95.679 Y21.205 E1569.13605
G0 F9000 X95.9 Y21.205
G0 X95.9 Y22.316
G0 X95.679 Y22.316
G1 F3000 X97.591 Y15.179 E1569.38179
G0 F9000 X97.591 Y15.4
G0 X100.776 Y15.4
G0 X100.776 Y15.18
G1 F3000 X124.319 Y38.722 E1570.48916
G0 F9000 X124.319 Y38.378
G1 F3000 X95.68 Y46.052 E1571.4753
G0 F9000 X95.679 Y45.496
G1 F3000 X103.803 Y15.179 E1572.51923
G0 F9000 X103.803 Y15.4
G0 X109.262 Y15.4
G0 X109.262 Y15.18
G1 F3000 X124.319 Y30.237 E1573.22746
G0 F9000 X124.1 Y30.237
G0 X124.1 Y31.342
G0 X124.319 Y31.342
G1 F3000 X118.296 Y53.82 E1574.00146
G0 F9000 X118.296 Y53.6
G0 X113.96 Y53.6
G0 X113.96 Y53.82
G1 F3000 X95.679 Y35.538 E1574.86136
G0 F9000 X95.9 Y35.538
G0 X95.9 Y33.629
G0 X95.68 Y33.629
G1 F3000 X124.318 Y25.955 E1575.84747
G0 F9000 X124.1 Y25.955
G0 X124.1 Y32.167
G0 X124.318 Y32.167
G1 F3000 X95.679 Y39.84 E1576.8336
G0 F9000 X95.9 Y39.84
G0 X95.9 Y44.023
G0 X95.679 Y44.023
G1 F3000 X105.475 Y53.82 E1577.2944
G0 F9000 X105.872 Y53.819
G1 F3000 X116.226 Y15.179 E1578.62491
G0 F9000 X116.226 Y15.4
G0 X122.438 Y15.4
G0 X122.438 Y15.179
G1 F3000 X112.084 Y53.819 E1579.95542
G0 F9000 X113.054 Y53.82
G1 F3000 X124.319 Y50.801 E1580.34332
G0 F9000 X124.1 Y50.801
G0 X124.1 Y47.207
G0 X124.319 Y47.207
G1 F3000 X95.679 Y18.567 E1581.69046
G0 F9000 X95.9 Y18.567
G0 X110.014 Y15.4
G0 X110.014 Y15.18
G1 F3000 X99.661 Y53.82 E1583.02096
G0 F9000 X99.661 Y53.6
G0 X96.99 Y53.6
G0 X96.99 Y53.82
G1 F3000 X95.679 Y52.509 E1583.08262
G0 F9000 X95.68 Y52.264
G1 F3000 X124.318 Y44.59 E1584.06873
G0 F9000 X123.8 Y44.59
;MESH:NONMESH
G0 F300 X123.8 Y44.59 Z26.4
G0 F9000 X123.63 Y53.608
G0 X123.75 Y53.9
;TIME_ELAPSED:7138.734083
;LAYER:131
;TYPE:WALL-INNER
;MESH:Viga_Rectangular.stl
G1 F1500 X124.4 Y53.25 E1584.10542
G1 X124.4 Y15.75 E1585.60213
G1 X123.75 Y15.1 E1585.63882
G1 X96.25 Y15.1 E1586.7364
G1 X95.6 Y15.75 E1586.77309
G1 X95.6 Y53.25 E1588.2698
G1 X96.25 Y53.9 E1588.30649
G1 X123.75 Y53.9 E1589.40407
G0 F9000 X123.916 Y54.3
;TYPE:WALL-OUTER
G1 F1500 X124.8 Y53.416 E1589.44565
G1 X124.8 Y15.584 E1590.70395
G1 X123.916 Y14.7 E1590.74553
G1 X96.084 Y14.7 E1591.67122
G1 X95.2 Y15.584 E1591.71281
G1 X95.2 Y53.416 E1592.9711
G1 X96.084 Y54.3 E1593.01268
G1 X123.916 Y54.3 E1593.93838
G0 F9000 X123.63 Y53.608
G0 X122.645 Y53.6
G0 X122.645 Y53.82
;TYPE:FILL
G1 F3000 X95.679 Y26.853 E1595.2068
G0 F9000 X95.68 Y27.563
G1 F3000 X124.318 Y19.889 E1596.19291
G0 F9000 X124.1 Y19.889
G0 X124.1 Y21.552
G0 X124.319 Y21.552
G1 F3000 X117.946 Y15.18 E1596.49265
G0 F9000 X118.713 Y15.179
G1 F3000 X95.679 Y21.351 E1597.28579
G0 F9000 X95.679 Y21.771
G1 F3000 X97.445 Y15.179 E1597.51277
G0 F9000 X97.445 Y15.4
G0 X100.976 Y15.4
G0 X100.976 Y15.18
G1 F3000 X124.319 Y38.523 E1598.61076
G1 X124.318 Y38.524
G1 X95.68 Y46.198 E1599.59687
G0 F9000 X95.9 Y46.198
G0 X95.9 Y44.951
G0 X95.679 Y44.951
G1 F3000 X103.657 Y15.179 E1600.62202
G0 F9000 X103.657 Y15.4
G0 X109.461 Y15.4
G0 X109.461 Y15.18
G1 F3000 X124.319 Y30.037 E1601.32087
G0 F9000 X124.319 Y30.797
G1 F3000 X118.15 Y53.819 E1602.1136
G0 F9000 X118.15 Y53.6
G0 X114.16 Y53.6
G0 X114.16 Y53.82
G1 F3000 X95.679 Y35.339 E1602.98289
G0 F9000 X95.9 Y35.339
G0 X95.9 Y33.775
G0 X95.679 Y33.775
G1 F3000 X124.318 Y26.101 E1603.96903
G0 F9000 X124.1 Y26.101
G0 X124.1 Y32.313
G0 X124.318 Y32.313
G1 F3000 X95.679 Y39.986 E1604.95517
G0 F9000 X95.9 Y39.986
G0 X95.9 Y43.824
G0 X95.679 Y43.824
G1 F3000 X105.674 Y53.82 E1605.42532
G1 X105.726 Y53.82
G1 X116.08 Y15.18 E1606.75583
G0 F9000 X116.08 Y15.4
G0 X122.292 Y15.4
G0 X122.292 Y15.179
G1 F3000 X111.938 Y53.819 E1608.08635
G0 F9000 X111.938 Y53.6
G0 X113.599 Y53.6
G0 X113.599 Y53.82
G1 F3000 X124.319 Y50.947 E1608.45548
G0 F9000 X124.1 Y50.947
G0 X124.1 Y47.008
G0 X124.319 Y47.008
G1 F3000 X95.679 Y18.368 E1609.80262
G0 F9000 X95.9 Y18.368
G0 X109.868 Y15.4
G0 X109.868 Y15.179
G1 F3000 X99.515 Y53.82 E1611.13315
G0 F9000 X99.515 Y53.6
G0 X97.189 Y53.6
G0 X97.189 Y53.82
G1 F3000 X95.679 Y52.309 E1611.2042
G1 X95.679 Y52.41
G1 X124.318 Y44.736 E1612.19034
G0 F9000 X123.8 Y44.736
;MESH:NONMESH
G0 F300 X123.8 Y44.736 Z26.6
G0 F9000 X123.63 Y53.608
G0 X123.75 Y53.9
;TIME_ELAPSED:7165.715033
;LAYER:132
;TYPE:WALL-INNER
;MESH:Viga_Rectangular.stl
G1 F1500 X124.4 Y53.25 E1612.22703
G1 X124.4 Y15.75 E1613.72373
G1 X123.75 Y15.1 E1613.76042
G1 X96.25 Y15.1 E1614.85801
G1 X95.6 Y15.75 E1614.8947
G1 X95.6 Y53.25 E1616.3914
G1 X96.25 Y53.9 E1616.42809
G1 X123.75 Y53.9 E1617.52568
G0 F9000 X123.916 Y54.3
;TYPE:WALL-OUTER
G1 F1500 X124.8 Y53.416 E1617.56726
G1 X124.8 Y15.584 E1618.82555
G1 X123.916 Y14.7 E1618.86714
G1 X96.084 Y14.7 E1619.79283
G1 X95.2 Y15.584 E1619.83441
G1 X95.2 Y53.416 E1621.09271
G1 X96.084 Y54.3 E1621.13429
G1 X123.916 Y54.3 E1622.05999
G0 F9000 X123.63 Y53.608
G0 X122.846 Y53.6
G0 X122.846 Y53.82
;TYPE:FILL
G1 F3000 X95.679 Y26.652 E1623.33786
G0 F9000 X95.9 Y26.652
G0 X95.9 Y27.71
G0 X95.68 Y27.71
G1 F3000 X124.318 Y20.036 E1624.32397
G0 F9000 X124.1 Y20.036
G0 X124.1 Y21.351
G0 X124.319 Y21.351
G1 F3000 X118.147 Y15.18 E1624.61426
G0 F9000 X118.147 Y15.4
G0 X119.262 Y15.4
G0 X119.262 Y15.179
G1 F3000 X95.679 Y21.498 E1625.4263
G0 F9000 X95.679 Y21.222
G1 F3000 X97.298 Y15.179 E1625.63438
G0 F9000 X97.298 Y15.4
G0 X95.9 Y18.167
G0 X95.679 Y18.167
G1 F3000 X124.319 Y46.807 E1626.98152
G0 F9000 X124.1 Y46.807
G0 X124.1 Y44.883
G0 X124.318 Y44.883
G1 F3000 X95.679 Y52.557 E1627.96766
G0 F9000 X95.679 Y52.108
G1 F3000 X97.39 Y53.82 E1628.04816
G0 F9000 X97.39 Y53.6
G0 X99.368 Y53.6
G0 X99.368 Y53.82
G1 F3000 X109.721 Y15.179 E1629.3787
G1 X109.662 Y15.18
G1 X124.319 Y29.837 E1630.06812
G0 F9000 X124.319 Y30.248
G1 F3000 X118.003 Y53.819 E1630.87975
G0 F9000 X118.003 Y53.6
G0 X114.361 Y53.6
G0 X114.361 Y53.82
G1 F3000 X95.679 Y35.138 E1631.75849
G0 F9000 X95.9 Y35.138
G0 X95.9 Y33.922
G0 X95.679 Y33.922
G1 F3000 X124.318 Y26.248 E1632.74463
G0 F9000 X124.1 Y26.248
G0 X124.1 Y32.46
G0 X124.318 Y32.46
G1 F3000 X95.679 Y40.133 E1633.73077
G0 F9000 X95.9 Y40.133
G0 X95.9 Y43.623
G0 X95.679 Y43.623
G1 F3000 X105.875 Y53.82 E1634.21038
G0 F9000 X105.579 Y53.819
G1 F3000 X115.933 Y15.18 E1635.54086
G0 F9000 X115.933 Y15.4
G0 X122.145 Y15.4
G0 X122.145 Y15.179
G1 F3000 X111.791 Y53.819 E1636.87137
G0 F9000 X111.791 Y53.6
G0 X114.148 Y53.6
G0 X114.148 Y53.82
G1 F3000 X124.319 Y51.094 E1637.2216
G0 F9000 X124.1 Y51.094
G0 X124.1 Y38.671
G0 X124.319 Y38.671
G1 F3000 X95.68 Y46.345 E1638.20774
G0 F9000 X95.9 Y46.345
G0 X95.9 Y44.402
G0 X95.679 Y44.402
G1 F3000 X103.51 Y15.179 E1639.21399
G0 F9000 X103.51 Y15.4
G0 X101.177 Y15.4
G0 X101.177 Y15.18
G1 F3000 X124.319 Y38.322 E1640.30252
G0 F9000 X123.8 Y38.322
;MESH:NONMESH
G0 F300 X123.8 Y38.322 Z26.8
G0 F9000 X123.63 Y53.608
G0 X123.75 Y53.9
;TIME_ELAPSED:7192.766028
;LAYER:133
;TYPE:WALL-INNER
;MESH:Viga_Rectangular.stl
G1 F1500 X124.4 Y53.25 E1640.33921
G1 X124.4 Y15.75 E1641.83592
G1 X123.75 Y15.1 E1641.87261
G1 X96.25 Y15.1 E1642.97019
G1 X95.6 Y15.75 E1643.00688
G1 X95.6 Y53.25 E1644.50358
G1 X96.25 Y53.9 E1644.54027
G1 X123.75 Y53.9 E1645.63786
G0 F9000 X123.916 Y54.3
;TYPE:WALL-OUTER
G1 F1500 X124.8 Y53.416 E1645.67944
G1 X124.8 Y15.584 E1646.93774
G1 X123.916 Y14.7 E1646.97932
G1 X96.084 Y14.7 E1647.90501
G1 X95.2 Y15.584 E1647.94659
G1 X95.2 Y53.416 E1649.20489
G1 X96.084 Y54.3 E1649.24647
G1 X123.916 Y54.3 E1650.17217
G0 F9000 X123.045 Y53.82
;TYPE:FILL
G1 F3000 X95.679 Y26.453 E1651.4594
G0 F9000 X95.9 Y26.453
G0 X95.9 Y27.856
G0 X95.679 Y27.856
G1 F3000 X124.318 Y20.182 E1652.44554
G0 F9000 X124.319 Y21.152
G1 F3000 X118.347 Y15.18 E1652.72645
G0 F9000 X118.347 Y15.4
G0 X119.807 Y15.4
G0 X119.807 Y15.179
G1 F3000 X95.679 Y21.644 E1653.55726
G0 F9000 X95.679 Y20.678
G1 F3000 X97.152 Y15.179 E1653.7466
G0 F9000 X96.627 Y15.179
G1 F3000 X96.156 Y15.305 E1653.76282
G0 F9000 X96.311 Y15.461
G0 X95.9 Y17.968
G0 X95.679 Y17.968
G1 F3000 X124.319 Y46.608 E1655.10996
G0 F9000 X124.1 Y46.608
G0 X124.1 Y45.029
G0 X124.319 Y45.029
G1 F3000 X95.679 Y52.703 E1656.09613
G0 F9000 X95.679 Y51.909
G1 F3000 X97.589 Y53.82 E1656.18599
G0 F9000 X97.589 Y53.6
G0 X99.222 Y53.6
G0 X99.222 Y53.819
G1 F3000 X109.575 Y15.179 E1657.5165
G0 F9000 X109.861 Y15.18
G1 F3000 X124.319 Y29.637 E1658.19653
G1 X124.319 Y29.703
G1 X117.857 Y53.819 E1659.02693
G0 F9000 X117.857 Y53.6
G0 X114.693 Y53.6
G0 X114.693 Y53.819
G1 F3000 X124.319 Y51.24 E1659.35839
G0 F9000 X124.1 Y51.24
G0 X124.1 Y52.885
G0 X124.319 Y52.885
G1 F3000 X124.197 Y53.338 E1659.37399
G0 F9000 X124.044 Y53.184
G0 X114.56 Y53.6
G0 X114.56 Y53.82
G1 F3000 X95.679 Y34.938 E1660.26212
G0 F9000 X95.679 Y34.068
G1 F3000 X124.318 Y26.394 E1661.24826
G0 F9000 X124.1 Y26.394
G0 X124.1 Y32.605
G0 X124.319 Y32.605
G1 F3000 X95.68 Y40.279 E1662.2344
G0 F9000 X95.9 Y40.279
G0 X95.9 Y43.424
G0 X95.679 Y43.424
G1 F3000 X106.075 Y53.82 E1662.72339
G0 F9000 X105.433 Y53.82
G1 F3000 X115.787 Y15.18 E1664.05391
G0 F9000 X115.787 Y15.4
G0 X121.999 Y15.4
G0 X121.999 Y15.179
G1 F3000 X111.645 Y53.819 E1665.38442
G0 F9000 X111.645 Y53.6
G0 X95.9 Y46.491
G0 X95.68 Y46.491
G1 F3000 X124.318 Y38.817 E1666.37053
G0 F9000 X124.319 Y38.122
G1 F3000 X101.376 Y15.18 E1667.44967
G0 F9000 X101.376 Y15.4
G0 X103.364 Y15.4
G0 X103.364 Y15.179
G1 F3000 X95.679 Y43.858 E1668.43719
G0 F9000 X96.2 Y43.858
;MESH:NONMESH
G0 F300 X96.2 Y43.858 Z27
G0 F9000 X123.63 Y53.608
G0 X123.75 Y53.9
;TIME_ELAPSED:7220.088166
;LAYER:134
;TYPE:WALL-INNER
;MESH:Viga_Rectangular.stl
G1 F1500 X124.4 Y53.25 E1668.47388
G1 X124.4 Y15.75 E1669.97059
G1 X123.75 Y15.1 E1670.00727
G1 X96.25 Y15.1 E1671.10486
G1 X95.6 Y15.75 E1671.14155
G1 X95.6 Y53.25 E1672.63825
G1 X96.25 Y53.9 E1672.67494
G1 X123.75 Y53.9 E1673.77253
G0 F9000 X123.916 Y54.3
;TYPE:WALL-OUTER
G1 F1500 X124.8 Y53.416 E1673.81411
G1 X124.8 Y15.584 E1675.0724
G1 X123.916 Y14.7 E1675.11399
G1 X96.084 Y14.7 E1676.03968
G1 X95.2 Y15.584 E1676.08126
G1 X95.2 Y53.416 E1677.33956
G1 X96.084 Y54.3 E1677.38114
G1 X123.916 Y54.3 E1678.30684
G0 F9000 X123.998 Y53.538
;TYPE:FILL
G1 F3000 X124.319 Y52.339 E1678.34812
G0 F9000 X124.318 Y51.386
G1 F3000 X115.238 Y53.82 E1678.66078
G0 F9000 X114.759 Y53.82
G1 F3000 X95.679 Y34.739 E1679.55827
G0 F9000 X95.679 Y34.214
G1 F3000 X124.318 Y26.54 E1680.54441
G0 F9000 X124.1 Y26.54
G0 X124.1 Y29.158
G0 X124.319 Y29.158
G1 F3000 X117.711 Y53.819 E1681.39358
G0 F9000 X117.711 Y53.6
G0 X123.245 Y53.6
G0 X123.245 Y53.82
G1 F3000 X95.679 Y26.254 E1682.6902
G0 F9000 X95.9 Y26.254
G0 X95.9 Y28.002
G0 X95.679 Y28.002
G1 F3000 X124.318 Y20.328 E1683.67634
G0 F9000 X124.319 Y20.952
G1 F3000 X118.546 Y15.18 E1683.94786
G0 F9000 X118.546 Y15.4
G0 X120.351 Y15.4
G0 X120.351 Y15.179
G1 F3000 X95.68 Y21.79 E1684.79737
G0 F9000 X95.9 Y21.79
G0 X95.9 Y20.132
G0 X95.679 Y20.132
G1 F3000 X97.006 Y15.179 E1684.96792
G1 X97.171 Y15.179
G1 X95.957 Y15.504 E1685.00972
G0 F9000 X96.112 Y15.66
G0 X95.9 Y17.768
G0 X95.679 Y17.768
G1 F3000 X124.319 Y46.408 E1686.35685
G0 F9000 X124.1 Y46.408
G0 X124.1 Y45.175
G0 X124.319 Y45.175
G1 F3000 X95.68 Y52.848 E1687.34299
G0 F9000 X95.9 Y52.848
G0 X95.9 Y51.71
G0 X95.679 Y51.71
G1 F3000 X97.789 Y53.82 E1687.44223
G0 F9000 X97.789 Y53.6
G0 X99.076 Y53.6
G0 X99.076 Y53.819
G1 F3000 X109.429 Y15.179 E1688.77274
G0 F9000 X110.061 Y15.18
G1 F3000 X124.319 Y29.438 E1689.44339
G0 F9000 X124.1 Y29.438
G0 X124.1 Y32.751
G0 X124.318 Y32.751
G1 F3000 X95.68 Y40.425 E1690.4295
G0 F9000 X95.9 Y40.425
G0 X95.9 Y43.224
G0 X95.679 Y43.224
G1 F3000 X106.274 Y53.82 E1690.92788
G0 F9000 X105.288 Y53.819
G1 F3000 X115.641 Y15.179 E1692.25838
G0 F9000 X115.641 Y15.4
G0 X121.853 Y15.4
G0 X121.853 Y15.18
G1 F3000 X111.499 Y53.82 E1693.58889
G0 F9000 X111.499 Y53.6
G0 X95.9 Y46.637
G0 X95.679 Y46.637
G1 F3000 X124.318 Y38.963 E1694.57503
G0 F9000 X124.1 Y38.963
G0 X124.1 Y37.923
G0 X124.319 Y37.923
G1 F3000 X101.575 Y15.18 E1695.64482
G0 F9000 X101.575 Y15.4
G0 X103.218 Y15.4
G0 X103.218 Y15.18
G1 F3000 X95.679 Y43.313 E1696.61354
G0 F9000 X96.2 Y43.313
;MESH:NONMESH
G0 F300 X96.2 Y43.313 Z27.2
G0 F9000 X123.63 Y53.608
G0 X123.75 Y53.9
;TIME_ELAPSED:7247.463241
;LAYER:135
;TYPE:WALL-INNER
;MESH:Viga_Rectangular.stl
G1 F1500 X124.4 Y53.25 E1696.65023
G1 X124.4 Y15.75 E1698.14693
G1 X123.75 Y15.1 E1698.18362
G1 X96.25 Y15.1 E1699.28121
G1 X95.6 Y15.75 E1699.3179
G1 X95.6 Y53.25 E1700.8146
G1 X96.25 Y53.9 E1700.85129
G1 X123.75 Y53.9 E1701.94888
G0 F9000 X123.916 Y54.3
;TYPE:WALL-OUTER
G1 F1500 X124.8 Y53.416 E1701.99046
G1 X124.8 Y15.584 E1703.24875
G1 X123.916 Y14.7 E1703.29033
G1 X96.084 Y14.7 E1704.21603
G1 X95.2 Y15.584 E1704.25761
G1 X95.2 Y53.416 E1705.51591
G1 X96.084 Y54.3 E1705.55749
G1 X123.916 Y54.3 E1706.48318
G0 F9000 X123.797 Y53.739
;TYPE:FILL
G1 F3000 X124.319 Y51.791 E1706.55026
G0 F9000 X124.319 Y51.533
G1 F3000 X115.786 Y53.819 E1706.84408
G0 F9000 X114.96 Y53.82
G1 F3000 X95.679 Y34.538 E1707.75102
G1 X95.679 Y34.361
G1 X124.318 Y26.687 E1708.73716
G0 F9000 X124.1 Y26.687
G0 X124.1 Y28.61
G0 X124.319 Y28.61
G1 F3000 X117.564 Y53.819 E1709.6052
G0 F9000 X117.564 Y53.6
G0 X123.445 Y53.6
G0 X123.445 Y53.82
G1 F3000 X95.679 Y26.053 E1710.91125
G0 F9000 X95.9 Y26.053
G0 X95.9 Y28.149
G0 X95.679 Y28.149
G1 F3000 X124.318 Y20.475 E1711.89739
G0 F9000 X124.319 Y20.752
G1 F3000 X118.747 Y15.18 E1712.15948
G0 F9000 X118.747 Y15.4
G0 X120.9 Y15.4
G0 X120.9 Y15.179
G1 F3000 X95.68 Y21.937 E1713.02789
G0 F9000 X95.9 Y21.937
G0 X95.9 Y19.584
G0 X95.679 Y19.584
G1 F3000 X96.859 Y15.179 E1713.17957
G0 F9000 X97.72 Y15.179
G1 F3000 X95.757 Y15.705 E1713.24716
G0 F9000 X95.912 Y15.86
G0 X95.9 Y17.568
G0 X95.679 Y17.568
G1 F3000 X124.319 Y46.208 E1714.5943
G0 F9000 X124.319 Y45.322
G1 F3000 X95.68 Y52.995 E1715.58043
G0 F9000 X95.9 Y52.995
G0 X95.9 Y51.509
G0 X95.679 Y51.509
G1 F3000 X97.99 Y53.82 E1715.68913
G0 F9000 X98.929 Y53.819
G1 F3000 X109.282 Y15.179 E1717.01964
G0 F9000 X110.261 Y15.18
G1 F3000 X124.319 Y29.237 E1717.68086
G0 F9000 X124.1 Y29.237
G0 X124.1 Y32.898
G0 X124.318 Y32.898
G1 F3000 X95.68 Y40.572 E1718.66697
G0 F9000 X95.9 Y40.572
G0 X95.9 Y42.764
G0 X95.679 Y42.764
G1 F3000 X103.071 Y15.18 E1719.61679
G0 F9000 X103.071 Y15.4
G0 X101.776 Y15.4
G0 X101.776 Y15.18
G1 F3000 X124.319 Y37.722 E1720.67712
G0 F9000 X124.1 Y37.722
G0 X124.1 Y39.11
G0 X124.318 Y39.11
G1 F3000 X95.679 Y46.784 E1721.66326
G0 F9000 X95.9 Y46.784
G0 X95.9 Y43.023
G0 X95.679 Y43.023
G1 F3000 X106.475 Y53.82 E1722.17109
G0 F9000 X106.475 Y53.6
G0 X105.14 Y53.6
G0 X105.14 Y53.82
G1 F3000 X115.494 Y15.179 E1723.50163
G0 F9000 X115.494 Y15.4
G0 X121.706 Y15.4
G0 X121.706 Y15.18
G1 F3000 X111.352 Y53.82 E1724.83214
G0 F9000 X111.352 Y53.3
;MESH:NONMESH
G0 F300 X111.352 Y53.3 Z27.4
G0 F9000 X123.63 Y53.608
G0 X123.75 Y53.9
;TIME_ELAPSED:7274.477844
;LAYER:136
;TYPE:WALL-INNER
;MESH:Viga_Rectangular.stl
G1 F1500 X124.4 Y53.25 E1724.86883
G1 X124.4 Y15.75 E1726.36554
G1 X123.75 Y15.1 E1726.40223
G1 X96.25 Y15.1 E1727.49981
G1 X95.6 Y15.75 E1727.5365
G1 X95.6 Y53.25 E1729.03321
G1 X96.25 Y53.9 E1729.0699
G1 X123.75 Y53.9 E1730.16748
G0 F9000 X123.916 Y54.3
;TYPE:WALL-OUTER
G1 F1500 X124.8 Y53.416 E1730.20906
G1 X124.8 Y15.584 E1731.46736
G1 X123.916 Y14.7 E1731.50894
G1 X96.084 Y14.7 E1732.43464
G1 X95.2 Y15.584 E1732.47622
G1 X95.2 Y53.416 E1733.73451
G1 X96.084 Y54.3 E1733.77609
G1 X123.916 Y54.3 E1734.70179
G0 F9000 X123.645 Y53.82
;TYPE:FILL
G1 F3000 X95.679 Y25.853 E1736.01725
G0 F9000 X95.9 Y25.853
G0 X95.9 Y28.295
G0 X95.679 Y28.295
G1 F3000 X124.318 Y20.621 E1737.00339
G1 X124.319 Y20.552
G1 X118.946 Y15.18 E1737.2561
G0 F9000 X118.946 Y15.4
G0 X121.445 Y15.4
G0 X121.445 Y15.179
G1 F3000 X95.679 Y22.083 E1738.14331
G0 F9000 X95.9 Y22.083
G0 X95.9 Y19.039
G0 X95.679 Y19.039
G1 F3000 X96.713 Y15.179 E1738.27622
G0 F9000 X96.713 Y15.4
G0 X95.9 Y15.872
G0 X95.679 Y15.872
G1 F3000 X98.265 Y15.179 E1738.36526
G0 F9000 X98.265 Y15.4
G0 X95.9 Y17.368
G0 X95.679 Y17.368
G1 F3000 X124.319 Y46.008 E1739.7124
G0 F9000 X124.319 Y45.468
G1 F3000 X95.68 Y53.141 E1740.69853
G0 F9000 X95.9 Y53.141
G0 X95.9 Y51.309
G0 X95.679 Y51.309
G1 F3000 X98.189 Y53.82 E1740.81662
G0 F9000 X98.783 Y53.819
G1 F3000 X109.136 Y15.179 E1742.14712
G0 F9000 X109.136 Y15.4
G0 X110.461 Y15.4
G0 X110.461 Y15.18
G1 F3000 X124.319 Y29.038 E1742.79896
G0 F9000 X124.319 Y28.065
G1 F3000 X117.418 Y53.819 E1743.68576
G0 F9000 X117.418 Y53.6
G0 X116.331 Y53.6
G0 X116.331 Y53.82
G1 F3000 X124.318 Y51.679 E1743.96079
G0 F9000 X124.319 Y51.246
G1 F3000 X123.63 Y53.819 E1744.04938
G0 F9000 X123.63 Y53.6
G0 X115.16 Y53.6
G0 X115.16 Y53.82
G1 F3000 X95.679 Y34.339 E1744.96571
G1 X95.68 Y34.506
G1 X124.319 Y26.833 E1745.95184
G0 F9000 X124.1 Y26.833
G0 X124.1 Y33.044
G0 X124.318 Y33.044
G1 F3000 X95.679 Y40.718 E1746.93798
G0 F9000 X95.9 Y40.718
G0 X95.9 Y42.22
G0 X95.679 Y42.22
G1 F3000 X102.925 Y15.179 E1747.8691
G0 F9000 X101.976 Y15.18
G1 F3000 X124.319 Y37.523 E1748.92004
G0 F9000 X124.1 Y37.523
G0 X124.1 Y39.256
G0 X124.319 Y39.256
G1 F3000 X95.679 Y46.93 E1749.90622
G0 F9000 X95.9 Y46.93
G0 X95.9 Y42.824
G0 X95.679 Y42.824
G1 F3000 X106.674 Y53.82 E1750.42341
G0 F9000 X106.674 Y53.6
G0 X104.995 Y53.6
G0 X104.995 Y53.819
G1 F3000 X115.348 Y15.179 E1751.75391
G0 F9000 X115.348 Y15.4
G0 X121.56 Y15.4
G0 X121.56 Y15.18
G1 F3000 X111.206 Y53.82 E1753.08443
G0 F9000 X111.206 Y53.3
;MESH:NONMESH
G0 F300 X111.206 Y53.3 Z27.6
G0 F9000 X123.63 Y53.608
G0 X123.75 Y53.9
;TIME_ELAPSED:7301.719809
;LAYER:137
;TYPE:WALL-INNER
;MESH:Viga_Rectangular.stl
G1 F1500 X124.4 Y53.25 E1753.12112
G1 X124.4 Y15.75 E1754.61782
G1 X123.75 Y15.1 E1754.65451
G1 X96.25 Y15.1 E1755.75209
G1 X95.6 Y15.75 E1755.78878
G1 X95.6 Y53.25 E1757.28549
G1 X96.25 Y53.9 E1757.32218
G1 X123.75 Y53.9 E1758.41976
G0 F9000 X123.916 Y54.3
;TYPE:WALL-OUTER
G1 F1500 X124.8 Y53.416 E1758.46134
G1 X124.8 Y15.584 E1759.71964
G1 X123.916 Y14.7 E1759.76122
G1 X96.084 Y14.7 E1760.68692
G1 X95.2 Y15.584 E1760.7285
G1 X95.2 Y53.416 E1761.9868
G1 X96.084 Y54.3 E1762.02838
G1 X123.916 Y54.3 E1762.95407
G0 F9000 X123.781 Y53.754
;TYPE:FILL
G1 F3000 X95.679 Y25.653 E1764.27588
G0 F9000 X95.9 Y25.653
G0 X95.9 Y28.442
G0 X95.679 Y28.442
G1 F3000 X124.318 Y20.768 E1765.26202
G0 F9000 X124.319 Y20.351
G1 F3000 X119.147 Y15.18 E1765.50527
G0 F9000 X119.147 Y15.4
G0 X121.413 Y15.4
G0 X121.413 Y15.18
G1 F3000 X111.059 Y53.82 E1766.83578
G0 F9000 X111.059 Y53.6
G0 X106.875 Y53.6
G0 X106.875 Y53.82
G1 F3000 X95.679 Y42.623 E1767.36243
G0 F9000 X95.679 Y41.671
G1 F3000 X102.778 Y15.179 E1768.27465
G0 F9000 X102.176 Y15.18
G1 F3000 X124.319 Y37.322 E1769.31616
G0 F9000 X124.1 Y37.322
G0 X124.1 Y39.403
G0 X124.318 Y39.403
G1 F3000 X95.679 Y47.077 E1770.3023
G0 F9000 X95.9 Y47.077
G0 X95.9 Y51.108
G0 X95.679 Y51.108
G1 F3000 X98.39 Y53.82 E1770.42984
G0 F9000 X98.636 Y53.819
G1 F3000 X108.989 Y15.179 E1771.76035
G0 F9000 X108.989 Y15.4
G0 X110.662 Y15.4
G0 X110.662 Y15.18
G1 F3000 X124.319 Y28.837 E1772.40273
G0 F9000 X124.1 Y28.837
G0 X124.1 Y27.516
G0 X124.319 Y27.516
G1 F3000 X117.271 Y53.819 E1773.30843
G0 F9000 X116.88 Y53.82
G1 F3000 X124.318 Y51.826 E1773.56456
G0 F9000 X124.1 Y51.826
G0 X124.1 Y50.697
G0 X124.319 Y50.697
G1 F3000 X123.483 Y53.819 E1773.67205
G0 F9000 X123.483 Y53.6
G0 X124.1 Y45.807
G0 X124.319 Y45.807
G1 F3000 X95.679 Y17.167 E1775.01919
G0 F9000 X95.9 Y17.167
G0 X95.9 Y16.019
G0 X95.679 Y16.019
G1 F3000 X98.813 Y15.179 E1775.12711
G0 F9000 X98.813 Y15.4
G0 X96.566 Y15.4
G0 X96.566 Y15.179
G1 F3000 X95.679 Y18.49 E1775.24112
G0 F9000 X95.9 Y18.49
G0 X95.9 Y22.23
G0 X95.679 Y22.23
G1 F3000 X121.993 Y15.179 E1776.1472
G0 F9000 X121.993 Y15.4
G0 X115.201 Y15.4
G0 X115.201 Y15.179
G1 F3000 X104.848 Y53.819 E1777.4777
G0 F9000 X104.848 Y53.6
G0 X95.891 Y53.119
G0 X95.736 Y53.273
G1 F3000 X124.319 Y45.615 E1778.46191
G0 F9000 X124.1 Y45.615
G0 X115.36 Y53.6
G0 X115.36 Y53.82
G1 F3000 X95.679 Y34.138 E1779.38766
G0 F9000 X95.68 Y34.653
G1 F3000 X124.319 Y26.98 E1780.3738
G0 F9000 X124.1 Y26.98
G0 X124.1 Y33.191
G0 X124.318 Y33.191
G1 F3000 X95.68 Y40.865 E1781.3599
G0 F9000 X96.2 Y40.865
G1 F1500 E1774.8599
;MESH:NONMESH
G0 F300 X96.2 Y40.865 Z27.8
G0 F9000 X123.63 Y53.608
G0 X123.75 Y53.9
;TIME_ELAPSED:7329.951566
;LAYER:138
;TYPE:WALL-INNER
;MESH:Viga_Rectangular.stl
G1 F1500 E1781.3599
G1 X124.4 Y53.25 E1781.39659
G1 X124.4 Y15.75 E1782.8933
G1 X123.75 Y15.1 E1782.92999
G1 X96.25 Y15.1 E1784.02757
G1 X95.6 Y15.75 E1784.06426
G1 X95.6 Y53.25 E1785.56097
G1 X96.25 Y53.9 E1785.59766
G1 X123.75 Y53.9 E1786.69524
G0 F9000 X123.916 Y54.3
;TYPE:WALL-OUTER
G1 F1500 X124.8 Y53.416 E1786.73682
G1 X124.8 Y15.584 E1787.99512
G1 X123.916 Y14.7 E1788.0367
G1 X96.084 Y14.7 E1788.96239
G1 X95.2 Y15.584 E1789.00398
G1 X95.2 Y53.416 E1790.26227
G1 X96.084 Y54.3 E1790.30385
G1 X123.916 Y54.3 E1791.22955
G0 F9000 X123.88 Y53.655
;TYPE:FILL
G1 F3000 X95.679 Y25.453 E1792.55606
G0 F9000 X95.9 Y25.453
G0 X95.9 Y22.376
G0 X95.679 Y22.376
G1 F3000 X122.538 Y15.18 E1793.4809
G0 F9000 X122.538 Y15.4
G0 X121.267 Y15.4
G0 X121.267 Y15.179
G1 F3000 X110.913 Y53.819 E1794.81141
G0 F9000 X110.913 Y53.6
G0 X107.075 Y53.6
G0 X107.075 Y53.82
G1 F3000 X95.679 Y42.424 E1795.34745
G0 F9000 X95.9 Y42.424
G0 X95.9 Y41.127
G0 X95.679 Y41.127
G1 F3000 X102.632 Y15.179 E1796.24093
G0 F9000 X102.376 Y15.18
G1 F3000 X124.319 Y37.123 E1797.27306
G0 F9000 X124.1 Y37.123
G0 X124.1 Y39.549
G0 X124.319 Y39.549
G1 F3000 X95.68 Y47.223 E1798.2592
G0 F9000 X95.9 Y47.223
G0 X95.9 Y50.909
G0 X95.679 Y50.909
G1 F3000 X98.589 Y53.82 E1798.3961
G1 X98.49 Y53.82
G1 X108.843 Y15.18 E1799.7266
G0 F9000 X108.843 Y15.4
G0 X110.861 Y15.4
G0 X110.861 Y15.18
G1 F3000 X124.319 Y28.637 E1800.3596
G0 F9000 X124.1 Y28.637
G0 X124.1 Y27.126
G0 X124.318 Y27.126
G1 F3000 X95.68 Y34.799 E1801.3457
G0 F9000 X95.679 Y33.939
G1 F3000 X115.56 Y53.82 E1802.28084
G0 F9000 X115.56 Y53.6
G0 X117.125 Y53.6
G0 X117.125 Y53.82
G1 F3000 X124.319 Y26.972 E1803.20531
G0 F9000 X124.1 Y26.972
G0 X124.1 Y20.914
G0 X124.318 Y20.914
G1 F3000 X95.679 Y28.588 E1804.19145
G0 F9000 X95.9 Y28.588
G0 X95.9 Y17.946
G0 X95.679 Y17.946
G1 F3000 X96.42 Y15.179 E1804.28673
G0 F9000 X96.42 Y15.4
G0 X95.9 Y16.164
G0 X95.68 Y16.164
G1 F3000 X99.358 Y15.179 E1804.41337
G0 F9000 X99.358 Y15.4
G0 X95.9 Y16.968
G0 X95.679 Y16.968
G1 F3000 X124.319 Y45.608 E1805.76051
G1 X124.318 Y45.761
G1 X95.851 Y53.389 E1806.74073
G0 F9000 X96.006 Y53.234
G0 X104.702 Y53.6
G0 X104.702 Y53.819
G1 F3000 X115.055 Y15.179 E1808.07123
G0 F9000 X115.055 Y15.4
G0 X119.346 Y15.4
G0 X119.346 Y15.18
G1 F3000 X124.319 Y20.152 E1808.30512
G0 F9000 X124.1 Y20.152
G0 X124.1 Y33.337
G0 X124.318 Y33.337
G1 F3000 X95.679 Y41.011 E1809.29126
G0 F9000 X95.9 Y41.011
G0 X117.424 Y53.6
G0 X117.424 Y53.82
G1 F3000 X124.319 Y51.972 E1809.52868
G0 F9000 X124.1 Y51.972
G0 X124.1 Y50.153
G0 X124.319 Y50.153
G1 F3000 X123.337 Y53.819 E1809.65491
G0 F9000 X123.337 Y53.3
;MESH:NONMESH
G0 F300 X123.337 Y53.3 Z28
G0 F9000 X123.75 Y53.9
;TIME_ELAPSED:7358.198349
;LAYER:139
;TYPE:WALL-INNER
;MESH:Viga_Rectangular.stl
G1 F1500 X124.4 Y53.25 E1809.6916
G1 X124.4 Y15.75 E1811.18831
G1 X123.75 Y15.1 E1811.225
G1 X96.25 Y15.1 E1812.32258
G1 X95.6 Y15.75 E1812.35927
G1 X95.6 Y53.25 E1813.85598
G1 X96.25 Y53.9 E1813.89267
G1 X123.75 Y53.9 E1814.99025
G0 F9000 X123.916 Y54.3
;TYPE:WALL-OUTER
G1 F1500 X124.8 Y53.416 E1815.03183
G1 X124.8 Y15.584 E1816.29013
G1 X123.916 Y14.7 E1816.33171
G1 X96.084 Y14.7 E1817.2574
G1 X95.2 Y15.584 E1817.29898
G1 X95.2 Y53.416 E1818.55728
G1 X96.084 Y54.3 E1818.59886
G1 X123.916 Y54.3 E1819.52456
G0 F9000 X123.98 Y53.555
;TYPE:FILL
G1 F3000 X95.679 Y25.254 E1820.85575
G0 F9000 X95.9 Y25.254
G0 X95.9 Y22.522
G0 X95.679 Y22.522
G1 F3000 X123.082 Y15.18 E1821.79933
G0 F9000 X123.082 Y15.4
G0 X121.121 Y15.4
G0 X121.121 Y15.179
G1 F3000 X110.767 Y53.819 E1823.12984
G0 F9000 X110.767 Y53.6
G0 X107.274 Y53.6
G0 X107.274 Y53.82
G1 F3000 X95.679 Y42.224 E1823.67525
G0 F9000 X95.9 Y42.224
G0 X95.9 Y41.157
G0 X95.679 Y41.157
G1 F3000 X124.318 Y33.483 E1824.66139
G0 F9000 X124.1 Y33.483
G0 X124.1 Y36.923
G0 X124.319 Y36.923
G1 F3000 X102.575 Y15.18 E1825.68414
G1 X102.486 Y15.179
G1 X95.679 Y40.582 E1826.55886
G0 F9000 X95.9 Y40.582
G0 X95.9 Y34.945
G0 X95.679 Y34.945
G1 F3000 X124.318 Y27.272 E1827.54499
G0 F9000 X124.319 Y26.427
G1 F3000 X116.979 Y53.819 E1828.48819
G0 F9000 X117.97 Y53.819
G1 F3000 X124.319 Y52.118 E1828.70681
G0 F9000 X124.1 Y52.118
G0 X123.19 Y53.6
G0 X123.19 Y53.82
G1 F3000 X124.319 Y49.608 E1828.85184
G0 F9000 X124.1 Y49.608
G0 X124.1 Y45.907
G0 X124.318 Y45.907
G1 F3000 X95.965 Y53.504 E1829.82813
G0 F9000 X96.121 Y53.349
G0 X98.344 Y53.6
G0 X98.344 Y53.82
G1 F3000 X108.698 Y15.179 E1831.15868
G0 F9000 X108.698 Y15.4
G0 X111.061 Y15.4
G0 X111.061 Y15.18
G1 F3000 X124.319 Y28.438 E1831.78229
G0 F9000 X124.1 Y28.438
G0 X124.1 Y21.06
G0 X124.318 Y21.06
G1 F3000 X95.68 Y28.734 E1832.7684
G0 F9000 X95.9 Y28.734
G0 X95.9 Y33.739
G0 X95.679 Y33.739
G1 F3000 X115.759 Y53.82 E1833.71293
G0 F9000 X115.759 Y53.6
G0 X104.556 Y53.6
G0 X104.556 Y53.819
G1 F3000 X114.909 Y15.18 E1835.0434
G0 F9000 X114.909 Y15.4
G0 X119.546 Y15.4
G0 X119.546 Y15.18
G1 F3000 X124.319 Y19.953 E1835.26791
G0 F9000 X124.1 Y19.953
G0 X124.1 Y39.695
G0 X124.319 Y39.695
G1 F3000 X95.68 Y47.369 E1836.25405
G0 F9000 X95.9 Y47.369
G0 X95.9 Y50.71
G0 X95.679 Y50.71
G1 F3000 X98.789 Y53.82 E1836.40033
G0 F9000 X98.789 Y53.6
G0 X124.1 Y45.408
G0 X124.319 Y45.408
G1 F3000 X95.679 Y16.769 E1837.74744
G0 F9000 X95.679 Y16.311
G1 F3000 X99.902 Y15.179 E1837.89286
G0 F9000 X99.902 Y15.4
G0 X96.37 Y15.392
G0 X96.271 Y15.19
G1 F3000 X95.679 Y17.401 E1837.96899
G0 F9000 X96.2 Y17.401
G1 F1500 E1831.46899
;MESH:NONMESH
G0 F300 X96.2 Y17.401 Z28.2
G0 F9000 X123.63 Y53.608
G0 X123.75 Y53.9
;TIME_ELAPSED:7387.346126
;LAYER:140
;TYPE:WALL-INNER
;MESH:Viga_Rectangular.stl
G1 F1500 E1837.96899
G1 X124.4 Y53.25 E1838.00568
G1 X124.4 Y15.75 E1839.50238
G1 X123.75 Y15.1 E1839.53907
G1 X96.25 Y15.1 E1840.63666
G1 X95.6 Y15.75 E1840.67335
G1 X95.6 Y53.25 E1842.17005
G1 X96.25 Y53.9 E1842.20674
G1 X123.75 Y53.9 E1843.30433
G0 F9000 X123.916 Y54.3
;TYPE:WALL-OUTER
G1 F1500 X124.8 Y53.416 E1843.34591
G1 X124.8 Y15.584 E1844.6042
G1 X123.916 Y14.7 E1844.64578
G1 X96.084 Y14.7 E1845.57148
G1 X95.2 Y15.584 E1845.61306
G1 X95.2 Y53.416 E1846.87136
G1 X96.084 Y54.3 E1846.91294
G1 X123.916 Y54.3 E1847.83864
G0 F9000 X124.08 Y53.455
;TYPE:FILL
G1 F3000 X95.679 Y25.053 E1849.17455
G0 F9000 X95.9 Y25.053
G0 X95.9 Y22.669
G0 X95.679 Y22.669
G1 F3000 X123.631 Y15.18 E1850.13703
G0 F9000 X123.631 Y15.4
G0 X120.974 Y15.4
G0 X120.974 Y15.179
G1 F3000 X110.62 Y53.819 E1851.46754
G0 F9000 X110.62 Y53.6
G0 X107.475 Y53.6
G0 X107.475 Y53.82
G1 F3000 X95.679 Y42.024 E1852.02239
G0 F9000 X95.679 Y41.304
G1 F3000 X124.318 Y33.63 E1853.00853
G0 F9000 X124.1 Y33.63
G0 X124.1 Y36.722
G0 X124.319 Y36.722
G1 F3000 X102.776 Y15.18 E1854.02182
G0 F9000 X102.339 Y15.179
G1 F3000 X95.679 Y40.033 E1854.87764
G0 F9000 X95.9 Y40.033
G0 X95.9 Y35.092
G0 X95.679 Y35.092
G1 F3000 X124.318 Y27.419 E1855.86377
G0 F9000 X124.319 Y28.237
G1 F3000 X111.261 Y15.18 E1856.47795
G0 F9000 X111.261 Y15.4
G0 X108.551 Y15.4
G0 X108.551 Y15.179
G1 F3000 X98.197 Y53.82 E1857.8085
G0 F9000 X98.989 Y53.82
G1 F3000 X95.679 Y50.509 E1857.96421
G0 F9000 X95.9 Y50.509
G0 X95.9 Y47.516
G0 X95.68 Y47.516
G1 F3000 X124.319 Y39.842 E1858.95035
G0 F9000 X124.1 Y39.842
G0 X124.1 Y45.208
G0 X124.319 Y45.208
G1 F3000 X95.679 Y16.568 E1860.29749
G1 X95.679 Y16.458
G1 X100.451 Y15.179 E1860.46181
G0 F9000 X100.451 Y15.4
G0 X96.225 Y15.547
G0 X96.07 Y15.391
G1 F3000 X95.679 Y16.852 E1860.51211
G0 F9000 X95.9 Y16.852
G0 X95.9 Y28.881
G0 X95.68 Y28.881
G1 F3000 X124.318 Y21.207 E1861.49822
G0 F9000 X124.1 Y21.207
G0 X124.1 Y19.752
G0 X124.319 Y19.752
G1 F3000 X119.747 Y15.18 E1861.71327
G0 F9000 X119.747 Y15.4
G0 X114.762 Y15.4
G0 X114.762 Y15.179
G1 F3000 X104.409 Y53.819 E1863.04378
G0 F9000 X104.409 Y53.6
G0 X96.237 Y53.465
G0 X96.081 Y53.62
G1 F3000 X124.318 Y46.054 E1864.01607
G0 F9000 X124.1 Y46.054
G0 X124.1 Y49.059
G0 X124.319 Y49.059
G1 F3000 X123.043 Y53.819 E1864.17998
G0 F9000 X123.043 Y53.6
G0 X124.1 Y52.265
G0 X124.319 Y52.265
G1 F3000 X118.519 Y53.819 E1864.37969
G0 F9000 X118.519 Y53.6
G0 X116.832 Y53.6
G0 X116.832 Y53.819
G1 F3000 X124.319 Y25.878 E1865.3418
G0 F9000 X124.1 Y25.878
G0 X115.96 Y53.6
G0 X115.96 Y53.82
G1 F3000 X95.679 Y33.538 E1866.29578
G0 F9000 X96.2 Y33.538
G1 F1500 E1859.79578
;MESH:NONMESH
G0 F300 X96.2 Y33.538 Z28.4
G0 F9000 X123.63 Y53.608
G0 X123.75 Y53.9
;TIME_ELAPSED:7416.355985
;LAYER:141
;TYPE:WALL-INNER
;MESH:Viga_Rectangular.stl
G1 F1500 E1866.29578
G1 X124.4 Y53.25 E1866.33247
G1 X124.4 Y15.75 E1867.82918
G1 X123.75 Y15.1 E1867.86586
G1 X96.25 Y15.1 E1868.96345
G1 X95.6 Y15.75 E1869.00014
G1 X95.6 Y53.25 E1870.49684
G1 X96.25 Y53.9 E1870.53353
G1 X123.75 Y53.9 E1871.63112
G0 F9000 X123.916 Y54.3
;TYPE:WALL-OUTER
G1 F1500 X124.8 Y53.416 E1871.6727
G1 X124.8 Y15.584 E1872.93099
G1 X123.916 Y14.7 E1872.97258
G1 X96.084 Y14.7 E1873.89827
G1 X95.2 Y15.584 E1873.93985
G1 X95.2 Y53.416 E1875.19815
G1 X96.084 Y54.3 E1875.23973
G1 X123.916 Y54.3 E1876.16543
G0 F9000 X124.18 Y53.355
;TYPE:FILL
G1 F3000 X95.679 Y24.854 E1877.50603
G0 F9000 X95.9 Y24.854
G0 X95.9 Y22.815
G0 X95.679 Y22.815
G1 F3000 X123.813 Y15.277 E1878.47477
G0 F9000 X123.659 Y15.431
G0 X120.828 Y15.4
G0 X120.828 Y15.179
G1 F3000 X110.474 Y53.819 E1879.80528
G0 F9000 X110.474 Y53.6
G0 X107.674 Y53.6
G0 X107.674 Y53.82
G1 F3000 X95.679 Y41.824 E1880.36951
G0 F9000 X95.68 Y41.45
G1 F3000 X124.319 Y33.776 E1881.35566
G0 F9000 X124.1 Y33.776
G0 X124.1 Y36.523
G0 X124.319 Y36.523
G1 F3000 X102.975 Y15.18 E1882.35959
G0 F9000 X102.193 Y15.179
G1 F3000 X95.679 Y39.489 E1883.19667
G0 F9000 X95.9 Y39.489
G0 X95.9 Y35.239
G0 X95.679 Y35.239
G1 F3000 X124.318 Y27.565 E1884.18281
G0 F9000 X124.319 Y28.038
G1 F3000 X111.461 Y15.18 E1884.78761
G0 F9000 X111.461 Y15.4
G0 X108.405 Y15.4
G0 X108.405 Y15.179
G1 F3000 X98.051 Y53.82 E1886.11815
G0 F9000 X98.051 Y53.6
G0 X99.189 Y53.6
G0 X99.189 Y53.82
G1 F3000 X95.679 Y50.309 E1886.28327
G0 F9000 X95.9 Y50.309
G0 X95.9 Y47.662
G0 X95.68 Y47.662
G1 F3000 X124.318 Y39.988 E1887.26938
G0 F9000 X124.1 Y39.988
G0 X124.1 Y45.008
G0 X124.319 Y45.008
G1 F3000 X95.679 Y16.368 E1888.61652
G1 X95.679 Y16.308
G1 X95.871 Y15.59 E1888.64124
G0 F9000 X96.026 Y15.746
G0 X95.9 Y16.604
G0 X95.679 Y16.604
G1 F3000 X100.996 Y15.179 E1888.82433
G0 F9000 X100.996 Y15.4
G0 X114.616 Y15.4
G0 X114.616 Y15.18
G1 F3000 X104.263 Y53.82 E1890.15483
G0 F9000 X104.263 Y53.6
G0 X96.352 Y53.58
G0 X96.197 Y53.735
G1 F3000 X124.319 Y46.199 E1891.12317
G0 F9000 X124.1 Y46.199
G0 X124.1 Y48.515
G0 X124.319 Y48.515
G1 F3000 X122.898 Y53.819 E1891.3058
G0 F9000 X122.898 Y53.6
G0 X124.1 Y52.411
G0 X124.319 Y52.411
G1 F3000 X119.063 Y53.819 E1891.48678
G0 F9000 X119.063 Y53.6
G0 X116.686 Y53.6
G0 X116.686 Y53.819
G1 F3000 X124.319 Y25.334 E1892.46762
G0 F9000 X124.1 Y25.334
G0 X124.1 Y21.353
G0 X124.318 Y21.353
G1 F3000 X95.68 Y29.027 E1893.45373
G0 F9000 X95.9 Y29.027
G0 X95.9 Y33.339
G0 X95.679 Y33.339
G1 F3000 X116.159 Y53.82 E1894.41707
G1 F1500 E1887.91707
G0 F9000 X116.159 Y53.6
G0 X124.1 Y19.552
G0 X124.319 Y19.552
G1 F1500 E1894.41707
G1 F3000 X119.946 Y15.18 E1894.62274
G0 F9000 X119.946 Y15.7
G1 F1500 E1888.12274
;MESH:NONMESH
G0 F300 X119.946 Y15.7 Z28.6
G0 F9000 X123.63 Y53.608
G0 X123.75 Y53.9
;TIME_ELAPSED:7445.955718
;LAYER:142
;TYPE:WALL-INNER
;MESH:Viga_Rectangular.stl
G1 F1500 E1894.62274
G1 X124.4 Y53.25 E1894.65943
G1 X124.4 Y15.75 E1896.15614
G1 X123.75 Y15.1 E1896.19282
G1 X96.25 Y15.1 E1897.29041
G1 X95.6 Y15.75 E1897.3271
G1 X95.6 Y53.25 E1898.8238
G1 X96.25 Y53.9 E1898.86049
G1 X123.75 Y53.9 E1899.95808
G0 F9000 X123.916 Y54.3
;TYPE:WALL-OUTER
G1 F1500 X124.8 Y53.416 E1899.99966
G1 X124.8 Y15.584 E1901.25796
G1 X123.916 Y14.7 E1901.29954
G1 X96.084 Y14.7 E1902.22523
G1 X95.2 Y15.584 E1902.26681
G1 X95.2 Y53.416 E1903.52511
G1 X96.084 Y54.3 E1903.56669
G1 X123.916 Y54.3 E1904.49239
G0 F9000 X123.63 Y53.608
G0 X124.127 Y53.101
G0 X124.281 Y53.255
;TYPE:FILL
G1 F3000 X95.679 Y24.653 E1905.83774
G0 F9000 X95.9 Y24.653
G0 X95.9 Y22.962
G0 X95.679 Y22.962
G1 F3000 X123.929 Y15.393 E1906.81048
G0 F9000 X123.775 Y15.547
G0 X120.681 Y15.4
G0 X120.681 Y15.179
G1 F3000 X110.327 Y53.819 E1908.14099
G0 F9000 X110.327 Y53.6
G0 X107.875 Y53.6
G0 X107.875 Y53.82
G1 F3000 X95.679 Y41.623 E1908.71467
G1 X95.68 Y41.597
G1 X124.319 Y33.923 E1909.70081
G0 F9000 X124.1 Y33.923
G0 X124.1 Y36.322
G0 X124.319 Y36.322
G1 F3000 X103.176 Y15.18 E1910.69529
G0 F9000 X103.176 Y15.4
G0 X102.046 Y15.4
G0 X102.046 Y15.179
G1 F3000 X95.679 Y38.94 E1911.51347
G0 F9000 X95.9 Y38.94
G0 X95.9 Y35.385
G0 X95.679 Y35.385
G1 F3000 X124.318 Y27.712 E1912.4996
G1 X124.319 Y27.837
G1 X111.662 Y15.18 E1913.09495
G0 F9000 X111.662 Y15.4
G0 X114.469 Y15.4
G0 X114.469 Y15.18
G1 F3000 X104.116 Y53.82 E1914.42545
G0 F9000 X104.116 Y53.6
G0 X99.39 Y53.6
G0 X99.39 Y53.82
G1 F3000 X95.679 Y50.109 E1914.6
G0 F9000 X95.9 Y50.109
G0 X95.9 Y47.809
G0 X95.68 Y47.809
G1 F3000 X124.318 Y40.135 E1915.58611
G0 F9000 X124.1 Y40.135
G0 X124.1 Y44.807
G0 X124.319 Y44.807
G1 F3000 X95.679 Y16.167 E1916.93325
G0 F9000 X95.679 Y16.751
G1 F3000 X101.544 Y15.179 E1917.13521
G0 F9000 X101.544 Y15.4
G0 X108.258 Y15.4
G0 X108.258 Y15.179
G1 F3000 X97.904 Y53.82 E1918.46575
G0 F9000 X97.904 Y53.6
G0 X96.428 Y53.6
G0 X96.428 Y53.82
G1 F3000 X124.318 Y46.347 E1919.4261
G0 F9000 X124.1 Y46.347
G0 X124.1 Y47.966
G0 X124.319 Y47.966
G1 F3000 X122.75 Y53.82 E1919.62767
G0 F9000 X122.75 Y53.6
G0 X124.1 Y52.558
G0 X124.319 Y52.558
G1 F3000 X119.612 Y53.819 E1919.78975
G0 F9000 X119.612 Y53.6
G0 X116.539 Y53.6
G0 X116.539 Y53.819
G1 F3000 X124.319 Y24.785 E1920.78949
G0 F9000 X124.1 Y24.785
G0 X124.1 Y21.5
G0 X124.318 Y21.5
G1 F3000 X95.68 Y29.174 E1921.7756
G0 F9000 X95.9 Y29.174
G0 X95.9 Y33.138
G0 X95.679 Y33.138
G1 F3000 X116.36 Y53.82 E1922.7484
G1 F1500 E1916.2484
G0 F9000 X116.36 Y53.6
G0 X124.1 Y19.352
G0 X124.319 Y19.352
G1 F1500 E1922.7484
G1 F3000 X120.147 Y15.18 E1922.94463
G0 F9000 X120.147 Y15.7
G1 F1500 E1916.44463
;MESH:NONMESH
G0 F300 X120.147 Y15.7 Z28.8
G0 F9000 X123.63 Y53.608
G0 X123.75 Y53.9
;TIME_ELAPSED:7475.333817
;LAYER:143
;TYPE:WALL-INNER
;MESH:Viga_Rectangular.stl
G1 F1500 E1922.94463
G1 X124.4 Y53.25 E1922.98132
G1 X124.4 Y15.75 E1924.47803
G1 X123.75 Y15.1 E1924.51472
G1 X96.25 Y15.1 E1925.6123
G1 X95.6 Y15.75 E1925.64899
G1 X95.6 Y53.25 E1927.1457
G1 X96.25 Y53.9 E1927.18239
G1 X123.75 Y53.9 E1928.27997
G0 F9000 X123.916 Y54.3
;TYPE:WALL-OUTER
G1 F1500 X124.8 Y53.416 E1928.32155
G1 X124.8 Y15.584 E1929.57985
G1 X123.916 Y14.7 E1929.62143
G1 X96.084 Y14.7 E1930.54713
G1 X95.2 Y15.584 E1930.58871
G1 X95.2 Y53.416 E1931.847
G1 X96.084 Y54.3 E1931.88858
G1 X123.916 Y54.3 E1932.81428
G0 F9000 X123.63 Y53.608
G0 X124.1 Y53.093
G0 X124.319 Y53.093
;TYPE:FILL
G1 F3000 X95.679 Y24.453 E1934.16142
G0 F9000 X95.9 Y24.453
G0 X95.9 Y23.108
G0 X95.68 Y23.108
G1 F3000 X124.045 Y15.508 E1935.13812
G0 F9000 X123.89 Y15.662
G0 X120.535 Y15.4
G0 X120.535 Y15.18
G1 F3000 X110.181 Y53.819 E1936.4686
G0 F9000 X110.181 Y53.6
G0 X108.074 Y53.6
G0 X108.074 Y53.82
G1 F3000 X95.679 Y41.424 E1937.05164
G0 F9000 X95.68 Y41.743
G1 F3000 X124.318 Y34.069 E1938.03775
G0 F9000 X124.1 Y34.069
G0 X124.1 Y36.123
G0 X124.319 Y36.123
G1 F3000 X103.376 Y15.18 E1939.02285
G0 F9000 X103.376 Y15.4
G0 X102.089 Y15.4
G0 X102.089 Y15.179
G1 F3000 X95.679 Y16.897 E1939.24357
G0 F9000 X95.679 Y15.968
G1 F3000 X124.319 Y44.608 E1940.59071
G0 F9000 X124.1 Y44.608
G0 X124.1 Y46.492
G0 X124.319 Y46.492
G1 F3000 X96.973 Y53.82 E1941.53233
G0 F9000 X97.758 Y53.819
G1 F3000 X108.112 Y15.179 E1942.86284
G0 F9000 X108.112 Y15.4
G0 X111.861 Y15.4
G0 X111.861 Y15.18
G1 F3000 X124.319 Y27.637 E1943.4488
G0 F9000 X124.318 Y27.858
G1 F3000 X95.679 Y35.532 E1944.43494
G0 F9000 X95.9 Y35.532
G0 X95.9 Y32.939
G0 X95.679 Y32.939
G1 F3000 X116.56 Y53.82 E1945.41712
G1 X116.393 Y53.819
G1 X124.319 Y24.241 E1946.4356
G0 F9000 X124.1 Y24.241
G0 X124.1 Y21.646
G0 X124.318 Y21.646
G1 F3000 X95.679 Y29.32 E1947.42174
G0 F9000 X95.9 Y29.32
G0 X95.9 Y38.395
G0 X95.679 Y38.395
G1 F3000 X101.9 Y15.179 E1948.22115
G0 F9000 X101.9 Y15.4
G0 X114.323 Y15.4
G0 X114.323 Y15.179
G1 F3000 X103.969 Y53.82 E1949.55169
G0 F9000 X103.969 Y53.6
G0 X99.589 Y53.6
G0 X99.589 Y53.82
G1 F3000 X95.679 Y49.909 E1949.73563
G0 F9000 X95.9 Y49.909
G0 X95.9 Y47.955
G0 X95.679 Y47.955
G1 F3000 X124.318 Y40.281 E1950.72177
G0 F9000 X124.1 Y40.281
G0 X124.1 Y47.422
G0 X124.319 Y47.422
G1 F3000 X122.605 Y53.819 E1950.94204
G0 F9000 X122.605 Y53.6
G0 X124.1 Y52.704
G0 X124.319 Y52.704
G1 F3000 X120.156 Y53.819 E1951.08538
G1 F1500 E1944.58538
G0 F9000 X120.156 Y53.6
G0 X124.1 Y19.152
G0 X124.319 Y19.152
G1 F1500 E1951.08538
G1 F3000 X120.346 Y15.18 E1951.27224
G0 F9000 X120.346 Y15.7
G1 F1500 E1944.77224
;MESH:NONMESH
G0 F300 X120.346 Y15.7 Z29
G0 F9000 X123.63 Y53.608
G0 X123.75 Y53.9
;TIME_ELAPSED:7504.708320
;LAYER:144
;TYPE:WALL-INNER
;MESH:Viga_Rectangular.stl
G1 F1500 E1951.27224
G1 X124.4 Y53.25 E1951.30893
G1 X124.4 Y15.75 E1952.80563
G1 X123.75 Y15.1 E1952.84232
G1 X96.25 Y15.1 E1953.93991
G1 X95.6 Y15.75 E1953.97659
G1 X95.6 Y53.25 E1955.4733
G1 X96.25 Y53.9 E1955.50999
G1 X123.75 Y53.9 E1956.60757
G0 F9000 X123.916 Y54.3
;TYPE:WALL-OUTER
G1 F1500 X124.8 Y53.416 E1956.64915
G1 X124.8 Y15.584 E1957.90745
G1 X123.916 Y14.7 E1957.94903
G1 X96.084 Y14.7 E1958.87473
G1 X95.2 Y15.584 E1958.91631
G1 X95.2 Y53.416 E1960.17461
G1 X96.084 Y54.3 E1960.21619
G1 X123.916 Y54.3 E1961.14188
G0 F9000 X123.63 Y53.608
G0 X124.1 Y52.893
G0 X124.319 Y52.893
;TYPE:FILL
G1 F3000 X95.679 Y24.253 E1962.48902
G0 F9000 X95.68 Y23.255
G1 F3000 X124.161 Y15.624 E1963.46972
G0 F9000 X124.006 Y15.778
G0 X124.1 Y18.951
G0 X124.319 Y18.951
G1 F3000 X120.547 Y15.18 E1963.64712
G1 X120.388 Y15.18
G1 X110.034 Y53.819 E1964.97759
G0 F9000 X110.034 Y53.6
G0 X108.275 Y53.6
G0 X108.275 Y53.82
G1 F3000 X95.679 Y41.223 E1965.5701
G0 F9000 X95.68 Y41.89
G1 F3000 X124.319 Y34.216 E1966.55624
G0 F9000 X124.1 Y34.216
G0 X124.1 Y35.922
G0 X124.319 Y35.922
G1 F3000 X103.577 Y15.18 E1967.53188
G0 F9000 X102.638 Y15.179
G1 F3000 X95.679 Y17.044 E1967.7715
G0 F9000 X95.9 Y17.044
G0 X95.892 Y15.87
G0 X95.687 Y15.775
G1 F3000 X124.319 Y44.407 E1969.11826
G0 F9000 X124.1 Y44.407
G0 X124.1 Y46.639
G0 X124.319 Y46.639
G1 F3000 X97.522 Y53.82 E1970.04098
G1 X97.611 Y53.819
G1 X107.965 Y15.179 E1971.37149
G0 F9000 X107.965 Y15.4
G0 X112.062 Y15.4
G0 X112.062 Y15.18
G1 F3000 X124.319 Y27.437 E1971.94802
G0 F9000 X124.318 Y28.005
G1 F3000 X95.679 Y35.679 E1972.93417
G0 F9000 X95.9 Y35.679
G0 X95.9 Y37.847
G0 X95.679 Y37.847
G1 F3000 X101.753 Y15.179 E1973.7147
G0 F9000 X101.753 Y15.4
G0 X114.176 Y15.4
G0 X114.176 Y15.18
G1 F3000 X103.822 Y53.82 E1975.04521
G0 F9000 X103.822 Y53.6
G0 X99.79 Y53.6
G0 X99.79 Y53.82
G1 F3000 X95.679 Y49.708 E1975.23861
G0 F9000 X95.9 Y49.708
G0 X95.9 Y48.102
G0 X95.679 Y48.102
G1 F3000 X124.318 Y40.428 E1976.22475
G0 F9000 X124.1 Y40.428
G0 X124.1 Y46.873
G0 X124.319 Y46.873
G1 F3000 X122.458 Y53.819 E1976.46392
G0 F9000 X122.458 Y53.6
G0 X120.705 Y53.6
G0 X120.705 Y53.819
G1 F3000 X124.319 Y52.851 E1976.58836
G0 F9000 X124.1 Y52.851
G0 X116.761 Y53.6
G0 X116.761 Y53.82
G1 F3000 X95.679 Y32.738 E1977.57999
G0 F9000 X95.9 Y32.738
G0 X95.9 Y29.467
G0 X95.679 Y29.467
G1 F3000 X124.318 Y21.793 E1978.56613
G0 F9000 X124.1 Y21.793
G0 X124.1 Y23.692
G0 X124.319 Y23.692
G1 F3000 X116.246 Y53.819 E1979.60351
G0 F9000 X116.246 Y53.3
;MESH:NONMESH
G0 F300 X116.246 Y53.3 Z29.2
G0 F9000 X96.37 Y53.608
G0 X96.25 Y53.8
;TIME_ELAPSED:7532.509325
;LAYER:145
;TYPE:WALL-INNER
;MESH:Viga_Rectangular.stl
G1 F1500 X123.75 Y53.799 E1980.7011
G1 X124.299 Y53.25 E1980.73209
G1 X124.299 Y15.75 E1982.22879
G1 X123.75 Y15.2 E1982.25981
G1 X96.25 Y15.201 E1983.35739
G1 X95.701 Y15.75 E1983.38838
G1 X95.701 Y53.25 E1984.88509
G1 X96.25 Y53.8 E1984.9161
G0 F9000 X96.084 Y54.2
;TYPE:WALL-OUTER
G1 F1500 X123.916 Y54.199 E1985.8418
G1 X124.699 Y53.416 E1985.87863
G1 X124.699 Y15.584 E1987.13693
G1 X123.916 Y14.8 E1987.17378
G1 X96.084 Y14.801 E1988.09948
G1 X95.301 Y15.584 E1988.13631
G1 X95.301 Y53.416 E1989.3946
G1 X96.084 Y54.2 E1989.43146
G0 F9000 X96.369 Y53.508
G0 X97.492 Y53.499
G0 X97.492 Y53.719
;TYPE:FILL
G1 F3000 X107.792 Y15.28 E1990.75505
G0 F9000 X107.792 Y15.501
G0 X103.876 Y15.501
G0 X103.876 Y15.28
G1 F3000 X124.218 Y35.621 E1991.71185
G0 F9000 X123.999 Y35.621
G0 X123.999 Y34.389
G0 X124.217 Y34.389
G1 F3000 X95.78 Y42.009 E1992.69103
G0 F9000 X95.78 Y41.125
G1 F3000 X108.374 Y53.719 E1993.28342
G0 F9000 X108.374 Y53.499
G0 X109.915 Y53.499
G0 X109.915 Y53.719
G1 F3000 X120.215 Y15.28 E1994.60701
G0 F9000 X120.847 Y15.28
G1 F3000 X124.218 Y18.651 E1994.76557
G0 F9000 X123.999 Y18.651
G0 X124.007 Y15.869
G0 X124.197 Y15.76
G1 F3000 X95.781 Y23.374 E1995.74403
G0 F9000 X95.78 Y24.154
G1 F3000 X124.218 Y52.592 E1997.08166
G0 F9000 X124.217 Y53.024
G1 F3000 X121.628 Y53.718 E1997.17081
G0 F9000 X122.339 Y53.719
G1 F3000 X124.218 Y46.706 E1997.41229
G1 X124.217 Y46.813
G1 X98.442 Y53.719 E1998.29981
G0 F9000 X98.442 Y53.499
G0 X99.889 Y53.499
G0 X99.889 Y53.719
G1 F3000 X95.78 Y49.61 E1998.49309
G0 F9000 X96.001 Y49.61
G0 X96.001 Y48.221
G0 X95.78 Y48.221
G1 F3000 X124.218 Y40.601 E1999.47231
G0 F9000 X123.999 Y40.601
G0 X123.999 Y44.107
G0 X124.218 Y44.107
G1 F3000 X95.837 Y15.726 E2000.80726
G0 F9000 X95.992 Y15.881
G0 X96.001 Y17.162
G0 X95.78 Y17.162
G1 F3000 X102.805 Y15.28 E2001.04915
G0 F9000 X102.805 Y15.501
G0 X101.58 Y15.501
G0 X101.58 Y15.28
G1 F3000 X95.78 Y36.926 E2001.7945
G0 F9000 X96.001 Y36.926
G0 X96.001 Y35.797
G0 X95.78 Y35.797
G1 F3000 X124.217 Y28.178 E2002.77368
G0 F9000 X123.999 Y28.178
G0 X123.999 Y27.136
G0 X124.218 Y27.136
G1 F3000 X112.362 Y15.28 E2003.33135
G0 F9000 X112.362 Y15.501
G0 X114.003 Y15.501
G0 X114.003 Y15.28
G1 F3000 X103.704 Y53.719 E2004.65493
G0 F9000 X103.704 Y53.499
G0 X116.127 Y53.499
G0 X116.127 Y53.719
G1 F3000 X124.218 Y23.522 E2005.69471
G0 F9000 X123.999 Y23.522
G0 X123.999 Y21.966
G0 X124.217 Y21.966
G1 F3000 X95.781 Y29.586 E2006.67386
G0 F9000 X96.001 Y29.586
G0 X96.001 Y32.64
G0 X95.78 Y32.64
G1 F3000 X116.859 Y53.718 E2007.66533
G0 F9000 X116.859 Y53.199
;MESH:NONMESH
G0 F300 X116.859 Y53.199 Z29.4
G0 F9000 X96.361 Y53.49
G0 X96.25 Y53.6
;TIME_ELAPSED:7559.496305
;LAYER:146
;TYPE:WALL-INNER
;MESH:Viga_Rectangular.stl
G1 F1500 X123.75 Y53.599 E2008.76292
G1 X124.099 Y53.25 E2008.78262
G1 X124.099 Y15.75 E2010.27932
G1 X123.75 Y15.4 E2010.29905
G1 X96.25 Y15.401 E2011.39663
G1 X95.901 Y15.75 E2011.41633
G1 X95.901 Y53.25 E2012.91304
G1 X96.25 Y53.6 E2012.93277
G0 F9000 X96.084 Y54
;TYPE:WALL-OUTER
G1 F1500 X123.916 Y53.999 E2013.85846
G1 X124.499 Y53.416 E2013.88588
G1 X124.499 Y15.584 E2015.14418
G1 X123.916 Y15 E2015.17163
G1 X96.084 Y15.001 E2016.09732
G1 X95.501 Y15.584 E2016.12475
G1 X95.501 Y53.416 E2017.38304
G1 X96.084 Y54 E2017.41049
G0 F9000 X96.399 Y53.24
;TYPE:SKIN
G1 F1500 X96.261 Y53.101 E2017.417
G1 X96.261 Y15.9 E2018.65431
G1 X96.4 Y15.761 E2018.66085
G1 X123.601 Y15.76 E2019.56556
G1 X123.739 Y15.899 E2019.57208
G1 X123.739 Y53.1 E2020.80939
G1 X123.6 Y53.239 E2020.81593
G1 X96.399 Y53.24 E2021.72063
G0 F9000 X96.597 Y53.039
G1 F1500 X96.46 Y52.902 E2021.72708
G0 F9000 X96.46 Y52.337
G1 F1500 X97.162 Y53.039 E2021.7601
G0 F9000 X97.728 Y53.039
G1 F1500 X96.46 Y51.771 E2021.81974
G0 F9000 X96.46 Y51.205
G1 F1500 X98.294 Y53.039 E2021.90601
G0 F9000 X98.859 Y53.039
G1 F1500 X96.46 Y50.64 E2022.01885
G0 F9000 X96.46 Y50.074
G1 F1500 X99.425 Y53.039 E2022.15831
G0 F9000 X99.991 Y53.039
G1 F1500 X96.46 Y49.508 E2022.3244
G0 F9000 X96.46 Y48.943
G1 F1500 X100.556 Y53.039 E2022.51706
G0 F9000 X101.122 Y53.039
G1 F1500 X96.46 Y48.377 E2022.73635
G0 F9000 X96.46 Y47.811
G1 F1500 X101.688 Y53.039 E2022.98226
G0 F9000 X102.254 Y53.039
G1 F1500 X96.46 Y47.246 E2023.25477
G0 F9000 X96.46 Y46.68
G1 F1500 X102.819 Y53.039 E2023.55387
G0 F9000 X103.385 Y53.039
G1 F1500 X96.46 Y46.114 E2023.87961
G0 F9000 X96.46 Y45.548
G1 F1500 X103.951 Y53.039 E2024.23196
G0 F9000 X104.516 Y53.039
G1 F1500 X96.46 Y44.983 E2024.61089
G0 F9000 X96.46 Y44.417
G1 F1500 X105.082 Y53.039 E2025.01644
G0 F9000 X105.648 Y53.039
G1 F1500 X96.46 Y43.851 E2025.44862
G0 F9000 X96.46 Y43.286
G1 F1500 X106.213 Y53.039 E2025.90737
G0 F9000 X106.779 Y53.039
G1 F1500 X96.46 Y42.72 E2026.39274
G0 F9000 X96.46 Y42.154
G1 F1500 X107.345 Y53.039 E2026.90474
G0 F9000 X107.91 Y53.039
G1 F1500 X96.46 Y41.589 E2027.44331
G0 F9000 X96.46 Y41.023
G1 F1500 X108.476 Y53.039 E2028.00851
G0 F9000 X109.042 Y53.039
G1 F1500 X96.46 Y40.457 E2028.60033
G0 F9000 X96.46 Y39.892
G1 F1500 X109.607 Y53.039 E2029.21872
G0 F9000 X110.172 Y53.038
G1 F1500 X96.46 Y39.326 E2029.86369
G0 F9000 X96.46 Y38.76
G1 F1500 X110.738 Y53.038 E2030.53528
G0 F9000 X111.304 Y53.038
G1 F1500 X96.46 Y38.195 E2031.23348
G0 F9000 X96.46 Y37.629
G1 F1500 X111.869 Y53.038 E2031.95827
G0 F9000 X112.435 Y53.038
G1 F1500 X96.46 Y37.063 E2032.70968
G0 F9000 X96.46 Y36.498
G1 F1500 X113.001 Y53.038 E2033.4877
G0 F9000 X113.567 Y53.038
G1 F1500 X96.46 Y35.932 E2034.29234
G0 F9000 X96.46 Y35.366
G1 F1500 X114.132 Y53.038 E2035.12357
G0 F9000 X114.698 Y53.038
G1 F1500 X96.46 Y34.8 E2035.98143
G0 F9000 X96.46 Y34.235
G1 F1500 X115.264 Y53.038 E2036.86589
G0 F9000 X115.829 Y53.038
G1 F1500 X96.46 Y33.669 E2037.77695
G0 F9000 X96.46 Y33.103
G1 F1500 X116.395 Y53.038 E2038.71463
G0 F9000 X116.961 Y53.038
G1 F1500 X96.46 Y32.538 E2039.67891
G0 F9000 X96.46 Y31.972
G1 F1500 X117.526 Y53.038 E2040.66979
G0 F9000 X118.092 Y53.038
G1 F1500 X96.46 Y31.406 E2041.6873
G0 F9000 X96.46 Y30.841
G1 F1500 X118.658 Y53.038 E2042.7314
G0 F9000 X119.223 Y53.038
G1 F1500 X96.46 Y30.275 E2043.8021
G0 F9000 X96.46 Y29.709
G1 F1500 X119.789 Y53.038 E2044.89942
G0 F9000 X120.355 Y53.038
G1 F1500 X96.46 Y29.144 E2046.02335
G0 F9000 X96.46 Y28.578
G1 F1500 X120.92 Y53.038 E2047.17387
G0 F9000 X121.486 Y53.038
G1 F1500 X96.46 Y28.012 E2048.35102
G0 F9000 X96.46 Y27.447
G1 F1500 X122.052 Y53.038 E2049.55476
G0 F9000 X122.617 Y53.038
G1 F1500 X96.46 Y26.881 E2050.78511
G0 F9000 X96.46 Y26.315
G1 F1500 X123.183 Y53.038 E2052.04208
G0 F9000 X123.538 Y52.827
G1 F1500 X96.46 Y25.75 E2053.31572
G0 F9000 X96.46 Y25.184
G1 F1500 X123.538 Y52.262 E2054.58938
G0 F9000 X123.538 Y51.696
G1 F1500 X96.46 Y24.618 E2055.86305
G0 F9000 X96.46 Y24.052
G1 F1500 X123.538 Y51.13 E2057.13672
G0 F9000 X123.538 Y50.565
G1 F1500 X96.46 Y23.487 E2058.41038
G0 F9000 X96.46 Y22.921
G1 F1500 X123.538 Y49.999 E2059.68405
G0 F9000 X123.538 Y49.433
G1 F1500 X96.46 Y22.355 E2060.95772
G0 F9000 X96.46 Y21.79
G1 F1500 X123.538 Y48.868 E2062.23138
G0 F9000 X123.538 Y48.302
G1 F1500 X96.46 Y21.224 E2063.50505
G0 F9000 X96.46 Y20.658
G1 F1500 X123.538 Y47.736 E2064.77871
G0 F9000 X123.538 Y47.171
G1 F1500 X96.46 Y20.093 E2066.05238
G0 F9000 X96.46 Y19.527
G1 F1500 X123.538 Y46.605 E2067.32605
G0 F9000 X123.538 Y46.039
G1 F1500 X96.46 Y18.961 E2068.59971
G0 F9000 X96.46 Y18.396
G1 F1500 X123.538 Y45.474 E2069.87338
G0 F9000 X123.538 Y44.908
G1 F1500 X96.46 Y17.83 E2071.14704
G0 F9000 X96.46 Y17.264
G1 F1500 X123.538 Y44.342 E2072.42071
G0 F9000 X123.538 Y43.776
G1 F1500 X96.46 Y16.699 E2073.69435
G0 F9000 X96.46 Y16.133
G1 F1500 X123.538 Y43.211 E2074.96802
G0 F9000 X123.538 Y42.645
G1 F1500 X96.853 Y15.96 E2076.2232
G0 F9000 X97.419 Y15.96
G1 F1500 X123.538 Y42.079 E2077.45176
G0 F9000 X123.538 Y41.514
G1 F1500 X97.985 Y15.96 E2078.65372
G0 F9000 X98.55 Y15.96
G1 F1500 X123.538 Y40.948 E2079.82907
G0 F9000 X123.538 Y40.382
G1 F1500 X99.116 Y15.96 E2080.97781
G0 F9000 X99.682 Y15.96
G1 F1500 X123.538 Y39.817 E2082.09995
G0 F9000 X123.538 Y39.251
G1 F1500 X100.247 Y15.96 E2083.19548
G0 F9000 X100.813 Y15.96
G1 F1500 X123.538 Y38.685 E2084.2644
G0 F9000 X123.538 Y38.12
G1 F1500 X101.379 Y15.96 E2085.30671
G0 F9000 X101.944 Y15.96
G1 F1500 X123.538 Y37.554 E2086.32243
G0 F9000 X123.538 Y36.988
G1 F1500 X102.51 Y15.96 E2087.31152
G0 F9000 X103.076 Y15.96
G1 F1500 X123.538 Y36.423 E2088.27402
G0 F9000 X123.538 Y35.857
G1 F1500 X103.642 Y15.96 E2089.20989
G0 F9000 X104.207 Y15.96
G1 F1500 X123.538 Y35.291 E2090.11916
G0 F9000 X123.538 Y34.726
G1 F1500 X104.773 Y15.96 E2091.00183
G0 F9000 X105.339 Y15.96
G1 F1500 X123.538 Y34.16 E2091.85788
G0 F9000 X123.538 Y33.594
G1 F1500 X105.904 Y15.96 E2092.68733
G0 F9000 X106.47 Y15.96
G1 F1500 X123.538 Y33.028 E2093.49015
G0 F9000 X123.538 Y32.463
G1 F1500 X107.036 Y15.96 E2094.26638
G0 F9000 X107.601 Y15.96
G1 F1500 X123.538 Y31.897 E2095.01601
G0 F9000 X123.538 Y31.331
G1 F1500 X108.167 Y15.96 E2095.73901
G0 F9000 X108.733 Y15.96
G1 F1500 X123.538 Y30.766 E2096.43542
G0 F9000 X123.538 Y30.2
G1 F1500 X109.298 Y15.96 E2097.10522
G0 F9000 X109.864 Y15.96
G1 F1500 X123.538 Y29.634 E2097.74841
G0 F9000 X123.538 Y29.069
G1 F1500 X110.43 Y15.96 E2098.36499
G0 F9000 X110.995 Y15.96
G1 F1500 X123.538 Y28.503 E2098.95497
G0 F9000 X123.538 Y27.937
G1 F1500 X111.561 Y15.96 E2099.51834
G0 F9000 X112.127 Y15.96
G1 F1500 X123.538 Y27.372 E2100.0551
G0 F9000 X123.538 Y26.806
G1 F1500 X112.693 Y15.96 E2100.56524
G0 F9000 X113.258 Y15.96
G1 F1500 X123.538 Y26.24 E2101.04878
G0 F9000 X123.538 Y25.675
G1 F1500 X113.824 Y15.96 E2101.50572
G0 F9000 X114.39 Y15.96
G1 F1500 X123.538 Y25.109 E2101.93603
G0 F9000 X123.538 Y24.543
G1 F1500 X114.955 Y15.96 E2102.33975
G0 F9000 X115.521 Y15.96
G1 F1500 X123.538 Y23.977 E2102.71685
G0 F9000 X123.538 Y23.412
G1 F1500 X116.087 Y15.96 E2103.06734
G0 F9000 X116.652 Y15.96
G1 F1500 X123.538 Y22.846 E2103.39124
G0 F9000 X123.538 Y22.28
G1 F1500 X117.218 Y15.96 E2103.68851
G0 F9000 X117.784 Y15.96
G1 F1500 X123.538 Y21.715 E2103.95919
G0 F9000 X123.538 Y21.149
G1 F1500 X118.349 Y15.96 E2104.20326
G0 F9000 X118.915 Y15.96
G1 F1500 X123.538 Y20.583 E2104.42071
G0 F9000 X123.538 Y20.018
G1 F1500 X119.481 Y15.96 E2104.61157
G0 F9000 X120.046 Y15.96
G1 F1500 X123.538 Y19.452 E2104.77582
G0 F9000 X123.538 Y18.886
G1 F1500 X120.612 Y15.96 E2104.91345
G0 F9000 X121.178 Y15.96
G1 F1500 X123.538 Y18.321 E2105.02448
G0 F9000 X123.538 Y17.755
G1 F1500 X121.743 Y15.96 E2105.10891
G0 F9000 X122.309 Y15.96
G1 F1500 X123.538 Y17.189 E2105.16672
G0 F9000 X123.538 Y16.624
G1 F1500 X122.875 Y15.96 E2105.19793
G0 F9000 X123.441 Y15.96
G1 F1500 X123.538 Y16.058 E2105.20251
G1 F1500 E2098.70251
;MESH:NONMESH
G0 F300 X123.538 Y16.058 Z29.6
G0 F9000 X123.904 Y15.696
G0 X123.935 Y53.182
G0 X123.708 Y53.409
G0 X96.221 Y53.428
G0 X96.25 Y53.4
;TIME_ELAPSED:7686.653835
;LAYER:147
;TYPE:WALL-INNER
;MESH:Viga_Rectangular.stl
G1 F1500 E2105.20251
G1 X123.75 Y53.399 E2106.3001
G1 X123.899 Y53.25 E2106.30851
G1 X123.899 Y15.75 E2107.80521
G1 X123.75 Y15.6 E2107.81365
G1 X96.25 Y15.601 E2108.91124
G1 X96.101 Y15.75 E2108.91965
G1 X96.101 Y53.25 E2110.41635
G1 X96.25 Y53.4 E2110.42479
G0 F9000 X96.084 Y53.8
;TYPE:WALL-OUTER
G1 F1500 X123.916 Y53.799 E2111.35049
G1 X124.299 Y53.416 E2111.3685
G1 X124.299 Y15.584 E2112.6268
G1 X123.916 Y15.2 E2112.64484
G1 X96.084 Y15.201 E2113.57054
G1 X95.701 Y15.584 E2113.58855
G1 X95.701 Y53.416 E2114.84685
G1 X96.084 Y53.8 E2114.86489
G0 F9000 X96.234 Y53.243
G0 X123.754 Y53.254
G0 X123.539 Y53.039
;TYPE:SKIN
G1 F1500 X96.461 Y53.039 E2115.7655
G1 X96.461 Y15.961 E2116.99872
G1 X123.539 Y15.961 E2117.89934
G1 X123.539 Y53.039 E2119.13256
G0 F9000 X123.338 Y52.589
G1 F1500 X123.088 Y52.839 E2119.14432
G0 F9000 X122.523 Y52.839
G1 F1500 X123.338 Y52.023 E2119.18268
G0 F9000 X123.338 Y51.458
G1 F1500 X121.957 Y52.839 E2119.24764
G0 F9000 X121.391 Y52.839
G1 F1500 X123.338 Y50.892 E2119.33922
G0 F9000 X123.338 Y50.326
G1 F1500 X120.826 Y52.839 E2119.4574
G0 F9000 X120.26 Y52.839
G1 F1500 X123.338 Y49.761 E2119.60218
G0 F9000 X123.338 Y49.195
G1 F1500 X119.694 Y52.839 E2119.77358
G0 F9000 X119.129 Y52.839
G1 F1500 X123.338 Y48.629 E2119.97158
G0 F9000 X123.338 Y48.064
G1 F1500 X118.563 Y52.839 E2120.19618
G0 F9000 X117.997 Y52.839
G1 F1500 X123.338 Y47.498 E2120.44741
G0 F9000 X123.338 Y46.932
G1 F1500 X117.432 Y52.839 E2120.72523
G0 F9000 X116.866 Y52.839
G1 F1500 X123.338 Y46.367 E2121.02965
G0 F9000 X123.338 Y45.801
G1 F1500 X116.3 Y52.839 E2121.3607
G0 F9000 X115.734 Y52.839
G1 F1500 X123.338 Y45.235 E2121.71837
G0 F9000 X123.338 Y44.67
G1 F1500 X115.169 Y52.839 E2122.10261
G0 F9000 X114.603 Y52.839
G1 F1500 X123.338 Y44.104 E2122.51348
G0 F9000 X123.338 Y43.538
G1 F1500 X114.037 Y52.839 E2122.95097
G0 F9000 X113.472 Y52.839
G1 F1500 X123.338 Y42.973 E2123.41504
G0 F9000 X123.338 Y42.407
G1 F1500 X112.906 Y52.839 E2123.90573
G0 F9000 X112.34 Y52.839
G1 F1500 X123.338 Y41.841 E2124.42304
G0 F9000 X123.338 Y41.275
G1 F1500 X111.775 Y52.839 E2124.96695
G0 F9000 X111.209 Y52.839
G1 F1500 X123.338 Y40.71 E2125.53746
G0 F9000 X123.338 Y40.144
G1 F1500 X110.643 Y52.839 E2126.1346
G0 F9000 X110.078 Y52.839
G1 F1500 X123.338 Y39.578 E2126.75833
G0 F9000 X123.338 Y39.013
G1 F1500 X109.512 Y52.839 E2127.40866
G0 F9000 X108.946 Y52.839
G1 F1500 X123.338 Y38.447 E2128.08562
G0 F9000 X123.338 Y37.881
G1 F1500 X108.381 Y52.839 E2128.78917
G0 F9000 X107.815 Y52.839
G1 F1500 X123.338 Y37.316 E2129.51933
G0 F9000 X123.338 Y36.75
G1 F1500 X107.249 Y52.839 E2130.2761
G0 F9000 X106.684 Y52.839
G1 F1500 X123.338 Y36.184 E2131.05948
G0 F9000 X123.338 Y35.619
G1 F1500 X106.118 Y52.839 E2131.86946
G0 F9000 X105.552 Y52.839
G1 F1500 X123.338 Y35.053 E2132.70606
G0 F9000 X123.338 Y34.487
G1 F1500 X104.986 Y52.839 E2133.56928
G0 F9000 X104.421 Y52.839
G1 F1500 X123.338 Y33.922 E2134.45908
G0 F9000 X123.338 Y33.356
G1 F1500 X103.855 Y52.839 E2135.3755
G0 F9000 X103.289 Y52.839
G1 F1500 X123.338 Y32.79 E2136.31854
G0 F9000 X123.338 Y32.224
G1 F1500 X102.724 Y52.839 E2137.28818
G0 F9000 X102.158 Y52.839
G1 F1500 X123.338 Y31.659 E2138.28443
G0 F9000 X123.338 Y31.093
G1 F1500 X101.592 Y52.839 E2139.30729
G0 F9000 X101.027 Y52.839
G1 F1500 X123.338 Y30.527 E2140.35675
G0 F9000 X123.338 Y29.962
G1 F1500 X100.461 Y52.839 E2141.43282
G0 F9000 X99.895 Y52.839
G1 F1500 X123.338 Y29.396 E2142.53551
G0 F9000 X123.338 Y28.83
G1 F1500 X99.33 Y52.839 E2143.66479
G0 F9000 X98.764 Y52.839
G1 F1500 X123.338 Y28.265 E2144.82068
G0 F9000 X123.338 Y27.699
G1 F1500 X98.198 Y52.839 E2146.00319
G0 F9000 X97.633 Y52.839
G1 F1500 X123.338 Y27.133 E2147.21229
G0 F9000 X123.338 Y26.568
G1 F1500 X97.067 Y52.839 E2148.448
G0 F9000 X96.66 Y52.68
G1 F1500 X123.338 Y26.002 E2149.70285
G0 F9000 X123.338 Y25.436
G1 F1500 X96.66 Y52.114 E2150.9577
G0 F9000 X96.66 Y51.548
G1 F1500 X123.338 Y24.871 E2152.21253
G0 F9000 X123.338 Y24.305
G1 F1500 X96.66 Y50.983 E2153.46738
G0 F9000 X96.66 Y50.417
G1 F1500 X123.338 Y23.739 E2154.72223
G0 F9000 X123.338 Y23.174
G1 F1500 X96.66 Y49.851 E2155.97706
G0 F9000 X96.66 Y49.286
G1 F1500 X123.338 Y22.608 E2157.23191
G0 F9000 X123.338 Y22.042
G1 F1500 X96.66 Y48.72 E2158.48676
G0 F9000 X96.66 Y48.154
G1 F1500 X123.338 Y21.476 E2159.74162
G0 F9000 X123.338 Y20.911
G1 F1500 X96.66 Y47.588 E2160.99644
G0 F9000 X96.66 Y47.023
G1 F1500 X123.338 Y20.345 E2162.2513
G0 F9000 X123.338 Y19.779
G1 F1500 X96.66 Y46.457 E2163.50615
G0 F9000 X96.66 Y45.891
G1 F1500 X123.338 Y19.214 E2164.76097
G0 F9000 X123.338 Y18.648
G1 F1500 X96.66 Y45.326 E2166.01583
G0 F9000 X96.66 Y44.76
G1 F1500 X123.338 Y18.082 E2167.27068
G0 F9000 X123.338 Y17.517
G1 F1500 X96.66 Y44.194 E2168.5255
G0 F9000 X96.66 Y43.629
G1 F1500 X123.338 Y16.951 E2169.78036
G0 F9000 X123.338 Y16.385
G1 F1500 X96.66 Y43.063 E2171.03521
G0 F9000 X96.66 Y42.497
G1 F1500 X122.997 Y16.16 E2172.27402
G0 F9000 X122.432 Y16.16
G1 F1500 X96.66 Y41.932 E2173.48626
G0 F9000 X96.66 Y41.366
G1 F1500 X121.866 Y16.16 E2174.67187
G0 F9000 X121.3 Y16.16
G1 F1500 X96.66 Y40.8 E2175.83086
G0 F9000 X96.66 Y40.235
G1 F1500 X120.734 Y16.16 E2176.96325
G0 F9000 X120.169 Y16.16
G1 F1500 X96.66 Y39.669 E2178.06904
G0 F9000 X96.66 Y39.103
G1 F1500 X119.603 Y16.16 E2179.14821
G0 F9000 X119.037 Y16.16
G1 F1500 X96.66 Y38.538 E2180.20078
G0 F9000 X96.66 Y37.972
G1 F1500 X118.472 Y16.16 E2181.22675
G0 F9000 X117.906 Y16.16
G1 F1500 X96.66 Y37.406 E2182.22609
G0 F9000 X96.66 Y36.84
G1 F1500 X117.34 Y16.16 E2183.19882
G0 F9000 X116.775 Y16.16
G1 F1500 X96.66 Y36.275 E2184.14497
G0 F9000 X96.66 Y35.709
G1 F1500 X116.209 Y16.16 E2185.06449
G0 F9000 X115.643 Y16.16
G1 F1500 X96.66 Y35.143 E2185.95739
G0 F9000 X96.66 Y34.578
G1 F1500 X115.078 Y16.16 E2186.82372
G0 F9000 X114.512 Y16.16
G1 F1500 X96.66 Y34.012 E2187.66342
G0 F9000 X96.66 Y33.446
G1 F1500 X113.946 Y16.16 E2188.4765
G0 F9000 X113.381 Y16.16
G1 F1500 X96.66 Y32.881 E2189.26301
G0 F9000 X96.66 Y32.315
G1 F1500 X112.815 Y16.16 E2190.02289
G0 F9000 X112.249 Y16.16
G1 F1500 X96.66 Y31.749 E2190.75615
G0 F9000 X96.66 Y31.184
G1 F1500 X111.683 Y16.16 E2191.46281
G0 F9000 X111.118 Y16.16
G1 F1500 X96.66 Y30.618 E2192.14287
G0 F9000 X96.66 Y30.052
G1 F1500 X110.552 Y16.16 E2192.7963
G0 F9000 X109.986 Y16.16
G1 F1500 X96.66 Y29.487 E2193.42314
G0 F9000 X96.66 Y28.921
G1 F1500 X109.421 Y16.16 E2194.02338
G0 F9000 X108.855 Y16.16
G1 F1500 X96.66 Y28.355 E2194.597
G0 F9000 X96.66 Y27.79
G1 F1500 X108.289 Y16.16 E2195.14401
G0 F9000 X107.724 Y16.16
G1 F1500 X96.66 Y27.224 E2195.66443
G0 F9000 X96.66 Y26.658
G1 F1500 X107.158 Y16.16 E2196.15822
G0 F9000 X106.592 Y16.16
G1 F1500 X96.66 Y26.092 E2196.62539
G0 F9000 X96.66 Y25.527
G1 F1500 X106.027 Y16.16 E2197.06599
G0 F9000 X105.461 Y16.16
G1 F1500 X96.66 Y24.961 E2197.47996
G0 F9000 X96.66 Y24.395
G1 F1500 X104.895 Y16.16 E2197.86731
G0 F9000 X104.33 Y16.16
G1 F1500 X96.66 Y23.83 E2198.22808
G0 F9000 X96.66 Y23.264
G1 F1500 X103.764 Y16.16 E2198.56223
G0 F9000 X103.198 Y16.16
G1 F1500 X96.66 Y22.698 E2198.86976
G0 F9000 X96.66 Y22.133
G1 F1500 X102.633 Y16.16 E2199.15071
G0 F9000 X102.067 Y16.16
G1 F1500 X96.66 Y21.567 E2199.40504
G0 F9000 X96.66 Y21.001
G1 F1500 X101.501 Y16.16 E2199.63275
G0 F9000 X100.935 Y16.16
G1 F1500 X96.66 Y20.436 E2199.83385
G0 F9000 X96.66 Y19.87
G1 F1500 X100.37 Y16.16 E2200.00836
G0 F9000 X99.804 Y16.16
G1 F1500 X96.66 Y19.304 E2200.15624
G0 F9000 X96.66 Y18.739
G1 F1500 X99.238 Y16.16 E2200.27753
G0 F9000 X98.673 Y16.16
G1 F1500 X96.66 Y18.173 E2200.37221
G0 F9000 X96.66 Y17.607
G1 F1500 X98.107 Y16.16 E2200.44028
G0 F9000 X97.541 Y16.16
G1 F1500 X96.66 Y17.041 E2200.48172
G0 F9000 X96.66 Y16.476
G1 F1500 X96.976 Y16.16 E2200.49658
G1 F1500 E2193.99658
;MESH:NONMESH
G0 F300 X96.976 Y16.16 Z29.8
G0 F9000 X96.295 Y15.709
G0 X123.682 Y15.764
G0 X123.754 Y53.254
G0 X123.699 Y53.199
;TIME_ELAPSED:7811.776348
;LAYER:148
;TYPE:WALL-INNER
;MESH:Viga_Rectangular.stl
G1 F1500 E2200.49658
G1 X123.699 Y15.801 E2201.98921
G1 X96.301 Y15.801 E2203.08273
G1 X96.301 Y53.199 E2204.57536
G1 X123.699 Y53.199 E2205.66888
G1 F1500 E2199.16888
G0 F9000 X96.571 Y53.099
G0 X96.083 Y53.6
;TYPE:WALL-OUTER
G1 F1500 E2205.66888
G1 X123.916 Y53.599 E2206.59461
G1 X124.099 Y53.416 E2206.60321
G1 X124.099 Y15.583 E2207.86154
G1 X123.917 Y15.4 E2207.87013
G1 X96.084 Y15.401 E2208.79586
G1 X95.901 Y15.584 E2208.80447
G1 X95.901 Y53.417 E2210.0628
G1 X96.083 Y53.6 E2210.07138
G0 F9000 X96.571 Y53.099
G0 X123.339 Y53.099
G0 X123.339 Y52.839
;TYPE:SKIN
G1 F1500 X96.661 Y52.839 E2210.95869
G1 X96.661 Y16.161 E2212.17861
G1 X123.339 Y16.161 E2213.06592
G1 X123.339 Y52.839 E2214.28584
G0 F9000 X123.339 Y53.099
G0 X97.327 Y53.099
G0 X97.327 Y52.638
G1 F1500 X96.86 Y52.171 E2214.3078
G0 F9000 X96.86 Y51.605
G1 F1500 X97.893 Y52.638 E2214.35639
G0 F9000 X98.458 Y52.638
G1 F1500 X96.86 Y51.039 E2214.43158
G0 F9000 X96.86 Y50.473
G1 F1500 X99.024 Y52.638 E2214.53339
G0 F9000 X99.59 Y52.638
G1 F1500 X96.86 Y49.908 E2214.6618
G0 F9000 X96.86 Y49.342
G1 F1500 X100.156 Y52.638 E2214.81684
G0 F9000 X100.721 Y52.638
G1 F1500 X96.86 Y48.776 E2214.99847
G0 F9000 X96.86 Y48.211
G1 F1500 X101.287 Y52.638 E2215.2067
G0 F9000 X101.853 Y52.638
G1 F1500 X96.86 Y47.645 E2215.44156
G0 F9000 X96.86 Y47.079
G1 F1500 X102.418 Y52.638 E2215.70301
G0 F9000 X102.984 Y52.638
G1 F1500 X96.86 Y46.514 E2215.99107
G0 F9000 X96.86 Y45.948
G1 F1500 X103.55 Y52.638 E2216.30575
G0 F9000 X104.115 Y52.638
G1 F1500 X96.86 Y45.382 E2216.64702
G0 F9000 X96.86 Y44.817
G1 F1500 X104.681 Y52.638 E2217.0149
G0 F9000 X105.247 Y52.638
G1 F1500 X96.86 Y44.251 E2217.4094
G0 F9000 X96.86 Y43.685
G1 F1500 X105.812 Y52.638 E2217.8305
G0 F9000 X106.378 Y52.638
G1 F1500 X96.86 Y43.12 E2218.27819
G0 F9000 X96.86 Y42.554
G1 F1500 X106.944 Y52.638 E2218.75251
G0 F9000 X107.509 Y52.638
G1 F1500 X96.86 Y41.988 E2219.25343
G0 F9000 X96.86 Y41.423
G1 F1500 X108.075 Y52.638 E2219.78095
G0 F9000 X108.641 Y52.638
G1 F1500 X96.86 Y40.857 E2220.33509
G0 F9000 X96.86 Y40.291
G1 F1500 X109.206 Y52.638 E2220.91584
G0 F9000 X109.772 Y52.638
G1 F1500 X96.86 Y39.725 E2221.5232
G0 F9000 X96.86 Y39.16
G1 F1500 X110.338 Y52.638 E2222.15716
G0 F9000 X110.904 Y52.638
G1 F1500 X96.86 Y38.594 E2222.81775
G0 F9000 X96.86 Y38.028
G1 F1500 X111.469 Y52.638 E2223.50494
G0 F9000 X112.035 Y52.638
G1 F1500 X96.86 Y37.463 E2224.21872
G0 F9000 X96.86 Y36.897
G1 F1500 X112.601 Y52.638 E2224.95913
G0 F9000 X113.166 Y52.638
G1 F1500 X96.86 Y36.331 E2225.72614
G0 F9000 X96.86 Y35.766
G1 F1500 X113.732 Y52.638 E2226.51975
G0 F9000 X114.298 Y52.638
G1 F1500 X96.86 Y35.2 E2227.33998
G0 F9000 X96.86 Y34.634
G1 F1500 X114.863 Y52.638 E2228.1868
G0 F9000 X115.429 Y52.638
G1 F1500 X96.86 Y34.069 E2229.06023
G0 F9000 X96.86 Y33.503
G1 F1500 X115.995 Y52.638 E2229.96029
G0 F9000 X116.56 Y52.638
G1 F1500 X96.86 Y32.937 E2230.88694
G0 F9000 X96.86 Y32.372
G1 F1500 X117.126 Y52.638 E2231.84019
G0 F9000 X117.692 Y52.638
G1 F1500 X96.86 Y31.806 E2232.82006
G0 F9000 X96.86 Y31.24
G1 F1500 X118.257 Y52.638 E2233.82653
G0 F9000 X118.823 Y52.638
G1 F1500 X96.86 Y30.674 E2234.85963
G0 F9000 X96.86 Y30.109
G1 F1500 X119.389 Y52.638 E2235.91932
G0 F9000 X119.955 Y52.638
G1 F1500 X96.86 Y29.543 E2237.00564
G0 F9000 X96.86 Y28.977
G1 F1500 X120.52 Y52.638 E2238.11856
G0 F9000 X121.086 Y52.638
G1 F1500 X96.86 Y28.412 E2239.25808
G0 F9000 X96.86 Y27.846
G1 F1500 X121.652 Y52.638 E2240.42422
G0 F9000 X122.217 Y52.638
G1 F1500 X96.86 Y27.28 E2241.61695
G0 F9000 X96.86 Y26.715
G1 F1500 X122.783 Y52.638 E2242.83629
G0 F9000 X123.138 Y52.427
G1 F1500 X96.86 Y26.149 E2244.07233
G0 F9000 X96.86 Y25.583
G1 F1500 X123.138 Y51.862 E2245.30839
G0 F9000 X123.138 Y51.296
G1 F1500 X96.86 Y25.018 E2246.54443
G0 F9000 X96.86 Y24.452
G1 F1500 X123.138 Y50.73 E2247.78046
G0 F9000 X123.138 Y50.164
G1 F1500 X96.86 Y23.886 E2249.0165
G0 F9000 X96.86 Y23.321
G1 F1500 X123.138 Y49.599 E2250.25254
G0 F9000 X123.138 Y49.033
G1 F1500 X96.86 Y22.755 E2251.48857
G0 F9000 X96.86 Y22.189
G1 F1500 X123.138 Y48.467 E2252.72461
G0 F9000 X123.138 Y47.902
G1 F1500 X96.86 Y21.624 E2253.96065
G0 F9000 X96.86 Y21.058
G1 F1500 X123.138 Y47.336 E2255.19668
G0 F9000 X123.138 Y46.77
G1 F1500 X96.86 Y20.492 E2256.43272
G0 F9000 X96.86 Y19.926
G1 F1500 X123.138 Y46.205 E2257.66878
G0 F9000 X123.138 Y45.639
G1 F1500 X96.86 Y19.361 E2258.90482
G0 F9000 X96.86 Y18.795
G1 F1500 X123.138 Y45.073 E2260.14085
G0 F9000 X123.138 Y44.508
G1 F1500 X96.86 Y18.229 E2261.37691
G0 F9000 X96.86 Y17.664
G1 F1500 X123.138 Y43.942 E2262.61295
G0 F9000 X123.138 Y43.376
G1 F1500 X96.86 Y17.098 E2263.84899
G0 F9000 X96.86 Y16.532
G1 F1500 X123.138 Y42.811 E2265.08505
G0 F9000 X123.138 Y42.245
G1 F1500 X97.254 Y16.361 E2266.30255
G0 F9000 X97.819 Y16.361
G1 F1500 X123.138 Y41.679 E2267.49345
G0 F9000 X123.138 Y41.114
G1 F1500 X98.385 Y16.361 E2268.65776
G0 F9000 X98.951 Y16.361
G1 F1500 X123.138 Y40.548 E2269.79544
G0 F9000 X123.138 Y39.982
G1 F1500 X99.516 Y16.361 E2270.90652
G0 F9000 X100.082 Y16.361
G1 F1500 X123.138 Y39.416 E2271.99098
G0 F9000 X123.138 Y38.851
G1 F1500 X100.648 Y16.361 E2273.04885
G0 F9000 X101.213 Y16.361
G1 F1500 X123.138 Y38.285 E2274.08011
G0 F9000 X123.138 Y37.719
G1 F1500 X101.779 Y16.361 E2275.08474
G0 F9000 X102.345 Y16.361
G1 F1500 X123.138 Y37.154 E2276.06278
G0 F9000 X123.138 Y36.588
G1 F1500 X102.91 Y16.361 E2277.01422
G0 F9000 X103.476 Y16.361
G1 F1500 X123.138 Y36.022 E2277.93904
G0 F9000 X123.138 Y35.457
G1 F1500 X104.042 Y16.361 E2278.83726
G0 F9000 X104.607 Y16.361
G1 F1500 X123.138 Y34.891 E2279.70888
G0 F9000 X123.138 Y34.325
G1 F1500 X105.173 Y16.361 E2280.55387
G0 F9000 X105.739 Y16.361
G1 F1500 X123.138 Y33.76 E2281.37227
G0 F9000 X123.138 Y33.194
G1 F1500 X106.305 Y16.361 E2282.16404
G0 F9000 X106.87 Y16.361
G1 F1500 X123.138 Y32.628 E2282.92921
G0 F9000 X123.138 Y32.063
G1 F1500 X107.436 Y16.361 E2283.66779
G0 F9000 X108.002 Y16.361
G1 F1500 X123.138 Y31.497 E2284.37974
G0 F9000 X123.138 Y30.931
G1 F1500 X108.567 Y16.361 E2285.06509
G0 F9000 X109.133 Y16.361
G1 F1500 X123.138 Y30.365 E2285.72382
G0 F9000 X123.138 Y29.8
G1 F1500 X109.699 Y16.361 E2286.35595
G0 F9000 X110.264 Y16.361
G1 F1500 X123.138 Y29.234 E2286.96148
G0 F9000 X123.138 Y28.668
G1 F1500 X110.83 Y16.361 E2287.54038
G0 F9000 X111.396 Y16.361
G1 F1500 X123.138 Y28.103 E2288.09269
G0 F9000 X123.138 Y27.537
G1 F1500 X111.961 Y16.361 E2288.6184
G0 F9000 X112.527 Y16.361
G1 F1500 X123.138 Y26.971 E2289.11749
G0 F9000 X123.138 Y26.406
G1 F1500 X113.093 Y16.361 E2289.58997
G0 F9000 X113.658 Y16.361
G1 F1500 X123.138 Y25.84 E2290.03586
G0 F9000 X123.138 Y25.274
G1 F1500 X114.224 Y16.361 E2290.45512
G0 F9000 X114.79 Y16.361
G1 F1500 X123.138 Y24.709 E2290.84779
G0 F9000 X123.138 Y24.143
G1 F1500 X115.355 Y16.361 E2291.21385
G0 F9000 X115.921 Y16.361
G1 F1500 X123.138 Y23.577 E2291.55329
G0 F9000 X123.138 Y23.012
G1 F1500 X116.487 Y16.361 E2291.86614
G0 F9000 X117.053 Y16.361
G1 F1500 X123.138 Y22.446 E2292.15236
G0 F9000 X123.138 Y21.88
G1 F1500 X117.618 Y16.361 E2292.41198
G0 F9000 X118.184 Y16.361
G1 F1500 X123.138 Y21.315 E2292.645
G0 F9000 X123.138 Y20.749
G1 F1500 X118.75 Y16.361 E2292.85139
G0 F9000 X119.315 Y16.361
G1 F1500 X123.138 Y20.183 E2293.03119
G0 F9000 X123.138 Y19.617
G1 F1500 X119.881 Y16.361 E2293.18437
G0 F9000 X120.447 Y16.361
G1 F1500 X123.138 Y19.052 E2293.31095
G0 F9000 X123.138 Y18.486
G1 F1500 X121.012 Y16.361 E2293.41092
G0 F9000 X121.578 Y16.361
G1 F1500 X123.138 Y17.92 E2293.48428
G0 F9000 X123.138 Y17.355
G1 F1500 X122.144 Y16.361 E2293.53103
G0 F9000 X122.709 Y16.361
G1 F1500 X123.138 Y16.789 E2293.55119
G1 F1500 E2287.05119
;MESH:NONMESH
G0 F300 X123.138 Y16.789 Z30
G0 F9000 X123.138 Y15.901
G0 X123.527 Y15.973
G0 X123.569 Y53.069
G0 X123.499 Y52.999
;TIME_ELAPSED:7935.101413
;LAYER:149
;TYPE:WALL-INNER
;MESH:Viga_Rectangular.stl
G1 F1500 E2293.55119
G1 X123.499 Y16.001 E2295.02786
G1 X96.501 Y16.001 E2296.10541
G1 X96.501 Y52.999 E2297.58208
G1 X123.499 Y52.999 E2298.65962
G0 F9000 X123.899 Y53.399
;TYPE:WALL-OUTER
G1 F1500 X123.899 Y15.601 E2299.91679
G1 X96.101 Y15.601 E2300.84136
G1 X96.101 Y53.399 E2302.09852
G1 X123.899 Y53.399 E2303.02309
G0 F9000 X123.629 Y53.129
G0 X123.139 Y52.899
G0 X123.139 Y52.639
;TYPE:SKIN
G1 F1500 X96.861 Y52.639 E2303.8971
G1 X96.861 Y16.361 E2305.10371
G1 X123.139 Y16.361 E2305.97772
G1 X123.139 Y52.639 E2307.18433
G0 F9000 X122.938 Y51.858
G1 F1500 X122.357 Y52.439 E2307.21166
G0 F9000 X121.792 Y52.439
G1 F1500 X122.938 Y51.292 E2307.26559
G0 F9000 X122.938 Y50.727
G1 F1500 X121.226 Y52.439 E2307.34611
G0 F9000 X120.66 Y52.439
G1 F1500 X122.938 Y50.161 E2307.45326
G0 F9000 X122.938 Y49.595
G1 F1500 X120.095 Y52.439 E2307.58701
G0 F9000 X119.529 Y52.439
G1 F1500 X122.938 Y49.03 E2307.74736
G0 F9000 X122.938 Y48.464
G1 F1500 X118.963 Y52.439 E2307.93433
G0 F9000 X118.397 Y52.439
G1 F1500 X122.938 Y47.898 E2308.14793
G0 F9000 X122.938 Y47.333
G1 F1500 X117.832 Y52.439 E2308.3881
G0 F9000 X117.266 Y52.439
G1 F1500 X122.938 Y46.767 E2308.65489
G0 F9000 X122.938 Y46.201
G1 F1500 X116.7 Y52.439 E2308.94831
G0 F9000 X116.135 Y52.439
G1 F1500 X122.938 Y45.635 E2309.26832
G0 F9000 X122.938 Y45.07
G1 F1500 X115.569 Y52.439 E2309.61494
G0 F9000 X115.003 Y52.439
G1 F1500 X122.938 Y44.504 E2309.98818
G0 F9000 X122.938 Y43.938
G1 F1500 X114.438 Y52.439 E2310.38802
G0 F9000 X113.872 Y52.439
G1 F1500 X122.938 Y43.373 E2310.81445
G0 F9000 X122.938 Y42.807
G1 F1500 X113.306 Y52.439 E2311.26751
G0 F9000 X112.741 Y52.439
G1 F1500 X122.938 Y42.241 E2311.74717
G0 F9000 X122.938 Y41.676
G1 F1500 X112.175 Y52.439 E2312.25343
G0 F9000 X111.609 Y52.439
G1 F1500 X122.938 Y41.11 E2312.78631
G0 F9000 X122.938 Y40.544
G1 F1500 X111.044 Y52.439 E2313.34579
G0 F9000 X110.478 Y52.439
G1 F1500 X122.938 Y39.979 E2313.93187
G0 F9000 X122.938 Y39.413
G1 F1500 X109.912 Y52.439 E2314.54457
G0 F9000 X109.346 Y52.439
G1 F1500 X122.938 Y38.847 E2315.1839
G0 F9000 X122.938 Y38.282
G1 F1500 X108.781 Y52.439 E2315.8498
G0 F9000 X108.215 Y52.439
G1 F1500 X122.938 Y37.716 E2316.54233
G0 F9000 X122.938 Y37.15
G1 F1500 X107.649 Y52.439 E2317.26148
G0 F9000 X107.084 Y52.439
G1 F1500 X122.938 Y36.584 E2318.00722
G0 F9000 X122.938 Y36.019
G1 F1500 X106.518 Y52.439 E2318.77957
G0 F9000 X105.952 Y52.439
G1 F1500 X122.938 Y35.453 E2319.57854
G0 F9000 X122.938 Y34.887
G1 F1500 X105.387 Y52.439 E2320.40411
G0 F9000 X104.821 Y52.439
G1 F1500 X122.938 Y34.322 E2321.25628
G0 F9000 X122.938 Y33.756
G1 F1500 X104.255 Y52.439 E2322.13507
G0 F9000 X103.69 Y52.439
G1 F1500 X122.938 Y33.19 E2323.04046
G0 F9000 X122.938 Y32.625
G1 F1500 X103.124 Y52.439 E2323.97245
G0 F9000 X102.558 Y52.439
G1 F1500 X122.938 Y32.059 E2324.93106
G0 F9000 X122.938 Y31.493
G1 F1500 X101.993 Y52.439 E2325.91627
G0 F9000 X101.427 Y52.439
G1 F1500 X122.938 Y30.928 E2326.92808
G0 F9000 X122.938 Y30.362
G1 F1500 X100.861 Y52.439 E2327.96652
G0 F9000 X100.296 Y52.439
G1 F1500 X122.938 Y29.796 E2329.03155
G0 F9000 X122.938 Y29.231
G1 F1500 X99.73 Y52.439 E2330.12318
G0 F9000 X99.164 Y52.439
G1 F1500 X122.938 Y28.665 E2331.24144
G0 F9000 X122.938 Y28.099
G1 F1500 X98.598 Y52.439 E2332.38632
G0 F9000 X98.033 Y52.439
G1 F1500 X122.938 Y27.534 E2333.55777
G0 F9000 X122.938 Y26.968
G1 F1500 X97.467 Y52.439 E2334.75585
G0 F9000 X97.06 Y52.28
G1 F1500 X122.938 Y26.402 E2335.97307
G0 F9000 X122.938 Y25.836
G1 F1500 X97.06 Y51.714 E2337.1903
G0 F9000 X97.06 Y51.149
G1 F1500 X122.938 Y25.271 E2338.40752
G0 F9000 X122.938 Y24.705
G1 F1500 X97.06 Y50.583 E2339.62474
G0 F9000 X97.06 Y50.017
G1 F1500 X122.938 Y24.139 E2340.84196
G0 F9000 X122.938 Y23.574
G1 F1500 X97.06 Y49.452 E2342.05918
G0 F9000 X97.06 Y48.886
G1 F1500 X122.938 Y23.008 E2343.2764
G0 F9000 X122.938 Y22.442
G1 F1500 X97.06 Y48.32 E2344.49363
G0 F9000 X97.06 Y47.755
G1 F1500 X122.938 Y21.877 E2345.71085
G0 F9000 X122.938 Y21.311
G1 F1500 X97.06 Y47.189 E2346.92807
G0 F9000 X97.06 Y46.623
G1 F1500 X122.938 Y20.745 E2348.14529
G0 F9000 X122.938 Y20.18
G1 F1500 X97.06 Y46.058 E2349.36251
G0 F9000 X97.06 Y45.492
G1 F1500 X122.938 Y19.614 E2350.57973
G0 F9000 X122.938 Y19.048
G1 F1500 X97.06 Y44.926 E2351.79696
G0 F9000 X97.06 Y44.361
G1 F1500 X122.938 Y18.483 E2353.01418
G0 F9000 X122.938 Y17.917
G1 F1500 X97.06 Y43.795 E2354.2314
G0 F9000 X97.06 Y43.229
G1 F1500 X122.938 Y17.351 E2355.44862
G0 F9000 X122.938 Y16.786
G1 F1500 X97.06 Y42.663 E2356.66582
G0 F9000 X97.06 Y42.098
G1 F1500 X122.598 Y16.56 E2357.86705
G0 F9000 X122.032 Y16.56
G1 F1500 X97.06 Y41.532 E2359.04166
G0 F9000 X97.06 Y40.966
G1 F1500 X121.466 Y16.56 E2360.18964
G0 F9000 X120.901 Y16.56
G1 F1500 X97.06 Y40.401 E2361.31105
G0 F9000 X97.06 Y39.835
G1 F1500 X120.335 Y16.56 E2362.40583
G0 F9000 X119.769 Y16.56
G1 F1500 X97.06 Y39.269 E2363.47399
G0 F9000 X97.06 Y38.704
G1 F1500 X119.204 Y16.56 E2364.51558
G0 F9000 X118.638 Y16.56
G1 F1500 X97.06 Y38.138 E2365.53054
G0 F9000 X97.06 Y37.572
G1 F1500 X118.072 Y16.56 E2366.51888
G0 F9000 X117.507 Y16.56
G1 F1500 X97.06 Y37.007 E2367.48065
G0 F9000 X97.06 Y36.441
G1 F1500 X116.941 Y16.56 E2368.41579
G0 F9000 X116.375 Y16.56
G1 F1500 X97.06 Y35.875 E2369.32431
G0 F9000 X97.06 Y35.31
G1 F1500 X115.809 Y16.56 E2370.20622
G0 F9000 X115.244 Y16.56
G1 F1500 X97.06 Y34.744 E2371.06154
G0 F9000 X97.06 Y34.178
G1 F1500 X114.678 Y16.56 E2371.89024
G0 F9000 X114.112 Y16.56
G1 F1500 X97.06 Y33.613 E2372.69234
G0 F9000 X97.06 Y33.047
G1 F1500 X113.547 Y16.56 E2373.46784
G0 F9000 X112.981 Y16.56
G1 F1500 X97.06 Y32.481 E2374.21671
G0 F9000 X97.06 Y31.915
G1 F1500 X112.415 Y16.56 E2374.93896
G0 F9000 X111.85 Y16.56
G1 F1500 X97.06 Y31.35 E2375.63464
G0 F9000 X97.06 Y30.784
G1 F1500 X111.284 Y16.56 E2376.30369
G0 F9000 X110.718 Y16.56
G1 F1500 X97.06 Y30.218 E2376.94612
G0 F9000 X97.06 Y29.653
G1 F1500 X110.153 Y16.56 E2377.56198
G0 F9000 X109.587 Y16.56
G1 F1500 X97.06 Y29.087 E2378.15121
G0 F9000 X97.06 Y28.521
G1 F1500 X109.021 Y16.56 E2378.71382
G0 F9000 X108.456 Y16.56
G1 F1500 X97.06 Y27.956 E2379.24985
G0 F9000 X97.06 Y27.39
G1 F1500 X107.89 Y16.56 E2379.75926
G0 F9000 X107.324 Y16.56
G1 F1500 X97.06 Y26.824 E2380.24205
G0 F9000 X97.06 Y26.259
G1 F1500 X106.758 Y16.56 E2380.69824
G0 F9000 X106.193 Y16.56
G1 F1500 X97.06 Y25.693 E2381.12782
G0 F9000 X97.06 Y25.127
G1 F1500 X105.627 Y16.56 E2381.53079
G0 F9000 X105.061 Y16.56
G1 F1500 X97.06 Y24.562 E2381.90716
G0 F9000 X97.06 Y23.996
G1 F1500 X104.496 Y16.56 E2382.25692
G0 F9000 X103.93 Y16.56
G1 F1500 X97.06 Y23.43 E2382.58007
G0 F9000 X97.06 Y22.865
G1 F1500 X103.364 Y16.56 E2382.87661
G0 F9000 X102.799 Y16.56
G1 F1500 X97.06 Y22.299 E2383.14656
G0 F9000 X97.06 Y21.733
G1 F1500 X102.233 Y16.56 E2383.38988
G0 F9000 X101.667 Y16.56
G1 F1500 X97.06 Y21.167 E2383.60658
G0 F9000 X97.06 Y20.602
G1 F1500 X101.102 Y16.56 E2383.7967
G0 F9000 X100.536 Y16.56
G1 F1500 X97.06 Y20.036 E2383.9602
G0 F9000 X97.06 Y19.47
G1 F1500 X99.97 Y16.56 E2384.09708
G0 F9000 X99.405 Y16.56
G1 F1500 X97.06 Y18.905 E2384.20738
G0 F9000 X97.06 Y18.339
G1 F1500 X98.839 Y16.56 E2384.29106
G0 F9000 X98.273 Y16.56
G1 F1500 X97.06 Y17.773 E2384.34811
G0 F9000 X97.06 Y17.208
G1 F1500 X97.708 Y16.56 E2384.37859
G0 F9000 X97.142 Y16.56
G1 F1500 X97.06 Y16.642 E2384.38245
;TIME_ELAPSED:8052.842109
G1 F1500 E2377.88245
M107
G91 ;Relative positioning
G1 E-2 F2700 ;Retract a bit
G1 E-2 Z0.2 F2400 ;Retract and raise Z
G1 X5 Y5 F3000 ;Wipe out
G1 Z10 ;Raise Z more
G90 ;Absolute positioning

G1 X0 Y220 ;Present print
M106 S0 ;Turn-off fan
M104 S0 ;Turn-off hotend
M140 S0 ;Turn-off bed

M84 X Y E ;Disable all steppers but Z

M82 ;absolute extrusion mode
M104 S0
;End of Gcode
;SETTING_3 {"global_quality": "[general]\\nversion = 4\\nname = VIGAS\\ndefiniti
;SETTING_3 on = creality_ender3pro\\n\\n[metadata]\\ntype = quality_changes\\nqu
;SETTING_3 ality_type = standard\\nsetting_version = 22\\n\\n[values]\\nsupport_
;SETTING_3 enable = True\\n\\n", "extruder_quality": ["[general]\\nversion = 4\\
;SETTING_3 nname = VIGAS\\ndefinition = creality_ender3pro\\n\\n[metadata]\\ntyp
;SETTING_3 e = quality_changes\\nquality_type = standard\\nintent_category = def
;SETTING_3 ault\\nposition = 0\\nsetting_version = 22\\n\\n[values]\\nsupport_in
;SETTING_3 fill_angles = [90,0]\\nsupport_infill_rate = 10.0\\nsupport_interface
;SETTING_3 _density = 50\\nsupport_offset = 2\\nwall_x_material_flow = 120.0\\n\
;SETTING_3 \n"]}
